state,county,source_id,harvester,inventory_type,source_authority,canonical_url,document_url,purchase_url,purchase_url_kind,access_method,machine_format,verification_status,governance_status,last_checked,completeness_status,evidence_ref,notes,publishing_unit,publishing_unit_name,amount_kind,update_frequency,source_terminology,ledgers,publication_status,restrictions,purchase_path_mode,purchase_path_evidence
AL,STATEWIDE,al_ador_state_land,,STATE_HELD_TAX_LAND,GOVERNMENT_DIRECT,https://www.revenue.alabama.gov/property-tax/delinquent-search/,,https://www.revenue.alabama.gov/property-tax/tax-delinquent-property-and-land-sales/,purchase_instructions,HTTP_GET_HTML,PORTAL,SEARCH_EVIDENCE_ONLY,TERMS_NOT_VERIFIED,2026-09-30,UNKNOWN,"WEB SEARCH 2026-09-30 (revenue.alabama.gov page titles, URLs, query strings, snippets - harvesters/otc/adapters/alabama.py ADOR_EVIDENCE); MASTER LAFT/OTC/STRUCK-OFF AUDIT 2026-09-29","State-held tax-delinquent land ('tax delinquent properties currently in State inventory') sold by ADOR Property Tax Division. canonical_url = the 'Tax Delinquent Properties for Sale Search' page (county / CS Number / Parcel Number / assessed-name search); purchase_url = the 'Tax Delinquent Property and Land Sales' process page (application for purchase; price quoted on application) - an instructions page, never a property link. Per-property application links are the CS Number links on the results page (read from the page by the adapter, never constructed). Transcript document URL/format unknown (document_url blank). Nothing fetched from this repository; search-index evidence only; not activated.",STATE,"Alabama Department of Revenue, Property Tax Division (State Land Commissioner)",QUOTED_ON_APPLICATION,"weekly (the Land Sales page says county transcripts are 'updated weekly', per the search index 2026-09-30; not read directly)",tax delinquent properties currently in State inventory; county transcript; CS Number; Application for Purchase of Land Sold to State of Alabama for Delinquent Taxes; price quote (search-index wording),AVAILABLE,UNREVIEWED,,online_instructions,
AR,STATEWIDE,ar_cosl_post_auction,,POST_SALE,GOVERNMENT_DIRECT,https://cosl.org/Home/PostAuctionView,,https://cosl.org/Home/Buyers,purchase_instructions,HTTP_GET_HTML,UNKNOWN,SEARCH_EVIDENCE_ONLY,TERMS_NOT_VERIFIED,2026-09-30,UNKNOWN,"WEB SEARCH 2026-09-30 (cosl.org page titles, URLs, query string, snippets - harvesters/otc/adapters/arkansas.py COSL_EVIDENCE); MASTER LAFT/OTC/STRUCK-OFF AUDIT 2026-09-29","Commissioner of State Lands 'Post Auction Sales List': parcels certified to the State that did not sell at the initial public auction, offered per county (canonical_url + ?county=<NAME>; one value observed) 30 days after the offering; the tax due is the minimum bid; bids are placed through the State's own online auction (auction.cosl.org - not a per-parcel link, not recorded as purchase_url); purchase_url = the State's buyer-instructions page. 10-business-day redemption after the post auction sale. Nothing fetched from this repository; search-index evidence only; not activated.",STATE,Arkansas Commissioner of State Lands,OPENING_BID,daily (reported by the 2026-09-29 audit; not corroborated by the 2026-09-30 search; not read directly),Post Auction Sales List; parcels certified to the Commissioner of State Lands; tax due = minimum bid; online auction (auction.cosl.org); 10-business-day redemption after the post auction sale date (search-index wording),AVAILABLE,UNREVIEWED,,online_instructions,
AZ,Maricopa,az_maricopa_state_cp,,,GOVERNMENT_DIRECT,https://treasurer.maricopa.gov/TaxAssignment/statecpdata,https://soa.treasurer.maricopa.gov/TaxAssignment/State_CP/state-cp-data.csv,https://treasurer.maricopa.gov/TaxAssignment/index,purchase_instructions,HTTP_GET_HTML,CSV,SEARCH_EVIDENCE_ONLY,TERMS_NOT_VERIFIED,2026-09-30,UNKNOWN,"WEB SEARCH 2026-09-30 (treasurer.maricopa.gov page titles, URLs, snippets - harvesters/otc/adapters/arizona.py MARICOPA_EVIDENCE); MASTER LAFT/OTC/STRUCK-OFF AUDIT 2026-09-29","Maricopa County Treasurer 'Current State CP Listing': tax-lien certificates of purchase struck to the State, sold by assignment (Assignments Purchase Form; by mail from 2026-03-02 per the index). canonical_url = the download page; document_url = its CSV; purchase_url = the Treasurer's Tax Assignment page (instructions, never a per-lien link). The CSV's columns, the CP number and parcel formats and what the amount column is have NOT been read. Nothing fetched from this repository; search-index evidence only; not activated. Arizona's tax-deeded land (an AVAILABLE source) is not represented - nothing located.",COUNTY,Maricopa County Treasurer,PUBLISHED_AMOUNT_KIND_UNSPECIFIED,not established,State CP; certificate of purchase; assignment; Assignments Purchase Form; Current State CP Listing (search-index wording),LIENS_CERTIFICATES,UNREVIEWED,,online_instructions,
FL,Alachua,fl_laft_realtdm,harvest_laft_realtdm.py,POST_SALE_FIXED_PRICE,GOVERNMENT_PLATFORM,https://alachua.realtdm.com/public/cases/list,,,,HTTP_POST_FORM,HTML_CARDS,PRODUCTION_VERIFIED,APPROVED_GRANDFATHERED,2026-09-29,COMPLETE,data/laft_realtdm_counties.csv,realTDM case-management portal (RealAuction family) contracted by the Clerk; vendor domain,COUNTY,,,,,AVAILABLE,APPROVED_GRANDFATHERED,,,
FL,Alachua,fl_lienhub_certificates,harvest_lienhub_certificates.ps1,,VENDOR_AUCTION,https://lienhub.com/county/alachua/countyheld/certificates,,,,JSON_ENDPOINT,JSON,PRODUCTION_VERIFIED,APPROVED_GRANDFATHERED,2026-09-30,UNKNOWN,data/florida_certificate_sale_platforms.csv; harvesters/governance/registry.py fl_lienhub_certificates,"LienHub county-held tax certificates (the certificate itself, never the parcel): DataTables JSON endpoint behind the county-held certificates page; certificate number, account, purchase amount, expiration, interest rate.",COUNTY,,,,,LIENS_CERTIFICATES,APPROVED_GRANDFATHERED,,,
FL,Alachua,fl_realauction,harvest_all_counties.ps1,,VENDOR_AUCTION,https://alachua.realtaxdeed.com/index.cfm?zaction=USER&zmethod=CALENDAR,,,,HTTP_GET_HTML,HTML_TABLE,PRODUCTION_VERIFIED,APPROVED_GRANDFATHERED,2026-09-30,UNKNOWN,data/realauction_counties.csv; harvesters/governance/registry.py fl_realauction,"RealAuction / RealForeclose / RealTaxDeed tax-deed sale calendar contracted by the Clerk; per-sale auction pages carry the case, bid, parcel and the county appraiser deep-link.",COUNTY,,,,,AUCTIONS,APPROVED_GRANDFATHERED,,,
FL,Baker,,,,,,,,,NONE,NONE,NOT_FOUND_AFTER_SEARCH,NOT_APPLICABLE,2026-09-29,UNKNOWN,MASTER LAFT/OTC/STRUCK-OFF AUDIT 2026-09-29 s5,No government LAFT source found after one search query; manual check needed.,COUNTY,,,,,,UNREVIEWED,,,
FL,Baker,fl_realauction,harvest_all_counties.ps1,,VENDOR_AUCTION,https://baker.realtaxdeed.com/index.cfm?zaction=USER&zmethod=CALENDAR,,,,HTTP_GET_HTML,HTML_TABLE,PRODUCTION_VERIFIED,APPROVED_GRANDFATHERED,2026-09-30,UNKNOWN,data/realauction_counties.csv; harvesters/governance/registry.py fl_realauction,"RealAuction / RealForeclose / RealTaxDeed tax-deed sale calendar contracted by the Clerk; per-sale auction pages carry the case, bid, parcel and the county appraiser deep-link.",COUNTY,,,,,AUCTIONS,APPROVED_GRANDFATHERED,,,
FL,Bay,fl_laft_pioneer,harvest_laft_pioneer.py,POST_SALE_FIXED_PRICE,GOVERNMENT_PLATFORM,https://records2.baycoclerk.com/TaxDeed,,,,JSON_ENDPOINT,JSON,PRODUCTION_VERIFIED,APPROVED_GRANDFATHERED,2026-09-29,COMPLETE,data/laft_pioneer_counties.csv,Pioneer Technology Group TaxSmartWeb portal contracted by the Clerk; GridSearchData JSON,COUNTY,,,,,AVAILABLE,APPROVED_GRANDFATHERED,,,
FL,Bay,fl_lienhub_certificates,harvest_lienhub_certificates.ps1,,VENDOR_AUCTION,https://lienhub.com/county/bay/countyheld/certificates,,,,JSON_ENDPOINT,JSON,PRODUCTION_VERIFIED,APPROVED_GRANDFATHERED,2026-09-30,UNKNOWN,data/florida_certificate_sale_platforms.csv; harvesters/governance/registry.py fl_lienhub_certificates,"LienHub county-held tax certificates (the certificate itself, never the parcel): DataTables JSON endpoint behind the county-held certificates page; certificate number, account, purchase amount, expiration, interest rate.",COUNTY,,,,,LIENS_CERTIFICATES,APPROVED_GRANDFATHERED,,,
FL,Bay,fl_realauction,harvest_all_counties.ps1,,VENDOR_AUCTION,https://bay.realtaxdeed.com/index.cfm?zaction=USER&zmethod=CALENDAR,,,,HTTP_GET_HTML,HTML_TABLE,PRODUCTION_VERIFIED,APPROVED_GRANDFATHERED,2026-09-30,UNKNOWN,data/realauction_counties.csv; harvesters/governance/registry.py fl_realauction,"RealAuction / RealForeclose / RealTaxDeed tax-deed sale calendar contracted by the Clerk; per-sale auction pages carry the case, bid, parcel and the county appraiser deep-link.",COUNTY,,,,,AUCTIONS,APPROVED_GRANDFATHERED,,,
FL,Bradford,fl_laft_pdfs,harvest_laft_pdfs.py,POST_SALE_FIXED_PRICE,GOVERNMENT_DIRECT,https://bradfordclerk.com/tax-deeds-and-foreclosure-sales/,https://bradfordclerk.com/wp-content/uploads/Lands-Available-for-Taxes.pdf,,,HTTP_GET_PDF,PDF,PRODUCTION_VERIFIED,APPROVED_GRANDFATHERED,2026-09-29,UNKNOWN,data/laft_pdf_sources.csv,Clerk PDF,COUNTY,,,,,AVAILABLE,APPROVED_GRANDFATHERED,,,
FL,Brevard,fl_laft_pdfs,harvest_laft_pdfs.py,POST_SALE_FIXED_PRICE,GOVERNMENT_DIRECT,https://www.brevardclerk.us/lands-available,https://www.brevardclerk.us/_cache/files/7/b/7b8e6515-1af7-4968-977f-cc32647e2257/A61EE6220F52FD754C0693E0343635FF.lola.pdf,,,HTTP_GET_PDF,PDF,PRODUCTION_VERIFIED,APPROVED_GRANDFATHERED,2026-09-29,UNKNOWN,data/laft_pdf_sources.csv,Clerk PDF,COUNTY,,,,,AVAILABLE,APPROVED_GRANDFATHERED,,,
FL,Brevard,fl_lienhub_certificates,harvest_lienhub_certificates.ps1,,VENDOR_AUCTION,https://lienhub.com/county/brevard/countyheld/certificates,,,,JSON_ENDPOINT,JSON,PRODUCTION_VERIFIED,APPROVED_GRANDFATHERED,2026-09-30,UNKNOWN,data/florida_certificate_sale_platforms.csv; harvesters/governance/registry.py fl_lienhub_certificates,"LienHub county-held tax certificates (the certificate itself, never the parcel): DataTables JSON endpoint behind the county-held certificates page; certificate number, account, purchase amount, expiration, interest rate.",COUNTY,,,,,LIENS_CERTIFICATES,APPROVED_GRANDFATHERED,,,
FL,Brevard,fl_realauction,harvest_all_counties.ps1,,VENDOR_AUCTION,https://brevard.realforeclose.com/index.cfm?zaction=USER&zmethod=CALENDAR,,,,HTTP_GET_HTML,HTML_TABLE,PRODUCTION_VERIFIED,APPROVED_GRANDFATHERED,2026-09-30,UNKNOWN,data/realauction_counties.csv; harvesters/governance/registry.py fl_realauction,"RealAuction / RealForeclose / RealTaxDeed tax-deed sale calendar contracted by the Clerk; per-sale auction pages carry the case, bid, parcel and the county appraiser deep-link.",COUNTY,,,,,AUCTIONS,APPROVED_GRANDFATHERED,,,
FL,Broward,,,POST_SALE_FIXED_PRICE,GOVERNMENT_DIRECT,https://www.broward.org/RecordsTaxesTreasury/TaxesFees/Pages/LandsAvailableforTaxes.aspx,,,,UNKNOWN,HTML_TABLE,SEARCH_EVIDENCE_ONLY,TERMS_NOT_VERIFIED,2026-09-29,UNKNOWN,MASTER LAFT/OTC/STRUCK-OFF AUDIT 2026-09-29 s5,"County Records, Taxes & Treasury (not the Clerk) LAFT list; SharePoint list page seen in search results only; purchase is offline (quote within 3-5 business days). NOT VERIFIED.",COUNTY,,,,,AVAILABLE,UNREVIEWED,,,
FL,Broward,fl_lienhub_certificates,harvest_lienhub_certificates.ps1,,VENDOR_AUCTION,https://lienhub.com/county/broward/countyheld/certificates,,,,JSON_ENDPOINT,JSON,PRODUCTION_VERIFIED,APPROVED_GRANDFATHERED,2026-09-30,UNKNOWN,data/florida_certificate_sale_platforms.csv; harvesters/governance/registry.py fl_lienhub_certificates,"LienHub county-held tax certificates (the certificate itself, never the parcel): DataTables JSON endpoint behind the county-held certificates page; certificate number, account, purchase amount, expiration, interest rate.",COUNTY,,,,,LIENS_CERTIFICATES,APPROVED_GRANDFATHERED,,,
FL,Broward,fl_realauction,harvest_all_counties.ps1,,VENDOR_AUCTION,https://broward.realtaxdeed.com/index.cfm?zaction=USER&zmethod=CALENDAR,,,,HTTP_GET_HTML,HTML_TABLE,PRODUCTION_VERIFIED,APPROVED_GRANDFATHERED,2026-09-30,UNKNOWN,data/realauction_counties.csv; harvesters/governance/registry.py fl_realauction,"RealAuction / RealForeclose / RealTaxDeed tax-deed sale calendar contracted by the Clerk; per-sale auction pages carry the case, bid, parcel and the county appraiser deep-link.",COUNTY,,,,,AUCTIONS,APPROVED_GRANDFATHERED,,,
FL,Calhoun,fl_laft_html,harvest_laft_html.py,POST_SALE_FIXED_PRICE,GOVERNMENT_DIRECT,https://calhounclerk.com/court-services/property-sales/list-of-lands-available/,https://calhounclerk.com/court-services/property-sales/list-of-lands-available/,,,HTTP_GET_HTML,HTML_TABLE,PRODUCTION_VERIFIED,APPROVED_GRANDFATHERED,2026-09-29,UNKNOWN,data/laft_html_sources.csv,Clerk page; static HTML,COUNTY,,,,,AVAILABLE,APPROVED_GRANDFATHERED,,,
FL,Calhoun,fl_realauction,harvest_all_counties.ps1,,VENDOR_AUCTION,https://calhoun.realforeclose.com/index.cfm?zaction=USER&zmethod=CALENDAR,,,,HTTP_GET_HTML,HTML_TABLE,PRODUCTION_VERIFIED,APPROVED_GRANDFATHERED,2026-09-30,UNKNOWN,data/realauction_counties.csv; harvesters/governance/registry.py fl_realauction,"RealAuction / RealForeclose / RealTaxDeed tax-deed sale calendar contracted by the Clerk; per-sale auction pages carry the case, bid, parcel and the county appraiser deep-link.",COUNTY,,,,,AUCTIONS,APPROVED_GRANDFATHERED,,,
FL,Charlotte,,,POST_SALE_FIXED_PRICE,GOVERNMENT_DIRECT,https://www.charlotteclerk.com/departments/taxdeed/,,,,UNKNOWN,UNKNOWN,SOURCE_EXISTS_ACCESS_UNKNOWN,TERMS_NOT_VERIFIED,2026-09-29,UNKNOWN,MASTER LAFT/OTC/STRUCK-OFF AUDIT 2026-09-29 s5,Tax Collector says the listing is obtained by contacting the Clerk; portal at or.charlotteclerk.com/TaxDeeds unexamined.,COUNTY,,,,,AVAILABLE,UNREVIEWED,,,
FL,Charlotte,fl_lienhub_certificates,harvest_lienhub_certificates.ps1,,VENDOR_AUCTION,https://lienhub.com/county/charlotte/countyheld/certificates,,,,JSON_ENDPOINT,JSON,PRODUCTION_VERIFIED,APPROVED_GRANDFATHERED,2026-09-30,UNKNOWN,data/florida_certificate_sale_platforms.csv; harvesters/governance/registry.py fl_lienhub_certificates,"LienHub county-held tax certificates (the certificate itself, never the parcel): DataTables JSON endpoint behind the county-held certificates page; certificate number, account, purchase amount, expiration, interest rate.",COUNTY,,,,,LIENS_CERTIFICATES,APPROVED_GRANDFATHERED,,,
FL,Charlotte,fl_realauction,harvest_all_counties.ps1,,VENDOR_AUCTION,https://charlotte.realforeclose.com/index.cfm?zaction=USER&zmethod=CALENDAR,,,,HTTP_GET_HTML,HTML_TABLE,PRODUCTION_VERIFIED,APPROVED_GRANDFATHERED,2026-09-30,UNKNOWN,data/realauction_counties.csv; harvesters/governance/registry.py fl_realauction,"RealAuction / RealForeclose / RealTaxDeed tax-deed sale calendar contracted by the Clerk; per-sale auction pages carry the case, bid, parcel and the county appraiser deep-link.",COUNTY,,,,,AUCTIONS,APPROVED_GRANDFATHERED,,,
FL,Citrus,fl_laft_pioneer,harvest_laft_pioneer.py,POST_SALE_FIXED_PRICE,GOVERNMENT_PLATFORM,https://search.citrusclerk.org/TaxSmartWeb,,,,JSON_ENDPOINT,JSON,PRODUCTION_VERIFIED,APPROVED_GRANDFATHERED,2026-09-29,COMPLETE,data/laft_pioneer_counties.csv,Pioneer Technology Group TaxSmartWeb portal contracted by the Clerk; GridSearchData JSON,COUNTY,,,,,AVAILABLE,APPROVED_GRANDFATHERED,,,
FL,Citrus,fl_lienhub_certificates,harvest_lienhub_certificates.ps1,,VENDOR_AUCTION,https://lienhub.com/county/citrus/countyheld/certificates,,,,JSON_ENDPOINT,JSON,PRODUCTION_VERIFIED,APPROVED_GRANDFATHERED,2026-09-30,UNKNOWN,data/florida_certificate_sale_platforms.csv; harvesters/governance/registry.py fl_lienhub_certificates,"LienHub county-held tax certificates (the certificate itself, never the parcel): DataTables JSON endpoint behind the county-held certificates page; certificate number, account, purchase amount, expiration, interest rate.",COUNTY,,,,,LIENS_CERTIFICATES,APPROVED_GRANDFATHERED,,,
FL,Citrus,fl_realauction,harvest_all_counties.ps1,,VENDOR_AUCTION,https://citrus.realtaxdeed.com/index.cfm?zaction=USER&zmethod=CALENDAR,,,,HTTP_GET_HTML,HTML_TABLE,PRODUCTION_VERIFIED,APPROVED_GRANDFATHERED,2026-09-30,UNKNOWN,data/realauction_counties.csv; harvesters/governance/registry.py fl_realauction,"RealAuction / RealForeclose / RealTaxDeed tax-deed sale calendar contracted by the Clerk; per-sale auction pages carry the case, bid, parcel and the county appraiser deep-link.",COUNTY,,,,,AUCTIONS,APPROVED_GRANDFATHERED,,,
FL,Clay,fl_laft_pioneer,harvest_laft_pioneer.py,POST_SALE_FIXED_PRICE,GOVERNMENT_PLATFORM,https://landmark.clayclerk.com/TaxDeed,,,,JSON_ENDPOINT,JSON,PRODUCTION_VERIFIED,APPROVED_GRANDFATHERED,2026-09-29,UNKNOWN,data/laft_pioneer_counties.csv,Pioneer Technology Group TaxSmartWeb portal contracted by the Clerk; GridSearchData JSON,COUNTY,,,,,AVAILABLE,APPROVED_GRANDFATHERED,,,
FL,Clay,fl_lienhub_certificates,harvest_lienhub_certificates.ps1,,VENDOR_AUCTION,https://lienhub.com/county/clay/countyheld/certificates,,,,JSON_ENDPOINT,JSON,PRODUCTION_VERIFIED,APPROVED_GRANDFATHERED,2026-09-30,UNKNOWN,data/florida_certificate_sale_platforms.csv; harvesters/governance/registry.py fl_lienhub_certificates,"LienHub county-held tax certificates (the certificate itself, never the parcel): DataTables JSON endpoint behind the county-held certificates page; certificate number, account, purchase amount, expiration, interest rate.",COUNTY,,,,,LIENS_CERTIFICATES,APPROVED_GRANDFATHERED,,,
FL,Clay,fl_realauction,harvest_all_counties.ps1,,VENDOR_AUCTION,https://clay.realtaxdeed.com/index.cfm?zaction=USER&zmethod=CALENDAR,,,,HTTP_GET_HTML,HTML_TABLE,PRODUCTION_VERIFIED,APPROVED_GRANDFATHERED,2026-09-30,UNKNOWN,data/realauction_counties.csv; harvesters/governance/registry.py fl_realauction,"RealAuction / RealForeclose / RealTaxDeed tax-deed sale calendar contracted by the Clerk; per-sale auction pages carry the case, bid, parcel and the county appraiser deep-link.",COUNTY,,,,,AUCTIONS,APPROVED_GRANDFATHERED,,,
FL,Collier,,,POST_SALE_FIXED_PRICE,GOVERNMENT_DIRECT,https://www.collierclerk.com/accessing-tax-deed-sales-in-collier-county/,,,,UNKNOWN,UNKNOWN,SOURCE_EXISTS_ACCESS_UNKNOWN,TERMS_NOT_VERIFIED,2026-09-29,UNKNOWN,MASTER LAFT/OTC/STRUCK-OFF AUDIT 2026-09-29 s5,Auctions described; no LAFT list seen.,COUNTY,,,,,AVAILABLE,UNREVIEWED,,,
FL,Collier,fl_lienhub_certificates,harvest_lienhub_certificates.ps1,,VENDOR_AUCTION,https://lienhub.com/county/collier/countyheld/certificates,,,,JSON_ENDPOINT,JSON,PRODUCTION_VERIFIED,APPROVED_GRANDFATHERED,2026-09-30,UNKNOWN,data/florida_certificate_sale_platforms.csv; harvesters/governance/registry.py fl_lienhub_certificates,"LienHub county-held tax certificates (the certificate itself, never the parcel): DataTables JSON endpoint behind the county-held certificates page; certificate number, account, purchase amount, expiration, interest rate.",COUNTY,,,,,LIENS_CERTIFICATES,APPROVED_GRANDFATHERED,,,
FL,Columbia,fl_laft_html,harvest_laft_html.py,POST_SALE_FIXED_PRICE,GOVERNMENT_DIRECT,https://columbiaclerk.com/land-available-for-taxes/,https://columbiaclerk.com/land-available-for-taxes/,,,HTTP_GET_HTML,HTML_TABLE,PRODUCTION_VERIFIED,APPROVED_GRANDFATHERED,2026-09-29,UNKNOWN,data/laft_html_sources.csv,Clerk page; static HTML (WAF blocks runner IPs; ScraperAPI fallback),COUNTY,,,,,AVAILABLE,APPROVED_GRANDFATHERED,,,
FL,DeSoto,,,POST_SALE_FIXED_PRICE,GOVERNMENT_DIRECT,https://www.desotoclerk.com/public-sales/tax-deeds/,,,,UNKNOWN,PDF,SEARCH_EVIDENCE_ONLY,TERMS_NOT_VERIFIED,2026-09-29,UNKNOWN,MASTER LAFT/OTC/STRUCK-OFF AUDIT 2026-09-29 s5,Dated PDF (2025/06 path) seen in search results; page reportedly says no properties listed. NOT VERIFIED.,COUNTY,,,,,AVAILABLE,UNREVIEWED,,,
FL,Dixie,fl_laft_html,harvest_laft_html.py,POST_SALE_FIXED_PRICE,GOVERNMENT_DIRECT,https://dixieclerk.com/departments-services/court-services/lands-available-for-taxes/,https://dixieclerk.com/departments-services/court-services/lands-available-for-taxes/,,,HTTP_GET_HTML,HTML_TABLE,PRODUCTION_VERIFIED,APPROVED_GRANDFATHERED,2026-09-29,UNKNOWN,data/laft_html_sources.csv,Clerk page; static HTML,COUNTY,,,,,AVAILABLE,APPROVED_GRANDFATHERED,,,
FL,Duval,fl_laft_pioneer,harvest_laft_pioneer.py,POST_SALE_FIXED_PRICE,GOVERNMENT_PLATFORM,https://taxdeed.duvalclerk.com,,,,JSON_ENDPOINT,JSON,PRODUCTION_VERIFIED,APPROVED_GRANDFATHERED,2026-09-29,COMPLETE,data/laft_pioneer_counties.csv,Pioneer Technology Group TaxSmartWeb portal contracted by the Clerk; GridSearchData JSON,COUNTY,,,,,AVAILABLE,APPROVED_GRANDFATHERED,,,
FL,Duval,fl_lienhub_certificates,harvest_lienhub_certificates.ps1,,VENDOR_AUCTION,https://lienhub.com/county/duval/countyheld/certificates,,,,JSON_ENDPOINT,JSON,PRODUCTION_VERIFIED,APPROVED_GRANDFATHERED,2026-09-30,UNKNOWN,data/florida_certificate_sale_platforms.csv; harvesters/governance/registry.py fl_lienhub_certificates,"LienHub county-held tax certificates (the certificate itself, never the parcel): DataTables JSON endpoint behind the county-held certificates page; certificate number, account, purchase amount, expiration, interest rate.",COUNTY,,,,,LIENS_CERTIFICATES,APPROVED_GRANDFATHERED,,,
FL,Duval,fl_realauction,harvest_all_counties.ps1,,VENDOR_AUCTION,https://duval.realtaxdeed.com/index.cfm?zaction=USER&zmethod=CALENDAR,,,,HTTP_GET_HTML,HTML_TABLE,PRODUCTION_VERIFIED,APPROVED_GRANDFATHERED,2026-09-30,UNKNOWN,data/realauction_counties.csv; harvesters/governance/registry.py fl_realauction,"RealAuction / RealForeclose / RealTaxDeed tax-deed sale calendar contracted by the Clerk; per-sale auction pages carry the case, bid, parcel and the county appraiser deep-link.",COUNTY,,,,,AUCTIONS,APPROVED_GRANDFATHERED,,,
FL,Escambia,fl_laft_html,harvest_laft_html.py,POST_SALE_FIXED_PRICE,GOVERNMENT_DIRECT,https://public.escambiaclerk.com/taxsale/landsavailable.asp,https://public.escambiaclerk.com/taxsale/landsavailable.asp,,,HTTP_GET_HTML,HTML_TABLE,PRODUCTION_VERIFIED,APPROVED_GRANDFATHERED,2026-09-29,COMPLETE,data/laft_html_sources.csv,Clerk page; static HTML (WAF blocks runner IPs; ScraperAPI fallback),COUNTY,,,,,AVAILABLE,APPROVED_GRANDFATHERED,,,
FL,Escambia,fl_lienhub_certificates,harvest_lienhub_certificates.ps1,,VENDOR_AUCTION,https://lienhub.com/county/escambia/countyheld/certificates,,,,JSON_ENDPOINT,JSON,PRODUCTION_VERIFIED,APPROVED_GRANDFATHERED,2026-09-30,UNKNOWN,data/florida_certificate_sale_platforms.csv; harvesters/governance/registry.py fl_lienhub_certificates,"LienHub county-held tax certificates (the certificate itself, never the parcel): DataTables JSON endpoint behind the county-held certificates page; certificate number, account, purchase amount, expiration, interest rate.",COUNTY,,,,,LIENS_CERTIFICATES,APPROVED_GRANDFATHERED,,,
FL,Escambia,fl_realauction,harvest_all_counties.ps1,,VENDOR_AUCTION,https://escambia.realtaxdeed.com/index.cfm?zaction=USER&zmethod=CALENDAR,,,,HTTP_GET_HTML,HTML_TABLE,PRODUCTION_VERIFIED,APPROVED_GRANDFATHERED,2026-09-30,UNKNOWN,data/realauction_counties.csv; harvesters/governance/registry.py fl_realauction,"RealAuction / RealForeclose / RealTaxDeed tax-deed sale calendar contracted by the Clerk; per-sale auction pages carry the case, bid, parcel and the county appraiser deep-link.",COUNTY,,,,,AUCTIONS,APPROVED_GRANDFATHERED,,,
FL,Flagler,fl_laft_realtdm,harvest_laft_realtdm.py,POST_SALE_FIXED_PRICE,GOVERNMENT_PLATFORM,https://flagler.realtdm.com/public/cases/list,,,,HTTP_POST_FORM,HTML_CARDS,PRODUCTION_VERIFIED,APPROVED_GRANDFATHERED,2026-09-29,UNKNOWN,data/laft_realtdm_counties.csv,realTDM case-management portal (RealAuction family) contracted by the Clerk; vendor domain,COUNTY,,,,,AVAILABLE,APPROVED_GRANDFATHERED,,,
FL,Flagler,fl_lienhub_certificates,harvest_lienhub_certificates.ps1,,VENDOR_AUCTION,https://lienhub.com/county/flagler/countyheld/certificates,,,,JSON_ENDPOINT,JSON,PRODUCTION_VERIFIED,APPROVED_GRANDFATHERED,2026-09-30,UNKNOWN,data/florida_certificate_sale_platforms.csv; harvesters/governance/registry.py fl_lienhub_certificates,"LienHub county-held tax certificates (the certificate itself, never the parcel): DataTables JSON endpoint behind the county-held certificates page; certificate number, account, purchase amount, expiration, interest rate.",COUNTY,,,,,LIENS_CERTIFICATES,APPROVED_GRANDFATHERED,,,
FL,Flagler,fl_realauction,harvest_all_counties.ps1,,VENDOR_AUCTION,https://flagler.realtaxdeed.com/index.cfm?zaction=USER&zmethod=CALENDAR,,,,HTTP_GET_HTML,HTML_TABLE,PRODUCTION_VERIFIED,APPROVED_GRANDFATHERED,2026-09-30,UNKNOWN,data/realauction_counties.csv; harvesters/governance/registry.py fl_realauction,"RealAuction / RealForeclose / RealTaxDeed tax-deed sale calendar contracted by the Clerk; per-sale auction pages carry the case, bid, parcel and the county appraiser deep-link.",COUNTY,,,,,AUCTIONS,APPROVED_GRANDFATHERED,,,
FL,Franklin,fl_laft_html,harvest_laft_html.py,POST_SALE_FIXED_PRICE,GOVERNMENT_DIRECT,https://www.franklinclerk.com/clerk-services/lands-available/,https://www.franklinclerk.com/clerk-services/lands-available/,,,HTTP_GET_HTML,HTML_TABLE,PRODUCTION_VERIFIED,APPROVED_GRANDFATHERED,2026-09-29,UNKNOWN,data/laft_html_sources.csv,Clerk page; static HTML,COUNTY,,,,,AVAILABLE,APPROVED_GRANDFATHERED,,,
FL,Gadsden,fl_laft_html,harvest_laft_html.py,POST_SALE_FIXED_PRICE,GOVERNMENT_DIRECT,https://www.gadsdenclerk.com/Tax_deeds/Tax_deed_disclaimer.html,https://www.gadsdenclerk.com/Tax_deeds/Tax_deeds_files/sheet002.htm,,,HTTP_GET_HTML,HTML_TABLE,PRODUCTION_VERIFIED,APPROVED_GRANDFATHERED,2026-09-29,COMPLETE,data/laft_html_sources.csv,Clerk page; static HTML,COUNTY,,,,,AVAILABLE,APPROVED_GRANDFATHERED,,,
FL,Gilchrist,,,POST_SALE_FIXED_PRICE,GOVERNMENT_DIRECT,https://www.gilchristclerk.com/tax-deeds/,,,,UNKNOWN,UNKNOWN,SOURCE_EXISTS_ACCESS_UNKNOWN,TERMS_NOT_VERIFIED,2026-09-29,UNKNOWN,MASTER LAFT/OTC/STRUCK-OFF AUDIT 2026-09-29 s5,No list seen.,COUNTY,,,,,AVAILABLE,UNREVIEWED,,,
FL,Gilchrist,fl_realauction,harvest_all_counties.ps1,,VENDOR_AUCTION,https://gilchrist.realtaxdeed.com/index.cfm?zaction=USER&zmethod=CALENDAR,,,,HTTP_GET_HTML,HTML_TABLE,PRODUCTION_VERIFIED,APPROVED_GRANDFATHERED,2026-09-30,UNKNOWN,data/realauction_counties.csv; harvesters/governance/registry.py fl_realauction,"RealAuction / RealForeclose / RealTaxDeed tax-deed sale calendar contracted by the Clerk; per-sale auction pages carry the case, bid, parcel and the county appraiser deep-link.",COUNTY,,,,,AUCTIONS,APPROVED_GRANDFATHERED,,,
FL,Glades,fl_laft_pdfs,harvest_laft_pdfs.py,POST_SALE_FIXED_PRICE,GOVERNMENT_PLATFORM,https://gladesclerk.com/clerk-services/tax-deeds/,https://mcclibraryfunctions.azurewebsites.us/api/munidocDownload/31194/55e3c7109add3/pdf,,,HTTP_GET_PDF,PDF,PRODUCTION_VERIFIED,APPROVED_GRANDFATHERED,2026-09-29,UNKNOWN,data/laft_pdf_sources.csv,Clerk PDF published through Municode (third-party document host),COUNTY,,,,,AVAILABLE,APPROVED_GRANDFATHERED,,,
FL,Gulf,fl_laft_html,harvest_laft_html.py,POST_SALE_FIXED_PRICE,GOVERNMENT_DIRECT,https://www.gulfclerk.com/courts/tax-deeds/,https://www.gulfclerk.com/courts/tax-deeds/,,,HTTP_GET_HTML,HTML_TABLE,PRODUCTION_VERIFIED,APPROVED_GRANDFATHERED,2026-09-29,UNKNOWN,data/laft_html_sources.csv,Clerk page; static HTML,COUNTY,,,,,AVAILABLE,APPROVED_GRANDFATHERED,,,
FL,Gulf,fl_realauction,harvest_all_counties.ps1,,VENDOR_AUCTION,https://gulf.realtaxdeed.com/index.cfm?zaction=USER&zmethod=CALENDAR,,,,HTTP_GET_HTML,HTML_TABLE,PRODUCTION_VERIFIED,APPROVED_GRANDFATHERED,2026-09-30,UNKNOWN,data/realauction_counties.csv; harvesters/governance/registry.py fl_realauction,"RealAuction / RealForeclose / RealTaxDeed tax-deed sale calendar contracted by the Clerk; per-sale auction pages carry the case, bid, parcel and the county appraiser deep-link.",COUNTY,,,,,AUCTIONS,APPROVED_GRANDFATHERED,,,
FL,Hamilton,fl_laft_html,harvest_laft_html.py,POST_SALE_FIXED_PRICE,GOVERNMENT_DIRECT,https://hamiltonclerk.com/list-of-lands-available-for-taxes/,https://hamiltonclerk.com/list-of-lands-available-for-taxes/,,,HTTP_GET_HTML,HTML_TABLE,PRODUCTION_VERIFIED,APPROVED_GRANDFATHERED,2026-09-29,UNKNOWN,data/laft_html_sources.csv,Clerk page; static HTML,COUNTY,,,,,AVAILABLE,APPROVED_GRANDFATHERED,,,
FL,Hardee,fl_laft_html,harvest_laft_html.py,POST_SALE_FIXED_PRICE,GOVERNMENT_DIRECT,https://www.hardeeclerk.com/departments/tax-deeds/lands-available/,https://www.hardeeclerk.com/departments/tax-deeds/lands-available/,,,HTTP_GET_HTML,HTML_TABLE,PRODUCTION_VERIFIED,APPROVED_GRANDFATHERED,2026-09-29,UNKNOWN,data/laft_html_sources.csv,Clerk page; static HTML,COUNTY,,,,,AVAILABLE,APPROVED_GRANDFATHERED,,,
FL,Hendry,fl_laft_pdfs,harvest_laft_pdfs.py,POST_SALE_FIXED_PRICE,GOVERNMENT_PLATFORM,https://library.municode.com/FL/hendry_clerk_of_courts/munidocs/munidocs?nodeId=4b2b2ea877a65,https://mcclibraryfunctions.azurewebsites.us/api/munidocDownload/31143/8216f21582c5d/pdf,,,HTTP_GET_PDF,PDF,PRODUCTION_VERIFIED,APPROVED_GRANDFATHERED,2026-09-29,FAILED,data/laft_pdf_sources.csv,Clerk PDF published through Municode (third-party document host),COUNTY,,,,,AVAILABLE,APPROVED_GRANDFATHERED,,,
FL,Hendry,fl_realauction,harvest_all_counties.ps1,,VENDOR_AUCTION,https://hendry.realtaxdeed.com/index.cfm?zaction=USER&zmethod=CALENDAR,,,,HTTP_GET_HTML,HTML_TABLE,PRODUCTION_VERIFIED,APPROVED_GRANDFATHERED,2026-09-30,UNKNOWN,data/realauction_counties.csv; harvesters/governance/registry.py fl_realauction,"RealAuction / RealForeclose / RealTaxDeed tax-deed sale calendar contracted by the Clerk; per-sale auction pages carry the case, bid, parcel and the county appraiser deep-link.",COUNTY,,,,,AUCTIONS,APPROVED_GRANDFATHERED,,,
FL,Hernando,fl_laft_pioneer,harvest_laft_pioneer.py,POST_SALE_FIXED_PRICE,GOVERNMENT_PLATFORM,https://or.hernandoclerk.com/TaxSmart/,,,,JSON_ENDPOINT,JSON,PRODUCTION_VERIFIED,APPROVED_GRANDFATHERED,2026-09-29,COMPLETE,data/laft_pioneer_counties.csv,Pioneer Technology Group TaxSmartWeb portal contracted by the Clerk; GridSearchData JSON,COUNTY,,,,,AVAILABLE,APPROVED_GRANDFATHERED,,,
FL,Hernando,fl_lienhub_certificates,harvest_lienhub_certificates.ps1,,VENDOR_AUCTION,https://lienhub.com/county/hernando/countyheld/certificates,,,,JSON_ENDPOINT,JSON,PRODUCTION_VERIFIED,APPROVED_GRANDFATHERED,2026-09-30,UNKNOWN,data/florida_certificate_sale_platforms.csv; harvesters/governance/registry.py fl_lienhub_certificates,"LienHub county-held tax certificates (the certificate itself, never the parcel): DataTables JSON endpoint behind the county-held certificates page; certificate number, account, purchase amount, expiration, interest rate.",COUNTY,,,,,LIENS_CERTIFICATES,APPROVED_GRANDFATHERED,,,
FL,Hernando,fl_realauction,harvest_all_counties.ps1,,VENDOR_AUCTION,https://hernando.realtaxdeed.com/index.cfm?zaction=USER&zmethod=CALENDAR,,,,HTTP_GET_HTML,HTML_TABLE,PRODUCTION_VERIFIED,APPROVED_GRANDFATHERED,2026-09-30,UNKNOWN,data/realauction_counties.csv; harvesters/governance/registry.py fl_realauction,"RealAuction / RealForeclose / RealTaxDeed tax-deed sale calendar contracted by the Clerk; per-sale auction pages carry the case, bid, parcel and the county appraiser deep-link.",COUNTY,,,,,AUCTIONS,APPROVED_GRANDFATHERED,,,
FL,Highlands,fl_laft_realtdm,harvest_laft_realtdm.py,POST_SALE_FIXED_PRICE,GOVERNMENT_PLATFORM,https://highlands.realtdm.com/public/cases/list,,,,HTTP_POST_FORM,HTML_CARDS,PRODUCTION_VERIFIED,APPROVED_GRANDFATHERED,2026-09-29,COMPLETE,data/laft_realtdm_counties.csv,realTDM case-management portal (RealAuction family) contracted by the Clerk; vendor domain,COUNTY,,,,,AVAILABLE,APPROVED_GRANDFATHERED,,,
FL,Highlands,fl_realauction,harvest_all_counties.ps1,,VENDOR_AUCTION,https://highlands.realtaxdeed.com/index.cfm?zaction=USER&zmethod=CALENDAR,,,,HTTP_GET_HTML,HTML_TABLE,PRODUCTION_VERIFIED,APPROVED_GRANDFATHERED,2026-09-30,UNKNOWN,data/realauction_counties.csv; harvesters/governance/registry.py fl_realauction,"RealAuction / RealForeclose / RealTaxDeed tax-deed sale calendar contracted by the Clerk; per-sale auction pages carry the case, bid, parcel and the county appraiser deep-link.",COUNTY,,,,,AUCTIONS,APPROVED_GRANDFATHERED,,,
FL,Hillsborough,fl_laft_hillsborough,harvest_laft_hillsborough.py,POST_SALE_FIXED_PRICE,GOVERNMENT_PLATFORM,https://publicaccess.hillsclerk.com/TD/,,,,HEADLESS_BROWSER,PORTAL,PRODUCTION_VERIFIED,APPROVED_GRANDFATHERED,2026-09-29,COMPLETE,scripts/harvest_laft_hillsborough.py,OnBase Public Access View on the Clerk's domain; Playwright,COUNTY,,,,,AVAILABLE,APPROVED_GRANDFATHERED,,,
FL,Hillsborough,fl_lienhub_certificates,harvest_lienhub_certificates.ps1,,VENDOR_AUCTION,https://lienhub.com/county/hillsborough/countyheld/certificates,,,,JSON_ENDPOINT,JSON,PRODUCTION_VERIFIED,APPROVED_GRANDFATHERED,2026-09-30,UNKNOWN,data/florida_certificate_sale_platforms.csv; harvesters/governance/registry.py fl_lienhub_certificates,"LienHub county-held tax certificates (the certificate itself, never the parcel): DataTables JSON endpoint behind the county-held certificates page; certificate number, account, purchase amount, expiration, interest rate.",COUNTY,,,,,LIENS_CERTIFICATES,APPROVED_GRANDFATHERED,,,
FL,Hillsborough,fl_realauction,harvest_all_counties.ps1,,VENDOR_AUCTION,https://hillsborough.realtaxdeed.com/index.cfm?zaction=USER&zmethod=CALENDAR,,,,HTTP_GET_HTML,HTML_TABLE,PRODUCTION_VERIFIED,APPROVED_GRANDFATHERED,2026-09-30,UNKNOWN,data/realauction_counties.csv; harvesters/governance/registry.py fl_realauction,"RealAuction / RealForeclose / RealTaxDeed tax-deed sale calendar contracted by the Clerk; per-sale auction pages carry the case, bid, parcel and the county appraiser deep-link.",COUNTY,,,,,AUCTIONS,APPROVED_GRANDFATHERED,,,
FL,Holmes,fl_laft_html,harvest_laft_html.py,POST_SALE_FIXED_PRICE,GOVERNMENT_DIRECT,https://holmesclerk.com/courts/foreclosures-tax-deeds/lands-available-for-taxes/,https://holmesclerk.com/courts/foreclosures-tax-deeds/lands-available-for-taxes/,,,HTTP_GET_HTML,HTML_TABLE,PRODUCTION_VERIFIED,APPROVED_GRANDFATHERED,2026-09-29,UNKNOWN,data/laft_html_sources.csv,Clerk page; static HTML,COUNTY,,,,,AVAILABLE,APPROVED_GRANDFATHERED,,,
FL,Indian River,fl_laft_html,harvest_laft_html.py,POST_SALE_FIXED_PRICE,GOVERNMENT_DIRECT,https://indianriverclerk.com/land-available-for-taxes/,https://indianriverclerk.com/land-available-for-taxes/,,,HTTP_GET_HTML,HTML_TABLE,PRODUCTION_VERIFIED,APPROVED_GRANDFATHERED,2026-09-29,COMPLETE,data/laft_html_sources.csv,Clerk page; static HTML,COUNTY,,,,,AVAILABLE,APPROVED_GRANDFATHERED,,,
FL,Indian River,fl_lienhub_certificates,harvest_lienhub_certificates.ps1,,VENDOR_AUCTION,https://lienhub.com/county/indianriver/countyheld/certificates,,,,JSON_ENDPOINT,JSON,PRODUCTION_VERIFIED,APPROVED_GRANDFATHERED,2026-09-30,UNKNOWN,data/florida_certificate_sale_platforms.csv; harvesters/governance/registry.py fl_lienhub_certificates,"LienHub county-held tax certificates (the certificate itself, never the parcel): DataTables JSON endpoint behind the county-held certificates page; certificate number, account, purchase amount, expiration, interest rate.",COUNTY,,,,,LIENS_CERTIFICATES,APPROVED_GRANDFATHERED,,,
FL,Indian River,fl_realauction,harvest_all_counties.ps1,,VENDOR_AUCTION,https://indian-river.realtaxdeed.com/index.cfm?zaction=USER&zmethod=CALENDAR,,,,HTTP_GET_HTML,HTML_TABLE,PRODUCTION_VERIFIED,APPROVED_GRANDFATHERED,2026-09-30,UNKNOWN,data/realauction_counties.csv; harvesters/governance/registry.py fl_realauction,"RealAuction / RealForeclose / RealTaxDeed tax-deed sale calendar contracted by the Clerk; per-sale auction pages carry the case, bid, parcel and the county appraiser deep-link.",COUNTY,,,,,AUCTIONS,APPROVED_GRANDFATHERED,,,
FL,Jackson,,,,,,,,,NONE,NONE,NOT_FOUND_AFTER_SEARCH,NOT_APPLICABLE,2026-09-29,UNKNOWN,MASTER LAFT/OTC/STRUCK-OFF AUDIT 2026-09-29 s5,No government LAFT source found after one search query; manual check needed.,COUNTY,,,,,,UNREVIEWED,,,
FL,Jackson,fl_realauction,harvest_all_counties.ps1,,VENDOR_AUCTION,https://jackson.realtaxdeed.com/index.cfm?zaction=USER&zmethod=CALENDAR,,,,HTTP_GET_HTML,HTML_TABLE,PRODUCTION_VERIFIED,APPROVED_GRANDFATHERED,2026-09-30,UNKNOWN,data/realauction_counties.csv; harvesters/governance/registry.py fl_realauction,"RealAuction / RealForeclose / RealTaxDeed tax-deed sale calendar contracted by the Clerk; per-sale auction pages carry the case, bid, parcel and the county appraiser deep-link.",COUNTY,,,,,AUCTIONS,APPROVED_GRANDFATHERED,,,
FL,Jefferson,,,POST_SALE_FIXED_PRICE,GOVERNMENT_DIRECT,https://www.jeffersonclerk.com,,,,UNKNOWN,PDF,HISTORICAL_ONLY,TERMS_NOT_VERIFIED,2026-09-29,UNKNOWN,MASTER LAFT/OTC/STRUCK-OFF AUDIT 2026-09-29 s5,Only a 2022/03 'Lands Available' PDF indexed; no current list found.,COUNTY,,,,,AVAILABLE,UNREVIEWED,,,
FL,Lafayette,fl_laft_html,harvest_laft_html.py,POST_SALE_FIXED_PRICE,GOVERNMENT_DIRECT,https://www.lafayetteclerk.com/tax-deeds/,https://www.lafayetteclerk.com/tax-deeds/,,,HTTP_GET_HTML,HTML_TABLE,PRODUCTION_VERIFIED,APPROVED_GRANDFATHERED,2026-09-29,UNKNOWN,data/laft_html_sources.csv,Clerk page; static HTML,COUNTY,,,,,AVAILABLE,APPROVED_GRANDFATHERED,,,
FL,Lake,,,POST_SALE_FIXED_PRICE,GOVERNMENT_DIRECT,https://taxdeeds.lakecountyclerk.org,,,,UNKNOWN,UNKNOWN,SOURCE_EXISTS_ACCESS_UNKNOWN,TERMS_NOT_VERIFIED,2026-09-29,UNKNOWN,MASTER LAFT/OTC/STRUCK-OFF AUDIT 2026-09-29 s5,Portal plus a 2022-2023 dated PDF; no newer document seen.,COUNTY,,,,,AVAILABLE,UNREVIEWED,,,
FL,Lake,fl_lienhub_certificates,harvest_lienhub_certificates.ps1,,VENDOR_AUCTION,https://lienhub.com/county/lake/countyheld/certificates,,,,JSON_ENDPOINT,JSON,PRODUCTION_VERIFIED,APPROVED_GRANDFATHERED,2026-09-30,UNKNOWN,data/florida_certificate_sale_platforms.csv; harvesters/governance/registry.py fl_lienhub_certificates,"LienHub county-held tax certificates (the certificate itself, never the parcel): DataTables JSON endpoint behind the county-held certificates page; certificate number, account, purchase amount, expiration, interest rate.",COUNTY,,,,,LIENS_CERTIFICATES,APPROVED_GRANDFATHERED,,,
FL,Lake,fl_realauction,harvest_all_counties.ps1,,VENDOR_AUCTION,https://lake.realtaxdeed.com/index.cfm?zaction=USER&zmethod=CALENDAR,,,,HTTP_GET_HTML,HTML_TABLE,PRODUCTION_VERIFIED,APPROVED_GRANDFATHERED,2026-09-30,UNKNOWN,data/realauction_counties.csv; harvesters/governance/registry.py fl_realauction,"RealAuction / RealForeclose / RealTaxDeed tax-deed sale calendar contracted by the Clerk; per-sale auction pages carry the case, bid, parcel and the county appraiser deep-link.",COUNTY,,,,,AUCTIONS,APPROVED_GRANDFATHERED,,,
FL,Lee,fl_laft_realtdm,harvest_laft_realtdm.py,POST_SALE_FIXED_PRICE,GOVERNMENT_PLATFORM,https://lee.realtdm.com/public/cases/list,,,,HTTP_POST_FORM,HTML_CARDS,PRODUCTION_VERIFIED,APPROVED_GRANDFATHERED,2026-09-29,COMPLETE,data/laft_realtdm_counties.csv,realTDM case-management portal (RealAuction family) contracted by the Clerk; vendor domain,COUNTY,,,,,AVAILABLE,APPROVED_GRANDFATHERED,,,
FL,Lee,fl_lienhub_certificates,harvest_lienhub_certificates.ps1,,VENDOR_AUCTION,https://lienhub.com/county/lee/countyheld/certificates,,,,JSON_ENDPOINT,JSON,PRODUCTION_VERIFIED,APPROVED_GRANDFATHERED,2026-09-30,UNKNOWN,data/florida_certificate_sale_platforms.csv; harvesters/governance/registry.py fl_lienhub_certificates,"LienHub county-held tax certificates (the certificate itself, never the parcel): DataTables JSON endpoint behind the county-held certificates page; certificate number, account, purchase amount, expiration, interest rate.",COUNTY,,,,,LIENS_CERTIFICATES,APPROVED_GRANDFATHERED,,,
FL,Lee,fl_realauction,harvest_all_counties.ps1,,VENDOR_AUCTION,https://lee.realtaxdeed.com/index.cfm?zaction=USER&zmethod=CALENDAR,,,,HTTP_GET_HTML,HTML_TABLE,PRODUCTION_VERIFIED,APPROVED_GRANDFATHERED,2026-09-30,UNKNOWN,data/realauction_counties.csv; harvesters/governance/registry.py fl_realauction,"RealAuction / RealForeclose / RealTaxDeed tax-deed sale calendar contracted by the Clerk; per-sale auction pages carry the case, bid, parcel and the county appraiser deep-link.",COUNTY,,,,,AUCTIONS,APPROVED_GRANDFATHERED,,,
FL,Leon,fl_laft_leon,harvest_laft_leon.py,POST_SALE_FIXED_PRICE,GOVERNMENT_DIRECT,https://lforms.leonclerk.com/tax_deeds/lands-available.html,https://lforms.leonclerk.com/tax_deeds/listoflands.txt,,,JSON_ENDPOINT,JSON,PRODUCTION_VERIFIED,APPROVED_GRANDFATHERED,2026-09-29,COMPLETE,scripts/harvest_laft_leon.py,Clerk portal's own JSON data file (listoflands.txt),COUNTY,,,,,AVAILABLE,APPROVED_GRANDFATHERED,,,
FL,Leon,fl_realauction,harvest_all_counties.ps1,,VENDOR_AUCTION,https://leon.realtaxdeed.com/index.cfm?zaction=USER&zmethod=CALENDAR,,,,HTTP_GET_HTML,HTML_TABLE,PRODUCTION_VERIFIED,APPROVED_GRANDFATHERED,2026-09-30,UNKNOWN,data/realauction_counties.csv; harvesters/governance/registry.py fl_realauction,"RealAuction / RealForeclose / RealTaxDeed tax-deed sale calendar contracted by the Clerk; per-sale auction pages carry the case, bid, parcel and the county appraiser deep-link.",COUNTY,,,,,AUCTIONS,APPROVED_GRANDFATHERED,,,
FL,Levy,fl_laft_pioneer,harvest_laft_pioneer.py,POST_SALE_FIXED_PRICE,GOVERNMENT_PLATFORM,https://online.levyclerk.com/TaxSmartWeb,,,,JSON_ENDPOINT,JSON,PRODUCTION_VERIFIED,APPROVED_GRANDFATHERED,2026-09-29,COMPLETE,data/laft_pioneer_counties.csv,Pioneer Technology Group TaxSmartWeb portal contracted by the Clerk; GridSearchData JSON,COUNTY,,,,,AVAILABLE,APPROVED_GRANDFATHERED,,,
FL,Liberty,,,,,,,,,NONE,NONE,NOT_FOUND_AFTER_SEARCH,NOT_APPLICABLE,2026-09-29,UNKNOWN,MASTER LAFT/OTC/STRUCK-OFF AUDIT 2026-09-29 s5,No government LAFT source found after one search query; manual check needed.,COUNTY,,,,,,UNREVIEWED,,,
FL,Madison,fl_laft_html,harvest_laft_html.py,POST_SALE_FIXED_PRICE,GOVERNMENT_DIRECT,https://www.madisonclerk.com/list-of-lands-available-for-taxes/,https://www.madisonclerk.com/list-of-lands-available-for-taxes/,,,HTTP_GET_HTML,HTML_TABLE,PRODUCTION_VERIFIED,APPROVED_GRANDFATHERED,2026-09-29,UNKNOWN,data/laft_html_sources.csv,Clerk page; static HTML,COUNTY,,,,,AVAILABLE,APPROVED_GRANDFATHERED,,,
FL,Manatee,fl_laft_html,harvest_laft_html.py,POST_SALE_FIXED_PRICE,GOVERNMENT_DIRECT,https://www.manateeclerk.com/departments/tax-deeds/lands-available-for-taxes/,https://www.manateeclerk.com/departments/tax-deeds/lands-available-for-taxes/,,,HTTP_GET_HTML,HTML_TABLE,PRODUCTION_VERIFIED,APPROVED_GRANDFATHERED,2026-09-29,UNKNOWN,data/laft_html_sources.csv,Clerk page; static HTML,COUNTY,,,,,AVAILABLE,APPROVED_GRANDFATHERED,,,
FL,Manatee,fl_realauction,harvest_all_counties.ps1,,VENDOR_AUCTION,https://manatee.realforeclose.com/index.cfm?zaction=USER&zmethod=CALENDAR,,,,HTTP_GET_HTML,HTML_TABLE,PRODUCTION_VERIFIED,APPROVED_GRANDFATHERED,2026-09-30,UNKNOWN,data/realauction_counties.csv; harvesters/governance/registry.py fl_realauction,"RealAuction / RealForeclose / RealTaxDeed tax-deed sale calendar contracted by the Clerk; per-sale auction pages carry the case, bid, parcel and the county appraiser deep-link.",COUNTY,,,,,AUCTIONS,APPROVED_GRANDFATHERED,,,
FL,Marion,fl_laft_pdfs,harvest_laft_pdfs.py,POST_SALE_FIXED_PRICE,GOVERNMENT_DIRECT,https://www.marioncountyclerk.org/departments/records-recording/tax-deeds-and-lands-available-for-taxes/land-available-for-taxes-information/,https://www.marioncountyclerk.org/uploads/2026/07/LAT-List-updated3.13.2026-1.pdf,,,HTTP_GET_PDF,PDF,PRODUCTION_VERIFIED,APPROVED_GRANDFATHERED,2026-09-29,COMPLETE,data/laft_pdf_sources.csv,Clerk PDF,COUNTY,,,,,AVAILABLE,APPROVED_GRANDFATHERED,,,
FL,Marion,fl_realauction,harvest_all_counties.ps1,,VENDOR_AUCTION,https://marion.realtaxdeed.com/index.cfm?zaction=USER&zmethod=CALENDAR,,,,HTTP_GET_HTML,HTML_TABLE,PRODUCTION_VERIFIED,APPROVED_GRANDFATHERED,2026-09-30,UNKNOWN,data/realauction_counties.csv; harvesters/governance/registry.py fl_realauction,"RealAuction / RealForeclose / RealTaxDeed tax-deed sale calendar contracted by the Clerk; per-sale auction pages carry the case, bid, parcel and the county appraiser deep-link.",COUNTY,,,,,AUCTIONS,APPROVED_GRANDFATHERED,,,
FL,Martin,fl_laft_pioneer,harvest_laft_pioneer.py,POST_SALE_FIXED_PRICE,GOVERNMENT_PLATFORM,https://or.martinclerk.com/taxsmartweb,,,,JSON_ENDPOINT,JSON,PRODUCTION_VERIFIED,APPROVED_GRANDFATHERED,2026-09-29,UNKNOWN,data/laft_pioneer_counties.csv,Pioneer Technology Group TaxSmartWeb portal contracted by the Clerk; GridSearchData JSON,COUNTY,,,,,AVAILABLE,APPROVED_GRANDFATHERED,,,
FL,Martin,fl_lienhub_certificates,harvest_lienhub_certificates.ps1,,VENDOR_AUCTION,https://lienhub.com/county/martin/countyheld/certificates,,,,JSON_ENDPOINT,JSON,PRODUCTION_VERIFIED,APPROVED_GRANDFATHERED,2026-09-30,UNKNOWN,data/florida_certificate_sale_platforms.csv; harvesters/governance/registry.py fl_lienhub_certificates,"LienHub county-held tax certificates (the certificate itself, never the parcel): DataTables JSON endpoint behind the county-held certificates page; certificate number, account, purchase amount, expiration, interest rate.",COUNTY,,,,,LIENS_CERTIFICATES,APPROVED_GRANDFATHERED,,,
FL,Martin,fl_realauction,harvest_all_counties.ps1,,VENDOR_AUCTION,https://martin.realtaxdeed.com/index.cfm?zaction=USER&zmethod=CALENDAR,,,,HTTP_GET_HTML,HTML_TABLE,PRODUCTION_VERIFIED,APPROVED_GRANDFATHERED,2026-09-30,UNKNOWN,data/realauction_counties.csv; harvesters/governance/registry.py fl_realauction,"RealAuction / RealForeclose / RealTaxDeed tax-deed sale calendar contracted by the Clerk; per-sale auction pages carry the case, bid, parcel and the county appraiser deep-link.",COUNTY,,,,,AUCTIONS,APPROVED_GRANDFATHERED,,,
FL,Miami-Dade,fl_laft_realtdm,harvest_laft_realtdm.py,POST_SALE_FIXED_PRICE,GOVERNMENT_PLATFORM,https://miamidade.realtdm.com/public/cases/list,,,,HTTP_POST_FORM,HTML_CARDS,PRODUCTION_VERIFIED,APPROVED_GRANDFATHERED,2026-09-29,COMPLETE,data/laft_realtdm_counties.csv,realTDM case-management portal (RealAuction family) contracted by the Clerk; vendor domain,COUNTY,,,,,AVAILABLE,APPROVED_GRANDFATHERED,,,
FL,Miami-Dade,fl_lienhub_certificates,harvest_lienhub_certificates.ps1,,VENDOR_AUCTION,https://lienhub.com/county/miamidade/countyheld/certificates,,,,JSON_ENDPOINT,JSON,PRODUCTION_VERIFIED,APPROVED_GRANDFATHERED,2026-09-30,UNKNOWN,data/florida_certificate_sale_platforms.csv; harvesters/governance/registry.py fl_lienhub_certificates,"LienHub county-held tax certificates (the certificate itself, never the parcel): DataTables JSON endpoint behind the county-held certificates page; certificate number, account, purchase amount, expiration, interest rate.",COUNTY,,,,,LIENS_CERTIFICATES,APPROVED_GRANDFATHERED,,,
FL,Miami-Dade,fl_realauction,harvest_all_counties.ps1,,VENDOR_AUCTION,https://miami-dade.realtaxdeed.com/index.cfm?zaction=USER&zmethod=CALENDAR,,,,HTTP_GET_HTML,HTML_TABLE,PRODUCTION_VERIFIED,APPROVED_GRANDFATHERED,2026-09-30,UNKNOWN,data/realauction_counties.csv; harvesters/governance/registry.py fl_realauction,"RealAuction / RealForeclose / RealTaxDeed tax-deed sale calendar contracted by the Clerk; per-sale auction pages carry the case, bid, parcel and the county appraiser deep-link.",COUNTY,,,,,AUCTIONS,APPROVED_GRANDFATHERED,,,
FL,Monroe,,,POST_SALE_FIXED_PRICE,GOVERNMENT_DIRECT,https://www.monroe-clerk.com,,,,UNKNOWN,UNKNOWN,SOURCE_EXISTS_ACCESS_UNKNOWN,TERMS_NOT_VERIFIED,2026-09-29,UNKNOWN,MASTER LAFT/OTC/STRUCK-OFF AUDIT 2026-09-29 s5,Home page only.,COUNTY,,,,,AVAILABLE,UNREVIEWED,,,
FL,Monroe,fl_lienhub_certificates,harvest_lienhub_certificates.ps1,,VENDOR_AUCTION,https://lienhub.com/county/monroe/countyheld/certificates,,,,JSON_ENDPOINT,JSON,PRODUCTION_VERIFIED,APPROVED_GRANDFATHERED,2026-09-30,UNKNOWN,data/florida_certificate_sale_platforms.csv; harvesters/governance/registry.py fl_lienhub_certificates,"LienHub county-held tax certificates (the certificate itself, never the parcel): DataTables JSON endpoint behind the county-held certificates page; certificate number, account, purchase amount, expiration, interest rate.",COUNTY,,,,,LIENS_CERTIFICATES,APPROVED_GRANDFATHERED,,,
FL,Monroe,fl_realauction,harvest_all_counties.ps1,,VENDOR_AUCTION,https://monroe.realtaxdeed.com/index.cfm?zaction=USER&zmethod=CALENDAR,,,,HTTP_GET_HTML,HTML_TABLE,PRODUCTION_VERIFIED,APPROVED_GRANDFATHERED,2026-09-30,UNKNOWN,data/realauction_counties.csv; harvesters/governance/registry.py fl_realauction,"RealAuction / RealForeclose / RealTaxDeed tax-deed sale calendar contracted by the Clerk; per-sale auction pages carry the case, bid, parcel and the county appraiser deep-link.",COUNTY,,,,,AUCTIONS,APPROVED_GRANDFATHERED,,,
FL,Nassau,,,POST_SALE_FIXED_PRICE,GOVERNMENT_DIRECT,https://www.nassauclerk.com/view-tax-deeds-1,,,,UNKNOWN,UNKNOWN,SOURCE_EXISTS_ACCESS_UNKNOWN,TERMS_NOT_VERIFIED,2026-09-29,UNKNOWN,MASTER LAFT/OTC/STRUCK-OFF AUDIT 2026-09-29 s5,No list URL.,COUNTY,,,,,AVAILABLE,UNREVIEWED,,,
FL,Nassau,fl_lienhub_certificates,harvest_lienhub_certificates.ps1,,VENDOR_AUCTION,https://lienhub.com/county/nassau/countyheld/certificates,,,,JSON_ENDPOINT,JSON,PRODUCTION_VERIFIED,APPROVED_GRANDFATHERED,2026-09-30,UNKNOWN,data/florida_certificate_sale_platforms.csv; harvesters/governance/registry.py fl_lienhub_certificates,"LienHub county-held tax certificates (the certificate itself, never the parcel): DataTables JSON endpoint behind the county-held certificates page; certificate number, account, purchase amount, expiration, interest rate.",COUNTY,,,,,LIENS_CERTIFICATES,APPROVED_GRANDFATHERED,,,
FL,Nassau,fl_realauction,harvest_all_counties.ps1,,VENDOR_AUCTION,https://nassau.realtaxdeed.com/index.cfm?zaction=USER&zmethod=CALENDAR,,,,HTTP_GET_HTML,HTML_TABLE,PRODUCTION_VERIFIED,APPROVED_GRANDFATHERED,2026-09-30,UNKNOWN,data/realauction_counties.csv; harvesters/governance/registry.py fl_realauction,"RealAuction / RealForeclose / RealTaxDeed tax-deed sale calendar contracted by the Clerk; per-sale auction pages carry the case, bid, parcel and the county appraiser deep-link.",COUNTY,,,,,AUCTIONS,APPROVED_GRANDFATHERED,,,
FL,Okaloosa,,,POST_SALE_FIXED_PRICE,GOVERNMENT_DIRECT,https://www.okaloosaclerk.com/board-services/tax-deed-sales/lands-available-for-taxes/,,,,UNKNOWN,UNKNOWN,SEARCH_EVIDENCE_ONLY,TERMS_NOT_VERIFIED,2026-09-29,UNKNOWN,MASTER LAFT/OTC/STRUCK-OFF AUDIT 2026-09-29 s5,Clerk page title only in search results. NOT VERIFIED.,COUNTY,,,,,AVAILABLE,UNREVIEWED,,,
FL,Okaloosa,fl_bid4assets_okaloosa,harvest_okaloosa_bid4assets.ps1,,VENDOR_AUCTION,https://www.bid4assets.com/OkaloosaFLTax/listings,,,,HTTP_GET_HTML,HTML_CARDS,PRODUCTION_VERIFIED,APPROVED_GRANDFATHERED,2026-09-30,UNKNOWN,scripts/harvest_okaloosa_bid4assets.ps1,"Bid4Assets tax-deed listings for Okaloosa County (the only FL county on this platform, per the script's own header); per-auction detail pages read one at a time.",COUNTY,,,,,AUCTIONS,APPROVED_GRANDFATHERED,,,
FL,Okaloosa,fl_lienhub_certificates,harvest_lienhub_certificates.ps1,,VENDOR_AUCTION,https://lienhub.com/county/okaloosa/countyheld/certificates,,,,JSON_ENDPOINT,JSON,PRODUCTION_VERIFIED,APPROVED_GRANDFATHERED,2026-09-30,UNKNOWN,data/florida_certificate_sale_platforms.csv; harvesters/governance/registry.py fl_lienhub_certificates,"LienHub county-held tax certificates (the certificate itself, never the parcel): DataTables JSON endpoint behind the county-held certificates page; certificate number, account, purchase amount, expiration, interest rate.",COUNTY,,,,,LIENS_CERTIFICATES,APPROVED_GRANDFATHERED,,,
FL,Okeechobee,fl_laft_pioneer,harvest_laft_pioneer.py,POST_SALE_FIXED_PRICE,GOVERNMENT_PLATFORM,https://pioneer.okeechobeelandmark.com/TaxSmartWebLive/,,,,JSON_ENDPOINT,JSON,PRODUCTION_VERIFIED,APPROVED_GRANDFATHERED,2026-09-29,UNKNOWN,data/laft_pioneer_counties.csv,Pioneer Technology Group TaxSmartWeb portal contracted by the Clerk; GridSearchData JSON,COUNTY,,,,,AVAILABLE,APPROVED_GRANDFATHERED,,,
FL,Okeechobee,fl_realauction,harvest_all_counties.ps1,,VENDOR_AUCTION,https://okeechobee.realtaxdeed.com/index.cfm?zaction=USER&zmethod=CALENDAR,,,,HTTP_GET_HTML,HTML_TABLE,PRODUCTION_VERIFIED,APPROVED_GRANDFATHERED,2026-09-30,UNKNOWN,data/realauction_counties.csv; harvesters/governance/registry.py fl_realauction,"RealAuction / RealForeclose / RealTaxDeed tax-deed sale calendar contracted by the Clerk; per-sale auction pages carry the case, bid, parcel and the county appraiser deep-link.",COUNTY,,,,,AUCTIONS,APPROVED_GRANDFATHERED,,,
FL,Orange,fl_laft_orange,harvest_laft_orange.py,POST_SALE_FIXED_PRICE,GOVERNMENT_DIRECT,https://occompt.com/158/Land-Available-For-Taxes,,,,HTTP_POST_FORM,HTML_TABLE,PRODUCTION_VERIFIED,APPROVED_GRANDFATHERED,2026-09-29,COMPLETE,scripts/harvest_laft_orange.py,"Comptroller-run TDSM search (guest disclaimer acknowledged, no credentials)",COUNTY,,,,,AVAILABLE,APPROVED_GRANDFATHERED,,,
FL,Orange,fl_lienhub_certificates,harvest_lienhub_certificates.ps1,,VENDOR_AUCTION,https://lienhub.com/county/orange/countyheld/certificates,,,,JSON_ENDPOINT,JSON,PRODUCTION_VERIFIED,APPROVED_GRANDFATHERED,2026-09-30,UNKNOWN,data/florida_certificate_sale_platforms.csv; harvesters/governance/registry.py fl_lienhub_certificates,"LienHub county-held tax certificates (the certificate itself, never the parcel): DataTables JSON endpoint behind the county-held certificates page; certificate number, account, purchase amount, expiration, interest rate.",COUNTY,,,,,LIENS_CERTIFICATES,APPROVED_GRANDFATHERED,,,
FL,Orange,fl_realauction,harvest_all_counties.ps1,,VENDOR_AUCTION,https://orange.realtaxdeed.com/index.cfm?zaction=USER&zmethod=CALENDAR,,,,HTTP_GET_HTML,HTML_TABLE,PRODUCTION_VERIFIED,APPROVED_GRANDFATHERED,2026-09-30,UNKNOWN,data/realauction_counties.csv; harvesters/governance/registry.py fl_realauction,"RealAuction / RealForeclose / RealTaxDeed tax-deed sale calendar contracted by the Clerk; per-sale auction pages carry the case, bid, parcel and the county appraiser deep-link.",COUNTY,,,,,AUCTIONS,APPROVED_GRANDFATHERED,,,
FL,Osceola,fl_laft_osceola,harvest_laft_osceola.py,POST_SALE_FIXED_PRICE,GOVERNMENT_PLATFORM,https://officialrecords.osceolaclerk.org/browserviewtd/,,,,JSON_ENDPOINT,JSON,PRODUCTION_VERIFIED,APPROVED_GRANDFATHERED,2026-09-29,COMPLETE,scripts/harvest_laft_osceola.py,NewVision Systems search API on the Clerk's domain,COUNTY,,,,,AVAILABLE,APPROVED_GRANDFATHERED,,,
FL,Osceola,fl_lienhub_certificates,harvest_lienhub_certificates.ps1,,VENDOR_AUCTION,https://lienhub.com/county/osceola/countyheld/certificates,,,,JSON_ENDPOINT,JSON,PRODUCTION_VERIFIED,APPROVED_GRANDFATHERED,2026-09-30,UNKNOWN,data/florida_certificate_sale_platforms.csv; harvesters/governance/registry.py fl_lienhub_certificates,"LienHub county-held tax certificates (the certificate itself, never the parcel): DataTables JSON endpoint behind the county-held certificates page; certificate number, account, purchase amount, expiration, interest rate.",COUNTY,,,,,LIENS_CERTIFICATES,APPROVED_GRANDFATHERED,,,
FL,Osceola,fl_realauction,harvest_all_counties.ps1,,VENDOR_AUCTION,https://osceola.realtaxdeed.com/index.cfm?zaction=USER&zmethod=CALENDAR,,,,HTTP_GET_HTML,HTML_TABLE,PRODUCTION_VERIFIED,APPROVED_GRANDFATHERED,2026-09-30,UNKNOWN,data/realauction_counties.csv; harvesters/governance/registry.py fl_realauction,"RealAuction / RealForeclose / RealTaxDeed tax-deed sale calendar contracted by the Clerk; per-sale auction pages carry the case, bid, parcel and the county appraiser deep-link.",COUNTY,,,,,AUCTIONS,APPROVED_GRANDFATHERED,,,
FL,Palm Beach,fl_laft_pioneer,harvest_laft_pioneer.py,POST_SALE_FIXED_PRICE,GOVERNMENT_PLATFORM,https://taxdeed.mypalmbeachclerk.com/,,,,JSON_ENDPOINT,JSON,PRODUCTION_VERIFIED,APPROVED_GRANDFATHERED,2026-09-29,COMPLETE,data/laft_pioneer_counties.csv,Pioneer Technology Group TaxSmartWeb portal contracted by the Clerk; GridSearchData JSON,COUNTY,,,,,AVAILABLE,APPROVED_GRANDFATHERED,,,
FL,Palm Beach,fl_realauction,harvest_all_counties.ps1,,VENDOR_AUCTION,https://palm-beach.realtaxdeed.com/index.cfm?zaction=USER&zmethod=CALENDAR,,,,HTTP_GET_HTML,HTML_TABLE,PRODUCTION_VERIFIED,APPROVED_GRANDFATHERED,2026-09-30,UNKNOWN,data/realauction_counties.csv; harvesters/governance/registry.py fl_realauction,"RealAuction / RealForeclose / RealTaxDeed tax-deed sale calendar contracted by the Clerk; per-sale auction pages carry the case, bid, parcel and the county appraiser deep-link.",COUNTY,,,,,AUCTIONS,APPROVED_GRANDFATHERED,,,
FL,Pasco,fl_laft_pdfs,harvest_laft_pdfs.py,POST_SALE_FIXED_PRICE,GOVERNMENT_DIRECT,https://www.pascoclerk.com/202/Purchasing-Property-off-the-Lists-of-Lan,https://app.pascoclerk.com/public_records/tax-deeds/List%20of%20Lands%20Available%20for%20Taxes%2020260706.pdf,,,HTTP_GET_PDF,PDF,PRODUCTION_VERIFIED,APPROVED_GRANDFATHERED,2026-09-29,COMPLETE,data/laft_pdf_sources.csv,Clerk PDF,COUNTY,,,,,AVAILABLE,APPROVED_GRANDFATHERED,,,
FL,Pasco,fl_lienhub_certificates,harvest_lienhub_certificates.ps1,,VENDOR_AUCTION,https://lienhub.com/county/pasco/countyheld/certificates,,,,JSON_ENDPOINT,JSON,PRODUCTION_VERIFIED,APPROVED_GRANDFATHERED,2026-09-30,UNKNOWN,data/florida_certificate_sale_platforms.csv; harvesters/governance/registry.py fl_lienhub_certificates,"LienHub county-held tax certificates (the certificate itself, never the parcel): DataTables JSON endpoint behind the county-held certificates page; certificate number, account, purchase amount, expiration, interest rate.",COUNTY,,,,,LIENS_CERTIFICATES,APPROVED_GRANDFATHERED,,,
FL,Pasco,fl_realauction,harvest_all_counties.ps1,,VENDOR_AUCTION,https://pasco.realtaxdeed.com/index.cfm?zaction=USER&zmethod=CALENDAR,,,,HTTP_GET_HTML,HTML_TABLE,PRODUCTION_VERIFIED,APPROVED_GRANDFATHERED,2026-09-30,UNKNOWN,data/realauction_counties.csv; harvesters/governance/registry.py fl_realauction,"RealAuction / RealForeclose / RealTaxDeed tax-deed sale calendar contracted by the Clerk; per-sale auction pages carry the case, bid, parcel and the county appraiser deep-link.",COUNTY,,,,,AUCTIONS,APPROVED_GRANDFATHERED,,,
FL,Pinellas,fl_laft_realtdm,harvest_laft_realtdm.py,POST_SALE_FIXED_PRICE,GOVERNMENT_PLATFORM,https://pinellas.realtdm.com/public/cases/list,,,,HTTP_POST_FORM,HTML_CARDS,PRODUCTION_VERIFIED,APPROVED_GRANDFATHERED,2026-09-29,UNKNOWN,data/laft_realtdm_counties.csv,realTDM case-management portal (RealAuction family) contracted by the Clerk; vendor domain,COUNTY,,,,,AVAILABLE,APPROVED_GRANDFATHERED,,,
FL,Pinellas,fl_lienhub_certificates,harvest_lienhub_certificates.ps1,,VENDOR_AUCTION,https://lienhub.com/county/pinellas/countyheld/certificates,,,,JSON_ENDPOINT,JSON,PRODUCTION_VERIFIED,APPROVED_GRANDFATHERED,2026-09-30,UNKNOWN,data/florida_certificate_sale_platforms.csv; harvesters/governance/registry.py fl_lienhub_certificates,"LienHub county-held tax certificates (the certificate itself, never the parcel): DataTables JSON endpoint behind the county-held certificates page; certificate number, account, purchase amount, expiration, interest rate.",COUNTY,,,,,LIENS_CERTIFICATES,APPROVED_GRANDFATHERED,,,
FL,Pinellas,fl_realauction,harvest_all_counties.ps1,,VENDOR_AUCTION,https://pinellas.realtaxdeed.com/index.cfm?zaction=USER&zmethod=CALENDAR,,,,HTTP_GET_HTML,HTML_TABLE,PRODUCTION_VERIFIED,APPROVED_GRANDFATHERED,2026-09-30,UNKNOWN,data/realauction_counties.csv; harvesters/governance/registry.py fl_realauction,"RealAuction / RealForeclose / RealTaxDeed tax-deed sale calendar contracted by the Clerk; per-sale auction pages carry the case, bid, parcel and the county appraiser deep-link.",COUNTY,,,,,AUCTIONS,APPROVED_GRANDFATHERED,,,
FL,Polk,fl_laft_realtdm,harvest_laft_realtdm.py,POST_SALE_FIXED_PRICE,GOVERNMENT_PLATFORM,https://polk.realtdm.com/public/cases/list,,,,HTTP_POST_FORM,HTML_CARDS,PRODUCTION_VERIFIED,APPROVED_GRANDFATHERED,2026-09-29,COMPLETE,data/laft_realtdm_counties.csv,realTDM case-management portal (RealAuction family) contracted by the Clerk; vendor domain,COUNTY,,,,,AVAILABLE,APPROVED_GRANDFATHERED,,,
FL,Polk,fl_realauction,harvest_all_counties.ps1,,VENDOR_AUCTION,https://polk.realtaxdeed.com/index.cfm?zaction=USER&zmethod=CALENDAR,,,,HTTP_GET_HTML,HTML_TABLE,PRODUCTION_VERIFIED,APPROVED_GRANDFATHERED,2026-09-30,UNKNOWN,data/realauction_counties.csv; harvesters/governance/registry.py fl_realauction,"RealAuction / RealForeclose / RealTaxDeed tax-deed sale calendar contracted by the Clerk; per-sale auction pages carry the case, bid, parcel and the county appraiser deep-link.",COUNTY,,,,,AUCTIONS,APPROVED_GRANDFATHERED,,,
FL,Putnam,fl_laft_html,harvest_laft_html.py,POST_SALE_FIXED_PRICE,GOVERNMENT_DIRECT,https://apps.putnam-fl.com/coc/taxdeeds/public/public_LAFT.php,https://apps.putnam-fl.com/coc/taxdeeds/public/public_LAFT.php,,,HTTP_GET_HTML,HTML_CARDS,PRODUCTION_VERIFIED,APPROVED_GRANDFATHERED,2026-09-29,COMPLETE,data/laft_html_sources.csv,Clerk page; static HTML,COUNTY,,,,,AVAILABLE,APPROVED_GRANDFATHERED,,,
FL,Putnam,fl_realauction,harvest_all_counties.ps1,,VENDOR_AUCTION,https://putnam.realtaxdeed.com/index.cfm?zaction=USER&zmethod=CALENDAR,,,,HTTP_GET_HTML,HTML_TABLE,PRODUCTION_VERIFIED,APPROVED_GRANDFATHERED,2026-09-30,UNKNOWN,data/realauction_counties.csv; harvesters/governance/registry.py fl_realauction,"RealAuction / RealForeclose / RealTaxDeed tax-deed sale calendar contracted by the Clerk; per-sale auction pages carry the case, bid, parcel and the county appraiser deep-link.",COUNTY,,,,,AUCTIONS,APPROVED_GRANDFATHERED,,,
FL,Santa Rosa,fl_laft_realtdm,harvest_laft_realtdm.py,POST_SALE_FIXED_PRICE,GOVERNMENT_PLATFORM,https://santarosa.realtdm.com/public/cases/list,,,,HTTP_POST_FORM,HTML_CARDS,PRODUCTION_VERIFIED,APPROVED_GRANDFATHERED,2026-09-29,UNKNOWN,data/laft_realtdm_counties.csv,realTDM case-management portal (RealAuction family) contracted by the Clerk; vendor domain,COUNTY,,,,,AVAILABLE,APPROVED_GRANDFATHERED,,,
FL,Santa Rosa,fl_lienhub_certificates,harvest_lienhub_certificates.ps1,,VENDOR_AUCTION,https://lienhub.com/county/santarosa/countyheld/certificates,,,,JSON_ENDPOINT,JSON,PRODUCTION_VERIFIED,APPROVED_GRANDFATHERED,2026-09-30,UNKNOWN,data/florida_certificate_sale_platforms.csv; harvesters/governance/registry.py fl_lienhub_certificates,"LienHub county-held tax certificates (the certificate itself, never the parcel): DataTables JSON endpoint behind the county-held certificates page; certificate number, account, purchase amount, expiration, interest rate.",COUNTY,,,,,LIENS_CERTIFICATES,APPROVED_GRANDFATHERED,,,
FL,Santa Rosa,fl_realauction,harvest_all_counties.ps1,,VENDOR_AUCTION,https://santa-rosa.realtaxdeed.com/index.cfm?zaction=USER&zmethod=CALENDAR,,,,HTTP_GET_HTML,HTML_TABLE,PRODUCTION_VERIFIED,APPROVED_GRANDFATHERED,2026-09-30,UNKNOWN,data/realauction_counties.csv; harvesters/governance/registry.py fl_realauction,"RealAuction / RealForeclose / RealTaxDeed tax-deed sale calendar contracted by the Clerk; per-sale auction pages carry the case, bid, parcel and the county appraiser deep-link.",COUNTY,,,,,AUCTIONS,APPROVED_GRANDFATHERED,,,
FL,Sarasota,fl_laft_realtdm,harvest_laft_realtdm.py,POST_SALE_FIXED_PRICE,GOVERNMENT_PLATFORM,https://sarasota.realtdm.com/public/cases/list,,,,HTTP_POST_FORM,HTML_CARDS,PRODUCTION_VERIFIED,APPROVED_GRANDFATHERED,2026-09-29,COMPLETE,data/laft_realtdm_counties.csv,realTDM case-management portal (RealAuction family) contracted by the Clerk; vendor domain,COUNTY,,,,,AVAILABLE,APPROVED_GRANDFATHERED,,,
FL,Sarasota,fl_lienhub_certificates,harvest_lienhub_certificates.ps1,,VENDOR_AUCTION,https://lienhub.com/county/sarasota/countyheld/certificates,,,,JSON_ENDPOINT,JSON,PRODUCTION_VERIFIED,APPROVED_GRANDFATHERED,2026-09-30,UNKNOWN,data/florida_certificate_sale_platforms.csv; harvesters/governance/registry.py fl_lienhub_certificates,"LienHub county-held tax certificates (the certificate itself, never the parcel): DataTables JSON endpoint behind the county-held certificates page; certificate number, account, purchase amount, expiration, interest rate.",COUNTY,,,,,LIENS_CERTIFICATES,APPROVED_GRANDFATHERED,,,
FL,Sarasota,fl_realauction,harvest_all_counties.ps1,,VENDOR_AUCTION,https://sarasota.realtaxdeed.com/index.cfm?zaction=USER&zmethod=CALENDAR,,,,HTTP_GET_HTML,HTML_TABLE,PRODUCTION_VERIFIED,APPROVED_GRANDFATHERED,2026-09-30,UNKNOWN,data/realauction_counties.csv; harvesters/governance/registry.py fl_realauction,"RealAuction / RealForeclose / RealTaxDeed tax-deed sale calendar contracted by the Clerk; per-sale auction pages carry the case, bid, parcel and the county appraiser deep-link.",COUNTY,,,,,AUCTIONS,APPROVED_GRANDFATHERED,,,
FL,Seminole,fl_laft_realtdm,harvest_laft_realtdm.py,POST_SALE_FIXED_PRICE,GOVERNMENT_PLATFORM,https://seminole.realtdm.com/public/cases/list,,,,HTTP_POST_FORM,HTML_CARDS,PRODUCTION_VERIFIED,APPROVED_GRANDFATHERED,2026-09-29,UNKNOWN,data/laft_realtdm_counties.csv,realTDM case-management portal (RealAuction family) contracted by the Clerk; vendor domain,COUNTY,,,,,AVAILABLE,APPROVED_GRANDFATHERED,,,
FL,Seminole,fl_lienhub_certificates,harvest_lienhub_certificates.ps1,,VENDOR_AUCTION,https://lienhub.com/county/seminole/countyheld/certificates,,,,JSON_ENDPOINT,JSON,PRODUCTION_VERIFIED,APPROVED_GRANDFATHERED,2026-09-30,UNKNOWN,data/florida_certificate_sale_platforms.csv; harvesters/governance/registry.py fl_lienhub_certificates,"LienHub county-held tax certificates (the certificate itself, never the parcel): DataTables JSON endpoint behind the county-held certificates page; certificate number, account, purchase amount, expiration, interest rate.",COUNTY,,,,,LIENS_CERTIFICATES,APPROVED_GRANDFATHERED,,,
FL,Seminole,fl_realauction,harvest_all_counties.ps1,,VENDOR_AUCTION,https://seminole.realtaxdeed.com/index.cfm?zaction=USER&zmethod=CALENDAR,,,,HTTP_GET_HTML,HTML_TABLE,PRODUCTION_VERIFIED,APPROVED_GRANDFATHERED,2026-09-30,UNKNOWN,data/realauction_counties.csv; harvesters/governance/registry.py fl_realauction,"RealAuction / RealForeclose / RealTaxDeed tax-deed sale calendar contracted by the Clerk; per-sale auction pages carry the case, bid, parcel and the county appraiser deep-link.",COUNTY,,,,,AUCTIONS,APPROVED_GRANDFATHERED,,,
FL,St. Johns,fl_laft_pioneer,harvest_laft_pioneer.py,POST_SALE_FIXED_PRICE,GOVERNMENT_PLATFORM,https://apps.stjohnsclerk.com/TaxSmart,,,,JSON_ENDPOINT,JSON,PRODUCTION_VERIFIED,APPROVED_GRANDFATHERED,2026-09-29,UNKNOWN,data/laft_pioneer_counties.csv,Pioneer Technology Group TaxSmartWeb portal contracted by the Clerk; GridSearchData JSON,COUNTY,,,,,AVAILABLE,APPROVED_GRANDFATHERED,,,
FL,St. Johns,fl_realauction,harvest_all_counties.ps1,,VENDOR_AUCTION,https://saintjohns.realtaxdeed.com/index.cfm?zaction=USER&zmethod=CALENDAR,,,,HTTP_GET_HTML,HTML_TABLE,PRODUCTION_VERIFIED,APPROVED_GRANDFATHERED,2026-09-30,UNKNOWN,data/realauction_counties.csv; harvesters/governance/registry.py fl_realauction,"RealAuction / RealForeclose / RealTaxDeed tax-deed sale calendar contracted by the Clerk; per-sale auction pages carry the case, bid, parcel and the county appraiser deep-link.",COUNTY,,,,,AUCTIONS,APPROVED_GRANDFATHERED,,,
FL,St. Lucie,fl_laft_stlucie,harvest_laft_stlucie.py,POST_SALE_FIXED_PRICE,GOVERNMENT_PLATFORM,https://acclaimweb.stlucieclerk.gov/TributeWeb/,,,,HEADLESS_BROWSER,PORTAL,PRODUCTION_VERIFIED,APPROVED_GRANDFATHERED,2026-09-29,COMPLETE,scripts/harvest_laft_stlucie.py,AcclaimWeb/TributeWeb search on the Clerk's domain; Playwright,COUNTY,,,,,AVAILABLE,APPROVED_GRANDFATHERED,,,
FL,St. Lucie,fl_lienhub_certificates,harvest_lienhub_certificates.ps1,,VENDOR_AUCTION,https://lienhub.com/county/stlucie/countyheld/certificates,,,,JSON_ENDPOINT,JSON,PRODUCTION_VERIFIED,APPROVED_GRANDFATHERED,2026-09-30,UNKNOWN,data/florida_certificate_sale_platforms.csv; harvesters/governance/registry.py fl_lienhub_certificates,"LienHub county-held tax certificates (the certificate itself, never the parcel): DataTables JSON endpoint behind the county-held certificates page; certificate number, account, purchase amount, expiration, interest rate.",COUNTY,,,,,LIENS_CERTIFICATES,APPROVED_GRANDFATHERED,,,
FL,St. Lucie,fl_realauction,harvest_all_counties.ps1,,VENDOR_AUCTION,https://st-lucie.realforeclose.com/index.cfm?zaction=USER&zmethod=CALENDAR,,,,HTTP_GET_HTML,HTML_TABLE,PRODUCTION_VERIFIED,APPROVED_GRANDFATHERED,2026-09-30,UNKNOWN,data/realauction_counties.csv; harvesters/governance/registry.py fl_realauction,"RealAuction / RealForeclose / RealTaxDeed tax-deed sale calendar contracted by the Clerk; per-sale auction pages carry the case, bid, parcel and the county appraiser deep-link.",COUNTY,,,,,AUCTIONS,APPROVED_GRANDFATHERED,,,
FL,Sumter,fl_laft_html,harvest_laft_html.py,POST_SALE_FIXED_PRICE,GOVERNMENT_DIRECT,https://www.sumterclerk.com/public-records/tax-deeds/land-available-for-taxes/,https://www.sumterclerk.com/public-records/tax-deeds/land-available-for-taxes/,,,HTTP_GET_HTML,HTML_TABLE,PRODUCTION_VERIFIED,APPROVED_GRANDFATHERED,2026-09-29,UNKNOWN,data/laft_html_sources.csv,Clerk page; static HTML,COUNTY,,,,,AVAILABLE,APPROVED_GRANDFATHERED,,,
FL,Sumter,fl_lienhub_certificates,harvest_lienhub_certificates.ps1,,VENDOR_AUCTION,https://lienhub.com/county/sumter/countyheld/certificates,,,,JSON_ENDPOINT,JSON,PRODUCTION_VERIFIED,APPROVED_GRANDFATHERED,2026-09-30,UNKNOWN,data/florida_certificate_sale_platforms.csv; harvesters/governance/registry.py fl_lienhub_certificates,"LienHub county-held tax certificates (the certificate itself, never the parcel): DataTables JSON endpoint behind the county-held certificates page; certificate number, account, purchase amount, expiration, interest rate.",COUNTY,,,,,LIENS_CERTIFICATES,APPROVED_GRANDFATHERED,,,
FL,Suwannee,,,POST_SALE_FIXED_PRICE,GOVERNMENT_DIRECT,https://www.suwgov.org/tax-deed-sales/,,,,UNKNOWN,UNKNOWN,SOURCE_EXISTS_ACCESS_UNKNOWN,TERMS_NOT_VERIFIED,2026-09-29,UNKNOWN,MASTER LAFT/OTC/STRUCK-OFF AUDIT 2026-09-29 s5,County page says unsold properties go on the List of Lands Available; no list URL.,COUNTY,,,,,AVAILABLE,UNREVIEWED,,,
FL,Suwannee,fl_realauction,harvest_all_counties.ps1,,VENDOR_AUCTION,https://suwannee.realtaxdeed.com/index.cfm?zaction=USER&zmethod=CALENDAR,,,,HTTP_GET_HTML,HTML_TABLE,PRODUCTION_VERIFIED,APPROVED_GRANDFATHERED,2026-09-30,UNKNOWN,data/realauction_counties.csv; harvesters/governance/registry.py fl_realauction,"RealAuction / RealForeclose / RealTaxDeed tax-deed sale calendar contracted by the Clerk; per-sale auction pages carry the case, bid, parcel and the county appraiser deep-link.",COUNTY,,,,,AUCTIONS,APPROVED_GRANDFATHERED,,,
FL,Taylor,fl_laft_html,harvest_laft_html.py,POST_SALE_FIXED_PRICE,GOVERNMENT_DIRECT,https://taylorclerk.com/departments/list-of-lands-available/,https://taylorclerk.com/departments/list-of-lands-available/,,,HTTP_GET_HTML,HTML_TABLE,PRODUCTION_VERIFIED,APPROVED_GRANDFATHERED,2026-09-29,UNKNOWN,data/laft_html_sources.csv,Clerk page; static HTML,COUNTY,,,,,AVAILABLE,APPROVED_GRANDFATHERED,,,
FL,Union,fl_laft_html,harvest_laft_html.py,POST_SALE_FIXED_PRICE,GOVERNMENT_DIRECT,https://unionclerk.com/departments-services/clerk-services/list-of-lands-available/,https://unionclerk.com/departments-services/clerk-services/list-of-lands-available/,,,HTTP_GET_HTML,HTML_TABLE,PRODUCTION_VERIFIED,APPROVED_GRANDFATHERED,2026-09-29,FAILED,data/laft_html_sources.csv,Clerk page; static HTML (WAF blocks runner IPs; ScraperAPI fallback),COUNTY,,,,,AVAILABLE,APPROVED_GRANDFATHERED,,,
FL,Volusia,fl_laft_pdfs,harvest_laft_pdfs.py,POST_SALE_FIXED_PRICE,GOVERNMENT_DIRECT,https://app02.clerk.org/cm_rpt/?id=lat,https://app02.clerk.org/cm_rpt/lands/LandsAvailableForTaxes.pdf,,,HTTP_GET_PDF,PDF,PRODUCTION_VERIFIED,APPROVED_GRANDFATHERED,2026-09-29,COMPLETE,data/laft_pdf_sources.csv,Clerk PDF,COUNTY,,,,,AVAILABLE,APPROVED_GRANDFATHERED,,,
FL,Volusia,fl_lienhub_certificates,harvest_lienhub_certificates.ps1,,VENDOR_AUCTION,https://lienhub.com/county/volusia/countyheld/certificates,,,,JSON_ENDPOINT,JSON,PRODUCTION_VERIFIED,APPROVED_GRANDFATHERED,2026-09-30,UNKNOWN,data/florida_certificate_sale_platforms.csv; harvesters/governance/registry.py fl_lienhub_certificates,"LienHub county-held tax certificates (the certificate itself, never the parcel): DataTables JSON endpoint behind the county-held certificates page; certificate number, account, purchase amount, expiration, interest rate.",COUNTY,,,,,LIENS_CERTIFICATES,APPROVED_GRANDFATHERED,,,
FL,Volusia,fl_realauction,harvest_all_counties.ps1,,VENDOR_AUCTION,https://volusia.realtaxdeed.com/index.cfm?zaction=USER&zmethod=CALENDAR,,,,HTTP_GET_HTML,HTML_TABLE,PRODUCTION_VERIFIED,APPROVED_GRANDFATHERED,2026-09-30,UNKNOWN,data/realauction_counties.csv; harvesters/governance/registry.py fl_realauction,"RealAuction / RealForeclose / RealTaxDeed tax-deed sale calendar contracted by the Clerk; per-sale auction pages carry the case, bid, parcel and the county appraiser deep-link.",COUNTY,,,,,AUCTIONS,APPROVED_GRANDFATHERED,,,
FL,Wakulla,,,POST_SALE_FIXED_PRICE,GOVERNMENT_DIRECT,https://www.wakullaclerk.org/official_records/tax_deed_sales.php,,,,UNKNOWN,UNKNOWN,SEARCH_EVIDENCE_ONLY,TERMS_NOT_VERIFIED,2026-09-29,UNKNOWN,MASTER LAFT/OTC/STRUCK-OFF AUDIT 2026-09-29 s5,Clerk page reportedly says the List of Lands currently has no parcels. NOT VERIFIED.,COUNTY,,,,,AVAILABLE,UNREVIEWED,,,
FL,Walton,fl_laft_pioneer,harvest_laft_pioneer.py,POST_SALE_FIXED_PRICE,GOVERNMENT_PLATFORM,https://taxsmart.clerkofcourts.co.walton.fl.us/,,,,JSON_ENDPOINT,JSON,PRODUCTION_VERIFIED,APPROVED_GRANDFATHERED,2026-09-29,FAILED,data/laft_pioneer_counties.csv,Pioneer Technology Group TaxSmartWeb portal contracted by the Clerk; GridSearchData JSON,COUNTY,,,,,AVAILABLE,APPROVED_GRANDFATHERED,,,
FL,Walton,fl_lienhub_certificates,harvest_lienhub_certificates.ps1,,VENDOR_AUCTION,https://lienhub.com/county/walton/countyheld/certificates,,,,JSON_ENDPOINT,JSON,PRODUCTION_VERIFIED,APPROVED_GRANDFATHERED,2026-09-30,UNKNOWN,data/florida_certificate_sale_platforms.csv; harvesters/governance/registry.py fl_lienhub_certificates,"LienHub county-held tax certificates (the certificate itself, never the parcel): DataTables JSON endpoint behind the county-held certificates page; certificate number, account, purchase amount, expiration, interest rate.",COUNTY,,,,,LIENS_CERTIFICATES,APPROVED_GRANDFATHERED,,,
FL,Walton,fl_realauction,harvest_all_counties.ps1,,VENDOR_AUCTION,https://walton.realforeclose.com/index.cfm?zaction=USER&zmethod=CALENDAR,,,,HTTP_GET_HTML,HTML_TABLE,PRODUCTION_VERIFIED,APPROVED_GRANDFATHERED,2026-09-30,UNKNOWN,data/realauction_counties.csv; harvesters/governance/registry.py fl_realauction,"RealAuction / RealForeclose / RealTaxDeed tax-deed sale calendar contracted by the Clerk; per-sale auction pages carry the case, bid, parcel and the county appraiser deep-link.",COUNTY,,,,,AUCTIONS,APPROVED_GRANDFATHERED,,,
FL,Washington,fl_laft_realtdm,harvest_laft_realtdm.py,POST_SALE_FIXED_PRICE,GOVERNMENT_PLATFORM,https://washington.realtdm.com/public/cases/list,,,,HTTP_POST_FORM,HTML_CARDS,PRODUCTION_VERIFIED,APPROVED_GRANDFATHERED,2026-09-29,UNKNOWN,data/laft_realtdm_counties.csv,realTDM case-management portal (RealAuction family) contracted by the Clerk; vendor domain,COUNTY,,,,,AVAILABLE,APPROVED_GRANDFATHERED,,,
FL,Washington,fl_realauction,harvest_all_counties.ps1,,VENDOR_AUCTION,https://washington.realtaxdeed.com/index.cfm?zaction=USER&zmethod=CALENDAR,,,,HTTP_GET_HTML,HTML_TABLE,PRODUCTION_VERIFIED,APPROVED_GRANDFATHERED,2026-09-30,UNKNOWN,data/realauction_counties.csv; harvesters/governance/registry.py fl_realauction,"RealAuction / RealForeclose / RealTaxDeed tax-deed sale calendar contracted by the Clerk; per-sale auction pages carry the case, bid, parcel and the county appraiser deep-link.",COUNTY,,,,,AUCTIONS,APPROVED_GRANDFATHERED,,,
LA,East Baton Rouge,la_ebr_adjudicated,,ADJUDICATED_PROPERTY,GOVERNMENT_DIRECT,https://data.brla.gov/Housing-and-Development/Adjudicated-Property/a4h4-zi7e,https://data.brla.gov/api/views/a4h4-zi7e/rows.csv?accessType=DOWNLOAD,,,JSON_ENDPOINT,CSV,SEARCH_EVIDENCE_ONLY,TERMS_NOT_VERIFIED,2026-09-30,UNKNOWN,"WEB SEARCH 2026-09-30 (data.brla.gov dataset titles, URLs, description and column list - harvesters/otc/adapters/louisiana.py EBR_EVIDENCE); MASTER LAFT/OTC/STRUCK-OFF AUDIT 2026-09-29","East Baton Rouge Parish open-data dataset a4h4-zi7e 'Adjudicated Property' - properties 'adjudicated to the Parish of East Baton Rouge' after no one bought them at the tax sale. canonical_url = the dataset page; document_url = its CSV download (JSON / XML / RDF also offered). Indexed columns: tax year, property number, taxpayer name / address, physical address, subdivision, block, lot, ward, legal description, fair market value, total assessed value, council district, zip, geolocation. No price and no purchase link in the dataset (the audit reports a vendor purchase process - unverified, not implemented). Whether the dataset is current inventory or a yearly snapshot is not established. Nothing fetched from this repository; search-index evidence only; not activated.",PARISH,East Baton Rouge Parish (City of Baton Rouge / Parish of East Baton Rouge open data),NOT_PUBLISHED,"not established (the GIS 'Adjudicated Parcel' layer reads 'last updated September 07, 2026' in the index; the dataset's own cadence not read)",adjudicated property; adjudicated to the Parish of East Baton Rouge; property number; tax year (search-index wording),AVAILABLE,UNREVIEWED,,,
TX,Angelina,tx_realauction,harvesters/texas_harvester.py,,VENDOR_AUCTION,https://angelina.texas.sheriffsaleauctions.com/index.cfm?zaction=USER&zmethod=CALENDAR,,,,HTTP_GET_HTML,HTML_TABLE,PRODUCTION_VERIFIED,APPROVED,2026-09-30,UNKNOWN,data/tx_realauction_counties.csv; harvesters/governance/registry.py tx_realauction,RealAuction sheriff-sale / tax-sale calendar (sheriffsaleauctions.com or realforeclose.com) for the county's tax foreclosure sales; AUCTIONS only - Texas has no certificate ledger.,COUNTY,,,,,AUCTIONS,APPROVED_GRANDFATHERED,,,
TX,Aransas,tx_realauction,harvesters/texas_harvester.py,,VENDOR_AUCTION,https://aransas.texas.sheriffsaleauctions.com/index.cfm?zaction=USER&zmethod=CALENDAR,,,,HTTP_GET_HTML,HTML_TABLE,PRODUCTION_VERIFIED,APPROVED,2026-09-30,UNKNOWN,data/tx_realauction_counties.csv; harvesters/governance/registry.py tx_realauction,RealAuction sheriff-sale / tax-sale calendar (sheriffsaleauctions.com or realforeclose.com) for the county's tax foreclosure sales; AUCTIONS only - Texas has no certificate ledger.,COUNTY,,,,,AUCTIONS,APPROVED_GRANDFATHERED,,,
TX,Atascosa,tx_realauction,harvesters/texas_harvester.py,,VENDOR_AUCTION,https://atascosa.texas.sheriffsaleauctions.com/index.cfm?zaction=USER&zmethod=CALENDAR,,,,HTTP_GET_HTML,HTML_TABLE,PRODUCTION_VERIFIED,APPROVED,2026-09-30,UNKNOWN,data/tx_realauction_counties.csv; harvesters/governance/registry.py tx_realauction,RealAuction sheriff-sale / tax-sale calendar (sheriffsaleauctions.com or realforeclose.com) for the county's tax foreclosure sales; AUCTIONS only - Texas has no certificate ledger.,COUNTY,,,,,AUCTIONS,APPROVED_GRANDFATHERED,,,
TX,Austin,tx_pbfcm,,,VENDOR_COUNSEL,,,,,NONE,PDF,BLOCKED_VENDOR_ONLY,BLOCKED,2026-09-29,UNKNOWN,MASTER LAFT/OTC/STRUCK-OFF AUDIT 2026-09-29 s5,"Only a BLOCKED vendor publishes this county's struck-off list; discovery-only, no URL recorded.",COUNTY,,,,,,BLOCKED,,,
TX,Bandera,,,,GOVERNMENT_DIRECT,https://www.banderacounty.gov/page/open/1095/0/Purchasing%20Land%20Held%20in%20Trust,,,,UNKNOWN,HTML_TABLE,SEARCH_EVIDENCE_ONLY,TERMS_NOT_VERIFIED,2026-09-29,UNKNOWN,MASTER LAFT/OTC/STRUCK-OFF AUDIT 2026-09-29 s5,Tax Office 'land held in trust'; county also appears in a blocked vendor's roster. NOT VERIFIED (search index only).,COUNTY,,,,,AVAILABLE,UNREVIEWED,,,
TX,Bee,,,,GOVERNMENT_DIRECT,https://www.beecounty.texas.gov,,,,UNKNOWN,DOCX,SEARCH_EVIDENCE_ONLY,TERMS_NOT_VERIFIED,2026-09-29,UNKNOWN,MASTER LAFT/OTC/STRUCK-OFF AUDIT 2026-09-29 s5,'TAX FORECLOSURE RESALE' DOCX; list or procedure unknown. NOT VERIFIED (search index only).,COUNTY,,,,,AVAILABLE,UNREVIEWED,,,
TX,Bexar,,,,GOVERNMENT_DIRECT,https://www.bexar.org/DocumentCenter/View/41851/Bexar-County-Tax-Foreclosure-Struck-Off-Properties-General-Information,,,,UNKNOWN,UNKNOWN,SEARCH_EVIDENCE_ONLY,TERMS_NOT_VERIFIED,2026-09-29,UNKNOWN,MASTER LAFT/OTC/STRUCK-OFF AUDIT 2026-09-29 s5,DocumentCenter 'struck off' general information; distribution list container unknown. NOT VERIFIED (search index only).,COUNTY,,,,,AVAILABLE,UNREVIEWED,,,
TX,Brazoria,,,,GOVERNMENT_DIRECT,https://www.brazoriacountytx.gov/departments/tax-office/property-taxes/sheriff-sale-tax-resales,,,,UNKNOWN,HTML_TABLE,SEARCH_EVIDENCE_ONLY,TERMS_NOT_VERIFIED,2026-09-29,UNKNOWN,MASTER LAFT/OTC/STRUCK-OFF AUDIT 2026-09-29 s5,Tax Office 'Sheriff Sale & Tax Resales'. NOT VERIFIED (search index only).,COUNTY,,,,,AVAILABLE,UNREVIEWED,,,
TX,Caldwell,tx_realauction,harvesters/texas_harvester.py,,VENDOR_AUCTION,https://caldwell.texas.sheriffsaleauctions.com/index.cfm?zaction=USER&zmethod=CALENDAR,,,,HTTP_GET_HTML,HTML_TABLE,PRODUCTION_VERIFIED,APPROVED,2026-09-30,UNKNOWN,data/tx_realauction_counties.csv; harvesters/governance/registry.py tx_realauction,RealAuction sheriff-sale / tax-sale calendar (sheriffsaleauctions.com or realforeclose.com) for the county's tax foreclosure sales; AUCTIONS only - Texas has no certificate ledger.,COUNTY,,,,,AUCTIONS,APPROVED_GRANDFATHERED,,,
TX,Calhoun,tx_mvba,,,VENDOR_COUNSEL,,,,,NONE,PDF,BLOCKED_VENDOR_ONLY,BLOCKED,2026-09-29,UNKNOWN,MASTER LAFT/OTC/STRUCK-OFF AUDIT 2026-09-29 s5,"Only a BLOCKED vendor publishes this county's struck-off list; discovery-only, no URL recorded.",COUNTY,,,,,,BLOCKED,,,
TX,Cameron,tx_realauction,harvesters/texas_harvester.py,,VENDOR_AUCTION,https://cameron.texas.sheriffsaleauctions.com/index.cfm?zaction=USER&zmethod=CALENDAR,,,,HTTP_GET_HTML,HTML_TABLE,PRODUCTION_VERIFIED,APPROVED,2026-09-30,UNKNOWN,data/tx_realauction_counties.csv; harvesters/governance/registry.py tx_realauction,RealAuction sheriff-sale / tax-sale calendar (sheriffsaleauctions.com or realforeclose.com) for the county's tax foreclosure sales; AUCTIONS only - Texas has no certificate ledger.,COUNTY,,,,,AUCTIONS,APPROVED_GRANDFATHERED,,,
TX,Camp,,,,GOVERNMENT_DIRECT,https://www.campcad.org/struck-off-list/,,,,UNKNOWN,HTML_TABLE,SEARCH_EVIDENCE_ONLY,TERMS_NOT_VERIFIED,2026-09-29,UNKNOWN,MASTER LAFT/OTC/STRUCK-OFF AUDIT 2026-09-29 s5,Appraisal district 'Struck Off List of Properties' (03-03-2026 snippet). NOT VERIFIED (search index only).,COUNTY,,,,,AVAILABLE,UNREVIEWED,,,
TX,Chambers,tx_pbfcm,,,VENDOR_COUNSEL,,,,,NONE,PDF,BLOCKED_VENDOR_ONLY,BLOCKED,2026-09-29,UNKNOWN,MASTER LAFT/OTC/STRUCK-OFF AUDIT 2026-09-29 s5,"Only a BLOCKED vendor publishes this county's struck-off list; discovery-only, no URL recorded.",COUNTY,,,,,,BLOCKED,,,
TX,Collin,,,,GOVERNMENT_DIRECT,https://www.collincountytx.gov/Tax-Assessor/properties-for-sale,,,,UNKNOWN,HTML_TABLE,SEARCH_EVIDENCE_ONLY,TERMS_NOT_VERIFIED,2026-09-29,UNKNOWN,MASTER LAFT/OTC/STRUCK-OFF AUDIT 2026-09-29 s5,Tax Assessor 'Properties For Sale'; bids reportedly processed by outside counsel. NOT VERIFIED (search index only).,COUNTY,,,,,AVAILABLE,UNREVIEWED,,,
TX,Dallas,,,,GOVERNMENT_DIRECT,https://www.dallascounty.org/departments/pubworks/property-division.php,,,,UNKNOWN,HTML_TABLE,SEARCH_EVIDENCE_ONLY,TERMS_NOT_VERIFIED,2026-09-29,UNKNOWN,MASTER LAFT/OTC/STRUCK-OFF AUDIT 2026-09-29 s5,Public Works Property Division 'Tax Foreclosure Resales'; downloadable list reported. NOT VERIFIED (search index only).,COUNTY,,,,,AVAILABLE,UNREVIEWED,,,
TX,Dallas,tx_realauction,harvesters/texas_harvester.py,,VENDOR_AUCTION,https://dallas.texas.sheriffsaleauctions.com/index.cfm?zaction=USER&zmethod=CALENDAR,,,,HTTP_GET_HTML,HTML_TABLE,PRODUCTION_VERIFIED,APPROVED,2026-09-30,UNKNOWN,data/tx_realauction_counties.csv; harvesters/governance/registry.py tx_realauction,RealAuction sheriff-sale / tax-sale calendar (sheriffsaleauctions.com or realforeclose.com) for the county's tax foreclosure sales; AUCTIONS only - Texas has no certificate ledger.,COUNTY,,,,,AUCTIONS,APPROVED_GRANDFATHERED,,,
TX,El Paso,tx_realauction,harvesters/texas_harvester.py,,VENDOR_AUCTION,https://elpaso.texas.sheriffsaleauctions.com/index.cfm?zaction=USER&zmethod=CALENDAR,,,,HTTP_GET_HTML,HTML_TABLE,PRODUCTION_VERIFIED,APPROVED,2026-09-30,UNKNOWN,data/tx_realauction_counties.csv; harvesters/governance/registry.py tx_realauction,RealAuction sheriff-sale / tax-sale calendar (sheriffsaleauctions.com or realforeclose.com) for the county's tax foreclosure sales; AUCTIONS only - Texas has no certificate ledger.,COUNTY,,,,,AUCTIONS,APPROVED_GRANDFATHERED,,,
TX,Ellis,tx_realauction,harvesters/texas_harvester.py,,VENDOR_AUCTION,https://ellis.texas.sheriffsaleauctions.com/index.cfm?zaction=USER&zmethod=CALENDAR,,,,HTTP_GET_HTML,HTML_TABLE,PRODUCTION_VERIFIED,APPROVED,2026-09-30,UNKNOWN,data/tx_realauction_counties.csv; harvesters/governance/registry.py tx_realauction,RealAuction sheriff-sale / tax-sale calendar (sheriffsaleauctions.com or realforeclose.com) for the county's tax foreclosure sales; AUCTIONS only - Texas has no certificate ledger.,COUNTY,,,,,AUCTIONS,APPROVED_GRANDFATHERED,,,
TX,Fayette,,,,GOVERNMENT_DIRECT,https://www.fayettecad.org/trust-properties-offered-for-sale,,,,UNKNOWN,HTML_TABLE,SEARCH_EVIDENCE_ONLY,TERMS_NOT_VERIFIED,2026-09-29,UNKNOWN,MASTER LAFT/OTC/STRUCK-OFF AUDIT 2026-09-29 s5,Appraisal district 'Trust Properties Offered for Sale'. NOT VERIFIED (search index only).,COUNTY,,,,,AVAILABLE,UNREVIEWED,,,
TX,Fort Bend,tx_pbfcm,,,VENDOR_COUNSEL,,,,,NONE,PDF,BLOCKED_VENDOR_ONLY,BLOCKED,2026-09-29,UNKNOWN,MASTER LAFT/OTC/STRUCK-OFF AUDIT 2026-09-29 s5,"Only a BLOCKED vendor publishes this county's struck-off list; discovery-only, no URL recorded.",COUNTY,,,,,,BLOCKED,,,
TX,Galveston,tx_lgbs,harvesters/texas_harvester.py,,VENDOR_COUNSEL,https://taxsales.lgbs.com/,,,,VENDOR_API,JSON,PRODUCTION_VERIFIED,APPROVED,2026-09-23,FAILED,harvesters/governance/registry.py tx_lgbs; data/tx_lgbs_observed_county_roster.csv,"Delinquent-tax counsel publication (not the county); rows carry no per-property URL; feed INCOMPLETE on 2026-09-29, last success 2026-09-23. Do not retry.",COUNTY,,,,,AUCTIONS|AVAILABLE,APPROVED_GRANDFATHERED,,,
TX,Galveston,tx_realauction,harvesters/texas_harvester.py,,VENDOR_AUCTION,https://galveston.texas.sheriffsaleauctions.com/index.cfm?zaction=USER&zmethod=CALENDAR,,,,HTTP_GET_HTML,HTML_TABLE,PRODUCTION_VERIFIED,APPROVED,2026-09-30,UNKNOWN,data/tx_realauction_counties.csv; harvesters/governance/registry.py tx_realauction,RealAuction sheriff-sale / tax-sale calendar (sheriffsaleauctions.com or realforeclose.com) for the county's tax foreclosure sales; AUCTIONS only - Texas has no certificate ledger.,COUNTY,,,,,AUCTIONS,APPROVED_GRANDFATHERED,,,
TX,Goliad,tx_lgbs,harvesters/texas_harvester.py,,VENDOR_COUNSEL,https://taxsales.lgbs.com/,,,,VENDOR_API,JSON,PRODUCTION_VERIFIED,APPROVED,2026-09-23,FAILED,harvesters/governance/registry.py tx_lgbs; data/tx_lgbs_observed_county_roster.csv,"Delinquent-tax counsel publication (not the county); rows carry no per-property URL; feed INCOMPLETE on 2026-09-29, last success 2026-09-23. Do not retry.",COUNTY,,,,,AUCTIONS|AVAILABLE,APPROVED_GRANDFATHERED,,,
TX,Grayson,,,,GOVERNMENT_DIRECT,https://taxsearch.co.grayson.tx.us:8443/Sales/Struck-Off-Properties,,,,UNKNOWN,PORTAL,SEARCH_EVIDENCE_ONLY,TERMS_NOT_VERIFIED,2026-09-29,UNKNOWN,MASTER LAFT/OTC/STRUCK-OFF AUDIT 2026-09-29 s5,County tax portal 'Struck Off Properties'. NOT VERIFIED (search index only).,COUNTY,,,,,AVAILABLE,UNREVIEWED,,,
TX,Gregg,,,,GOVERNMENT_DIRECT,https://www.greggcounty.texas.gov/assets/main/tax-assessor-collector/tax-resale-property.pdf,,,,UNKNOWN,PDF,SEARCH_EVIDENCE_ONLY,TERMS_NOT_VERIFIED,2026-09-29,UNKNOWN,MASTER LAFT/OTC/STRUCK-OFF AUDIT 2026-09-29 s5,Tax Assessor-Collector 'tax resale property' PDF. NOT VERIFIED (search index only).,COUNTY,,,,,AVAILABLE,UNREVIEWED,,,
TX,Gregg,tx_realauction,harvesters/texas_harvester.py,,VENDOR_AUCTION,https://gregg.texas.sheriffsaleauctions.com/index.cfm?zaction=USER&zmethod=CALENDAR,,,,HTTP_GET_HTML,HTML_TABLE,PRODUCTION_VERIFIED,APPROVED,2026-09-30,UNKNOWN,data/tx_realauction_counties.csv; harvesters/governance/registry.py tx_realauction,RealAuction sheriff-sale / tax-sale calendar (sheriffsaleauctions.com or realforeclose.com) for the county's tax foreclosure sales; AUCTIONS only - Texas has no certificate ledger.,COUNTY,,,,,AUCTIONS,APPROVED_GRANDFATHERED,,,
TX,Hardin,tx_lgbs,harvesters/texas_harvester.py,,VENDOR_COUNSEL,https://taxsales.lgbs.com/,,,,VENDOR_API,JSON,PRODUCTION_VERIFIED,APPROVED,2026-09-23,FAILED,harvesters/governance/registry.py tx_lgbs; data/tx_lgbs_observed_county_roster.csv,"Delinquent-tax counsel publication (not the county); rows carry no per-property URL; feed INCOMPLETE on 2026-09-29, last success 2026-09-23. Do not retry.",COUNTY,,,,,AUCTIONS|AVAILABLE,APPROVED_GRANDFATHERED,,,
TX,Harris,tx_hctax,,,GOVERNMENT_DIRECT,https://www.hctax.net/Property/listings/taxsalelisting,,,,UNKNOWN,PORTAL,SEARCH_EVIDENCE_ONLY,LEGAL_REVIEW_REQUIRED,2026-09-29,UNKNOWN,MASTER LAFT/OTC/STRUCK-OFF AUDIT 2026-09-29 s5,hctax.net Tax Resales category; registry tx_hctax LEGAL_REVIEW_REQUIRED (Phase 9.5) - gate refuses until resolved. NOT VERIFIED (search index only).,COUNTY,,,,,AVAILABLE,RESTRICTED,"LEGAL_REVIEW_REQUIRED (registry tx_hctax, Phase 9.5): hctax.net terms not cleared for redistribution; gate refuses until resolved",,
TX,Hidalgo,tx_pbfcm,,,VENDOR_COUNSEL,,,,,NONE,PDF,BLOCKED_VENDOR_ONLY,BLOCKED,2026-09-29,UNKNOWN,MASTER LAFT/OTC/STRUCK-OFF AUDIT 2026-09-29 s5,"Only a BLOCKED vendor publishes this county's struck-off list; discovery-only, no URL recorded.",COUNTY,,,,,,BLOCKED,,,
TX,Hood,,,,GOVERNMENT_DIRECT,https://www.hoodcad.net/struck-off-property-list/,,,,UNKNOWN,HTML_TABLE,SEARCH_EVIDENCE_ONLY,TERMS_NOT_VERIFIED,2026-09-29,UNKNOWN,MASTER LAFT/OTC/STRUCK-OFF AUDIT 2026-09-29 s5,Appraisal district 'Struck off Property List'. NOT VERIFIED (search index only).,COUNTY,,,,,AVAILABLE,UNREVIEWED,,,
TX,Hopkins,tx_realauction,harvesters/texas_harvester.py,,VENDOR_AUCTION,https://hopkins.texas.sheriffsaleauctions.com/index.cfm?zaction=USER&zmethod=CALENDAR,,,,HTTP_GET_HTML,HTML_TABLE,PRODUCTION_VERIFIED,APPROVED,2026-09-30,UNKNOWN,data/tx_realauction_counties.csv; harvesters/governance/registry.py tx_realauction,RealAuction sheriff-sale / tax-sale calendar (sheriffsaleauctions.com or realforeclose.com) for the county's tax foreclosure sales; AUCTIONS only - Texas has no certificate ledger.,COUNTY,,,,,AUCTIONS,APPROVED_GRANDFATHERED,,,
TX,Jackson,tx_realauction,harvesters/texas_harvester.py,,VENDOR_AUCTION,https://jackson.texas.sheriffsaleauctions.com/index.cfm?zaction=USER&zmethod=CALENDAR,,,,HTTP_GET_HTML,HTML_TABLE,PRODUCTION_VERIFIED,APPROVED,2026-09-30,UNKNOWN,data/tx_realauction_counties.csv; harvesters/governance/registry.py tx_realauction,RealAuction sheriff-sale / tax-sale calendar (sheriffsaleauctions.com or realforeclose.com) for the county's tax foreclosure sales; AUCTIONS only - Texas has no certificate ledger.,COUNTY,,,,,AUCTIONS,APPROVED_GRANDFATHERED,,,
TX,Jefferson,,,,GOVERNMENT_DIRECT,https://www.jeffersoncountytx.gov,,,,UNKNOWN,PDF,SEARCH_EVIDENCE_ONLY,TERMS_NOT_VERIFIED,2026-09-29,UNKNOWN,MASTER LAFT/OTC/STRUCK-OFF AUDIT 2026-09-29 s5,"Dated 'Resale List' PDFs (2026-06-02, 2026-03-03, 2025-09-09) under Documents/Sales; some may be sale notices. NOT VERIFIED (search index only).",COUNTY,,,,,AVAILABLE,UNREVIEWED,,,
TX,Jim Wells,,,,GOVERNMENT_DIRECT,https://www.co.jim-wells.tx.us,,,,UNKNOWN,PDF,SEARCH_EVIDENCE_ONLY,TERMS_NOT_VERIFIED,2026-09-29,UNKNOWN,MASTER LAFT/OTC/STRUCK-OFF AUDIT 2026-09-29 s5,County 'JWC Resale List' PDF (properties struck off to taxing entities). NOT VERIFIED (search index only).,COUNTY,,,,,AVAILABLE,UNREVIEWED,,,
TX,Jim Wells,tx_lgbs,harvesters/texas_harvester.py,,VENDOR_COUNSEL,https://taxsales.lgbs.com/,,,,VENDOR_API,JSON,PRODUCTION_VERIFIED,APPROVED,2026-09-23,FAILED,harvesters/governance/registry.py tx_lgbs; data/tx_lgbs_observed_county_roster.csv,"Delinquent-tax counsel publication (not the county); rows carry no per-property URL; feed INCOMPLETE on 2026-09-29, last success 2026-09-23. Do not retry.",COUNTY,,,,,AUCTIONS|AVAILABLE,APPROVED_GRANDFATHERED,,,
TX,Kaufman,tx_realauction,harvesters/texas_harvester.py,,VENDOR_AUCTION,https://kaufman.texas.sheriffsaleauctions.com/index.cfm?zaction=USER&zmethod=CALENDAR,,,,HTTP_GET_HTML,HTML_TABLE,PRODUCTION_VERIFIED,APPROVED,2026-09-30,UNKNOWN,data/tx_realauction_counties.csv; harvesters/governance/registry.py tx_realauction,RealAuction sheriff-sale / tax-sale calendar (sheriffsaleauctions.com or realforeclose.com) for the county's tax foreclosure sales; AUCTIONS only - Texas has no certificate ledger.,COUNTY,,,,,AUCTIONS,APPROVED_GRANDFATHERED,,,
TX,Leon,tx_lgbs,harvesters/texas_harvester.py,,VENDOR_COUNSEL,https://taxsales.lgbs.com/,,,,VENDOR_API,JSON,PRODUCTION_VERIFIED,APPROVED,2026-09-23,FAILED,harvesters/governance/registry.py tx_lgbs; data/tx_lgbs_observed_county_roster.csv,"Delinquent-tax counsel publication (not the county); rows carry no per-property URL; feed INCOMPLETE on 2026-09-29, last success 2026-09-23. Do not retry.",COUNTY,,,,,AUCTIONS|AVAILABLE,APPROVED_GRANDFATHERED,,,
TX,Liberty,tx_lgbs,harvesters/texas_harvester.py,,VENDOR_COUNSEL,https://taxsales.lgbs.com/,,,,VENDOR_API,JSON,PRODUCTION_VERIFIED,APPROVED,2026-09-23,FAILED,harvesters/governance/registry.py tx_lgbs; data/tx_lgbs_observed_county_roster.csv,"Delinquent-tax counsel publication (not the county); rows carry no per-property URL; feed INCOMPLETE on 2026-09-29, last success 2026-09-23. Do not retry.",COUNTY,,,,,AUCTIONS|AVAILABLE,APPROVED_GRANDFATHERED,,,
TX,Llano,tx_realauction,harvesters/texas_harvester.py,,VENDOR_AUCTION,https://llano.texas.sheriffsaleauctions.com/index.cfm?zaction=USER&zmethod=CALENDAR,,,,HTTP_GET_HTML,HTML_TABLE,PRODUCTION_VERIFIED,APPROVED,2026-09-30,UNKNOWN,data/tx_realauction_counties.csv; harvesters/governance/registry.py tx_realauction,RealAuction sheriff-sale / tax-sale calendar (sheriffsaleauctions.com or realforeclose.com) for the county's tax foreclosure sales; AUCTIONS only - Texas has no certificate ledger.,COUNTY,,,,,AUCTIONS,APPROVED_GRANDFATHERED,,,
TX,Matagorda,tx_pbfcm,,,VENDOR_COUNSEL,,,,,NONE,PDF,BLOCKED_VENDOR_ONLY,BLOCKED,2026-09-29,UNKNOWN,MASTER LAFT/OTC/STRUCK-OFF AUDIT 2026-09-29 s5,"Only a BLOCKED vendor publishes this county's struck-off list; discovery-only, no URL recorded.",COUNTY,,,,,,BLOCKED,,,
TX,Matagorda,tx_realauction,harvesters/texas_harvester.py,,VENDOR_AUCTION,https://matagorda.texas.sheriffsaleauctions.com/index.cfm?zaction=USER&zmethod=CALENDAR,,,,HTTP_GET_HTML,HTML_TABLE,PRODUCTION_VERIFIED,APPROVED,2026-09-30,UNKNOWN,data/tx_realauction_counties.csv; harvesters/governance/registry.py tx_realauction,RealAuction sheriff-sale / tax-sale calendar (sheriffsaleauctions.com or realforeclose.com) for the county's tax foreclosure sales; AUCTIONS only - Texas has no certificate ledger.,COUNTY,,,,,AUCTIONS,APPROVED_GRANDFATHERED,,,
TX,Maverick,tx_lgbs,harvesters/texas_harvester.py,,VENDOR_COUNSEL,https://taxsales.lgbs.com/,,,,VENDOR_API,JSON,PRODUCTION_VERIFIED,APPROVED,2026-09-23,FAILED,harvesters/governance/registry.py tx_lgbs; data/tx_lgbs_observed_county_roster.csv,"Delinquent-tax counsel publication (not the county); rows carry no per-property URL; feed INCOMPLETE on 2026-09-29, last success 2026-09-23. Do not retry.",COUNTY,,,,,AUCTIONS|AVAILABLE,APPROVED_GRANDFATHERED,,,
TX,Maverick,tx_pbfcm,,,VENDOR_COUNSEL,,,,,NONE,PDF,BLOCKED_VENDOR_ONLY,BLOCKED,2026-09-29,UNKNOWN,MASTER LAFT/OTC/STRUCK-OFF AUDIT 2026-09-29 s5,"Only a BLOCKED vendor publishes this county's struck-off list; discovery-only, no URL recorded.",COUNTY,,,,,,BLOCKED,,,
TX,Milam,tx_pbfcm,,,VENDOR_COUNSEL,,,,,NONE,PDF,BLOCKED_VENDOR_ONLY,BLOCKED,2026-09-29,UNKNOWN,MASTER LAFT/OTC/STRUCK-OFF AUDIT 2026-09-29 s5,"Only a BLOCKED vendor publishes this county's struck-off list; discovery-only, no URL recorded.",COUNTY,,,,,,BLOCKED,,,
TX,Montgomery,,,,GOVERNMENT_DIRECT,https://www.mctx.org/departments/departments_q_-_z/tax_office/tax_trust_property.php,,,,UNKNOWN,HTML_TABLE,SEARCH_EVIDENCE_ONLY,TERMS_NOT_VERIFIED,2026-09-29,UNKNOWN,MASTER LAFT/OTC/STRUCK-OFF AUDIT 2026-09-29 s5,Tax Office 'Tax Trust Properties'. NOT VERIFIED (search index only).,COUNTY,,,,,AVAILABLE,UNREVIEWED,,,
TX,Montgomery,tx_realauction,harvesters/texas_harvester.py,,VENDOR_AUCTION,https://montgomery.texas.realforeclose.com/index.cfm?zaction=USER&zmethod=CALENDAR,,,,HTTP_GET_HTML,HTML_TABLE,PRODUCTION_VERIFIED,APPROVED,2026-09-30,UNKNOWN,data/tx_realauction_counties.csv; harvesters/governance/registry.py tx_realauction,RealAuction sheriff-sale / tax-sale calendar (sheriffsaleauctions.com or realforeclose.com) for the county's tax foreclosure sales; AUCTIONS only - Texas has no certificate ledger.,COUNTY,,,,,AUCTIONS,APPROVED_GRANDFATHERED,,,
TX,Nacogdoches,tx_pbfcm,,,VENDOR_COUNSEL,,,,,NONE,PDF,BLOCKED_VENDOR_ONLY,BLOCKED,2026-09-29,UNKNOWN,MASTER LAFT/OTC/STRUCK-OFF AUDIT 2026-09-29 s5,"Only a BLOCKED vendor publishes this county's struck-off list; discovery-only, no URL recorded.",COUNTY,,,,,,BLOCKED,,,
TX,Nueces,tx_realauction,harvesters/texas_harvester.py,,VENDOR_AUCTION,https://nueces.texas.sheriffsaleauctions.com/index.cfm?zaction=USER&zmethod=CALENDAR,,,,HTTP_GET_HTML,HTML_TABLE,PRODUCTION_VERIFIED,APPROVED,2026-09-30,UNKNOWN,data/tx_realauction_counties.csv; harvesters/governance/registry.py tx_realauction,RealAuction sheriff-sale / tax-sale calendar (sheriffsaleauctions.com or realforeclose.com) for the county's tax foreclosure sales; AUCTIONS only - Texas has no certificate ledger.,COUNTY,,,,,AUCTIONS,APPROVED_GRANDFATHERED,,,
TX,Orange,,,,GOVERNMENT_DIRECT,https://www.co.orange.tx.us/departments/TaxAssessor-Collector/PropertyTaxSales,,,,UNKNOWN,PDF,SEARCH_EVIDENCE_ONLY,TERMS_NOT_VERIFIED,2026-09-29,UNKNOWN,MASTER LAFT/OTC/STRUCK-OFF AUDIT 2026-09-29 s5,Tax Assessor-Collector 'Trust Property Listing' PDF dated 04.09.25 plus bid forms. NOT VERIFIED (search index only).,COUNTY,,,,,AVAILABLE,UNREVIEWED,,,
TX,Orange,tx_realauction,harvesters/texas_harvester.py,,VENDOR_AUCTION,https://orange.texas.sheriffsaleauctions.com/index.cfm?zaction=USER&zmethod=CALENDAR,,,,HTTP_GET_HTML,HTML_TABLE,PRODUCTION_VERIFIED,APPROVED,2026-09-30,UNKNOWN,data/tx_realauction_counties.csv; harvesters/governance/registry.py tx_realauction,RealAuction sheriff-sale / tax-sale calendar (sheriffsaleauctions.com or realforeclose.com) for the county's tax foreclosure sales; AUCTIONS only - Texas has no certificate ledger.,COUNTY,,,,,AUCTIONS,APPROVED_GRANDFATHERED,,,
TX,Randall,,,,GOVERNMENT_DIRECT,https://www.randallcounty.gov/293/Sheriff-Sale,,,,UNKNOWN,HTML_TABLE,SEARCH_EVIDENCE_ONLY,TERMS_NOT_VERIFIED,2026-09-29,UNKNOWN,MASTER LAFT/OTC/STRUCK-OFF AUDIT 2026-09-29 s5,Struck-off properties list reported in summary text only - weakest of the candidates. NOT VERIFIED (search index only).,COUNTY,,,,,AVAILABLE,UNREVIEWED,,,
TX,Runnels,tx_mvba,,,VENDOR_COUNSEL,,,,,NONE,PDF,BLOCKED_VENDOR_ONLY,BLOCKED,2026-09-29,UNKNOWN,MASTER LAFT/OTC/STRUCK-OFF AUDIT 2026-09-29 s5,"Only a BLOCKED vendor publishes this county's struck-off list; discovery-only, no URL recorded.",COUNTY,,,,,,BLOCKED,,,
TX,San Jacinto,tx_pbfcm,,,VENDOR_COUNSEL,,,,,NONE,PDF,BLOCKED_VENDOR_ONLY,BLOCKED,2026-09-29,UNKNOWN,MASTER LAFT/OTC/STRUCK-OFF AUDIT 2026-09-29 s5,"Only a BLOCKED vendor publishes this county's struck-off list; discovery-only, no URL recorded.",COUNTY,,,,,,BLOCKED,,,
TX,San Patricio,tx_realauction,harvesters/texas_harvester.py,,VENDOR_AUCTION,https://sanpatricio.texas.sheriffsaleauctions.com/index.cfm?zaction=USER&zmethod=CALENDAR,,,,HTTP_GET_HTML,HTML_TABLE,PRODUCTION_VERIFIED,APPROVED,2026-09-30,UNKNOWN,data/tx_realauction_counties.csv; harvesters/governance/registry.py tx_realauction,RealAuction sheriff-sale / tax-sale calendar (sheriffsaleauctions.com or realforeclose.com) for the county's tax foreclosure sales; AUCTIONS only - Texas has no certificate ledger.,COUNTY,,,,,AUCTIONS,APPROVED_GRANDFATHERED,,,
TX,Smith,tx_realauction,harvesters/texas_harvester.py,,VENDOR_AUCTION,https://smith.texas.sheriffsaleauctions.com/index.cfm?zaction=USER&zmethod=CALENDAR,,,,HTTP_GET_HTML,HTML_TABLE,PRODUCTION_VERIFIED,APPROVED,2026-09-30,UNKNOWN,data/tx_realauction_counties.csv; harvesters/governance/registry.py tx_realauction,RealAuction sheriff-sale / tax-sale calendar (sheriffsaleauctions.com or realforeclose.com) for the county's tax foreclosure sales; AUCTIONS only - Texas has no certificate ledger.,COUNTY,,,,,AUCTIONS,APPROVED_GRANDFATHERED,,,
TX,Tom Green,,,,GOVERNMENT_DIRECT,https://www.tomgreencountytx.gov/page/cck.TrusteeTaxSales,,,,UNKNOWN,HTML_TABLE,SEARCH_EVIDENCE_ONLY,TERMS_NOT_VERIFIED,2026-09-29,UNKNOWN,MASTER LAFT/OTC/STRUCK-OFF AUDIT 2026-09-29 s5,"County Clerk 'Tax Trustee Property' (struck-off) list, bid forms, procedures PDF. NOT VERIFIED (search index only).",COUNTY,,,,,AVAILABLE,UNREVIEWED,,,
TX,Travis,,,,GOVERNMENT_DIRECT,https://tax-office.traviscountytx.gov/properties/foreclosed,,,,UNKNOWN,XLSX,SEARCH_EVIDENCE_ONLY,TERMS_NOT_VERIFIED,2026-09-29,UNKNOWN,MASTER LAFT/OTC/STRUCK-OFF AUDIT 2026-09-29 s5,Tax Assessor-Collector 'Resale List' XLSX (ResaleList.xlsx) plus foreclosed-properties page. NOT VERIFIED (search index only).,COUNTY,,,,,AVAILABLE,UNREVIEWED,,,
TX,Travis,tx_realauction,harvesters/texas_harvester.py,,VENDOR_AUCTION,https://travis.texas.realforeclose.com/index.cfm?zaction=USER&zmethod=CALENDAR,,,,HTTP_GET_HTML,HTML_TABLE,PRODUCTION_VERIFIED,APPROVED,2026-09-30,UNKNOWN,data/tx_realauction_counties.csv; harvesters/governance/registry.py tx_realauction,RealAuction sheriff-sale / tax-sale calendar (sheriffsaleauctions.com or realforeclose.com) for the county's tax foreclosure sales; AUCTIONS only - Texas has no certificate ledger.,COUNTY,,,,,AUCTIONS,APPROVED_GRANDFATHERED,,,
TX,Trinity,,,,GOVERNMENT_DIRECT,https://www.trinitycad.net/resale-property-information/,,,,UNKNOWN,HTML_TABLE,SEARCH_EVIDENCE_ONLY,TERMS_NOT_VERIFIED,2026-09-29,UNKNOWN,MASTER LAFT/OTC/STRUCK-OFF AUDIT 2026-09-29 s5,Appraisal district 'Resale Property List'; bid form on the CIRA state host. NOT VERIFIED (search index only).,COUNTY,,,,,AVAILABLE,UNREVIEWED,,,
TX,Tyler,tx_realauction,harvesters/texas_harvester.py,,VENDOR_AUCTION,https://tyler.texas.sheriffsaleauctions.com/index.cfm?zaction=USER&zmethod=CALENDAR,,,,HTTP_GET_HTML,HTML_TABLE,PRODUCTION_VERIFIED,APPROVED,2026-09-30,UNKNOWN,data/tx_realauction_counties.csv; harvesters/governance/registry.py tx_realauction,RealAuction sheriff-sale / tax-sale calendar (sheriffsaleauctions.com or realforeclose.com) for the county's tax foreclosure sales; AUCTIONS only - Texas has no certificate ledger.,COUNTY,,,,,AUCTIONS,APPROVED_GRANDFATHERED,,,
TX,Uvalde,tx_pbfcm,,,VENDOR_COUNSEL,,,,,NONE,PDF,BLOCKED_VENDOR_ONLY,BLOCKED,2026-09-29,UNKNOWN,MASTER LAFT/OTC/STRUCK-OFF AUDIT 2026-09-29 s5,"Only a BLOCKED vendor publishes this county's struck-off list; discovery-only, no URL recorded.",COUNTY,,,,,,BLOCKED,,,
TX,Van Zandt,tx_lgbs,harvesters/texas_harvester.py,,VENDOR_COUNSEL,https://taxsales.lgbs.com/,,,,VENDOR_API,JSON,PRODUCTION_VERIFIED,APPROVED,2026-09-23,FAILED,harvesters/governance/registry.py tx_lgbs; data/tx_lgbs_observed_county_roster.csv,"Delinquent-tax counsel publication (not the county); rows carry no per-property URL; feed INCOMPLETE on 2026-09-29, last success 2026-09-23. Do not retry.",COUNTY,,,,,AUCTIONS|AVAILABLE,APPROVED_GRANDFATHERED,,,
TX,Victoria,tx_realauction,harvesters/texas_harvester.py,,VENDOR_AUCTION,https://victoria.texas.sheriffsaleauctions.com/index.cfm?zaction=USER&zmethod=CALENDAR,,,,HTTP_GET_HTML,HTML_TABLE,PRODUCTION_VERIFIED,APPROVED,2026-09-30,UNKNOWN,data/tx_realauction_counties.csv; harvesters/governance/registry.py tx_realauction,RealAuction sheriff-sale / tax-sale calendar (sheriffsaleauctions.com or realforeclose.com) for the county's tax foreclosure sales; AUCTIONS only - Texas has no certificate ledger.,COUNTY,,,,,AUCTIONS,APPROVED_GRANDFATHERED,,,
TX,Walker,tx_pbfcm,,,VENDOR_COUNSEL,,,,,NONE,PDF,BLOCKED_VENDOR_ONLY,BLOCKED,2026-09-29,UNKNOWN,MASTER LAFT/OTC/STRUCK-OFF AUDIT 2026-09-29 s5,"Only a BLOCKED vendor publishes this county's struck-off list; discovery-only, no URL recorded.",COUNTY,,,,,,BLOCKED,,,
TX,Wilson,tx_realauction,harvesters/texas_harvester.py,,VENDOR_AUCTION,https://wilson.texas.sheriffsaleauctions.com/index.cfm?zaction=USER&zmethod=CALENDAR,,,,HTTP_GET_HTML,HTML_TABLE,PRODUCTION_VERIFIED,APPROVED,2026-09-30,UNKNOWN,data/tx_realauction_counties.csv; harvesters/governance/registry.py tx_realauction,RealAuction sheriff-sale / tax-sale calendar (sheriffsaleauctions.com or realforeclose.com) for the county's tax foreclosure sales; AUCTIONS only - Texas has no certificate ledger.,COUNTY,,,,,AUCTIONS,APPROVED_GRANDFATHERED,,,
TX,Zavala,tx_pbfcm,,,VENDOR_COUNSEL,,,,,NONE,PDF,BLOCKED_VENDOR_ONLY,BLOCKED,2026-09-29,UNKNOWN,MASTER LAFT/OTC/STRUCK-OFF AUDIT 2026-09-29 s5,"Only a BLOCKED vendor publishes this county's struck-off list; discovery-only, no URL recorded.",COUNTY,,,,,,BLOCKED,,,
