state,county,provider,source,field_category,technical_access,automated_access,storage,caching,derivation,customer_display,export,api,image_use,document_use,commercial_use,authorization_required,legal_status,evidence_url,reviewed_at,notes
TX,ALL,Texas Comptroller of Public Accounts,tx_comptroller_directory,DIRECTORY,YES,ROBOTS_ALLOWED,UNREVIEWED,UNREVIEWED,UNREVIEWED,UNREVIEWED,UNREVIEWED,UNREVIEWED,UNREVIEWED,UNREVIEWED,UNREVIEWED,UNREVIEWED,LEGAL_REVIEW_REQUIRED,https://comptroller.texas.gov/taxes/property-tax/county-directory/,2026-09-16,254/254 county pages read this phase. robots.txt Allow: /taxes/. Terms of use NOT reviewed.
FL,ALL,Florida Department of Revenue,fl_dor_local_officials,DIRECTORY,YES,UNREVIEWED,UNREVIEWED,UNREVIEWED,UNREVIEWED,UNREVIEWED,UNREVIEWED,UNREVIEWED,UNREVIEWED,UNREVIEWED,UNREVIEWED,UNREVIEWED,LEGAL_REVIEW_REQUIRED,https://floridarevenue.com/property/Pages/LocalOfficials.aspx,2026-09-16,All 67 counties read from the page's own dropdowns. Terms of use NOT reviewed.
FL,Alachua,County Property Appraiser,http://www.acpafl.org/,PROPERTY_IDENTITY|PARCEL_ID|ADDRESS|LEGAL_DESCRIPTION|PROPERTY_TYPE|ACREAGE|ASSESSED_VALUE|MARKET_VALUE|TAXABLE_VALUE|OWNERSHIP|PROPERTY_CHARACTERISTICS|SALES_HISTORY,UNREVIEWED,UNREVIEWED,UNREVIEWED,UNREVIEWED,UNREVIEWED,UNREVIEWED,UNREVIEWED,UNREVIEWED,UNREVIEWED,UNREVIEWED,UNREVIEWED,UNREVIEWED,LEGAL_REVIEW_REQUIRED,https://floridarevenue.com/property/Pages/LocalOfficials.aspx,2026-09-16,DIRECTORY_LISTED by FL DOR. Site not fetched; terms not reviewed.
FL,Alachua,County Tax Collector,http://www.alachuacollector.com/,ANNUAL_TAX|DELINQUENT_TAX|TAX_CERTIFICATE|PAYMENT_STATUS,UNREVIEWED,UNREVIEWED,UNREVIEWED,UNREVIEWED,UNREVIEWED,UNREVIEWED,UNREVIEWED,UNREVIEWED,UNREVIEWED,UNREVIEWED,UNREVIEWED,UNREVIEWED,LEGAL_REVIEW_REQUIRED,https://floridarevenue.com/property/Pages/LocalOfficials.aspx,2026-09-16,DIRECTORY_LISTED by FL DOR. Site not fetched; terms not reviewed.
FL,Alachua,County Clerk / Value Adjustment Board,http://alachuacounty.us/Depts/Clerk/VAB/Pages/ValueAdjustmentBoard.aspx,CASE_NUMBER|TAX_SALE|SALE_STATUS|RECORDED_DOCUMENTS|LIENS,UNREVIEWED,UNREVIEWED,UNREVIEWED,UNREVIEWED,UNREVIEWED,UNREVIEWED,UNREVIEWED,UNREVIEWED,UNREVIEWED,UNREVIEWED,UNREVIEWED,UNREVIEWED,LEGAL_REVIEW_REQUIRED,https://floridarevenue.com/property/Pages/LocalOfficials.aspx,2026-09-16,DIRECTORY_LISTED by FL DOR. Site not fetched; terms not reviewed.
FL,Baker,County Property Appraiser,http://www.bakerpa.com/,PROPERTY_IDENTITY|PARCEL_ID|ADDRESS|LEGAL_DESCRIPTION|PROPERTY_TYPE|ACREAGE|ASSESSED_VALUE|MARKET_VALUE|TAXABLE_VALUE|OWNERSHIP|PROPERTY_CHARACTERISTICS|SALES_HISTORY,UNREVIEWED,UNREVIEWED,UNREVIEWED,UNREVIEWED,UNREVIEWED,UNREVIEWED,UNREVIEWED,UNREVIEWED,UNREVIEWED,UNREVIEWED,UNREVIEWED,UNREVIEWED,LEGAL_REVIEW_REQUIRED,https://floridarevenue.com/property/Pages/LocalOfficials.aspx,2026-09-16,DIRECTORY_LISTED by FL DOR. Site not fetched; terms not reviewed.
FL,Baker,County Tax Collector,http://bakertaxcollector.com/,ANNUAL_TAX|DELINQUENT_TAX|TAX_CERTIFICATE|PAYMENT_STATUS,UNREVIEWED,UNREVIEWED,UNREVIEWED,UNREVIEWED,UNREVIEWED,UNREVIEWED,UNREVIEWED,UNREVIEWED,UNREVIEWED,UNREVIEWED,UNREVIEWED,UNREVIEWED,LEGAL_REVIEW_REQUIRED,https://floridarevenue.com/property/Pages/LocalOfficials.aspx,2026-09-16,DIRECTORY_LISTED by FL DOR. Site not fetched; terms not reviewed.
FL,Baker,County Clerk / Value Adjustment Board,http://bakerclerk.com/vab/,CASE_NUMBER|TAX_SALE|SALE_STATUS|RECORDED_DOCUMENTS|LIENS,UNREVIEWED,UNREVIEWED,UNREVIEWED,UNREVIEWED,UNREVIEWED,UNREVIEWED,UNREVIEWED,UNREVIEWED,UNREVIEWED,UNREVIEWED,UNREVIEWED,UNREVIEWED,LEGAL_REVIEW_REQUIRED,https://floridarevenue.com/property/Pages/LocalOfficials.aspx,2026-09-16,DIRECTORY_LISTED by FL DOR. Site not fetched; terms not reviewed.
FL,Bay,County Property Appraiser,https://baypa.net/,PROPERTY_IDENTITY|PARCEL_ID|ADDRESS|LEGAL_DESCRIPTION|PROPERTY_TYPE|ACREAGE|ASSESSED_VALUE|MARKET_VALUE|TAXABLE_VALUE|OWNERSHIP|PROPERTY_CHARACTERISTICS|SALES_HISTORY,UNREVIEWED,UNREVIEWED,UNREVIEWED,UNREVIEWED,UNREVIEWED,UNREVIEWED,UNREVIEWED,UNREVIEWED,UNREVIEWED,UNREVIEWED,UNREVIEWED,UNREVIEWED,LEGAL_REVIEW_REQUIRED,https://floridarevenue.com/property/Pages/LocalOfficials.aspx,2026-09-16,DIRECTORY_LISTED by FL DOR. Site not fetched; terms not reviewed.
FL,Bay,County Tax Collector,https://www.baytaxcollector.com/,ANNUAL_TAX|DELINQUENT_TAX|TAX_CERTIFICATE|PAYMENT_STATUS,UNREVIEWED,UNREVIEWED,UNREVIEWED,UNREVIEWED,UNREVIEWED,UNREVIEWED,UNREVIEWED,UNREVIEWED,UNREVIEWED,UNREVIEWED,UNREVIEWED,UNREVIEWED,LEGAL_REVIEW_REQUIRED,https://floridarevenue.com/property/Pages/LocalOfficials.aspx,2026-09-16,DIRECTORY_LISTED by FL DOR. Site not fetched; terms not reviewed.
FL,Bay,County Clerk / Value Adjustment Board,http://www.baycoclerk.com/value-adjustment-board/,CASE_NUMBER|TAX_SALE|SALE_STATUS|RECORDED_DOCUMENTS|LIENS,UNREVIEWED,UNREVIEWED,UNREVIEWED,UNREVIEWED,UNREVIEWED,UNREVIEWED,UNREVIEWED,UNREVIEWED,UNREVIEWED,UNREVIEWED,UNREVIEWED,UNREVIEWED,LEGAL_REVIEW_REQUIRED,https://floridarevenue.com/property/Pages/LocalOfficials.aspx,2026-09-16,DIRECTORY_LISTED by FL DOR. Site not fetched; terms not reviewed.
FL,Bradford,County Property Appraiser,http://www.bradfordappraiser.com/,PROPERTY_IDENTITY|PARCEL_ID|ADDRESS|LEGAL_DESCRIPTION|PROPERTY_TYPE|ACREAGE|ASSESSED_VALUE|MARKET_VALUE|TAXABLE_VALUE|OWNERSHIP|PROPERTY_CHARACTERISTICS|SALES_HISTORY,UNREVIEWED,UNREVIEWED,UNREVIEWED,UNREVIEWED,UNREVIEWED,UNREVIEWED,UNREVIEWED,UNREVIEWED,UNREVIEWED,UNREVIEWED,UNREVIEWED,UNREVIEWED,LEGAL_REVIEW_REQUIRED,https://floridarevenue.com/property/Pages/LocalOfficials.aspx,2026-09-16,DIRECTORY_LISTED by FL DOR. Site not fetched; terms not reviewed.
FL,Bradford,County Tax Collector,http://www.bradfordtaxcollector.com/,ANNUAL_TAX|DELINQUENT_TAX|TAX_CERTIFICATE|PAYMENT_STATUS,UNREVIEWED,UNREVIEWED,UNREVIEWED,UNREVIEWED,UNREVIEWED,UNREVIEWED,UNREVIEWED,UNREVIEWED,UNREVIEWED,UNREVIEWED,UNREVIEWED,UNREVIEWED,LEGAL_REVIEW_REQUIRED,https://floridarevenue.com/property/Pages/LocalOfficials.aspx,2026-09-16,DIRECTORY_LISTED by FL DOR. Site not fetched; terms not reviewed.
FL,Bradford,County Clerk / Value Adjustment Board,https://bradfordclerk.com/value-adjustment-board/,CASE_NUMBER|TAX_SALE|SALE_STATUS|RECORDED_DOCUMENTS|LIENS,UNREVIEWED,UNREVIEWED,UNREVIEWED,UNREVIEWED,UNREVIEWED,UNREVIEWED,UNREVIEWED,UNREVIEWED,UNREVIEWED,UNREVIEWED,UNREVIEWED,UNREVIEWED,LEGAL_REVIEW_REQUIRED,https://floridarevenue.com/property/Pages/LocalOfficials.aspx,2026-09-16,DIRECTORY_LISTED by FL DOR. Site not fetched; terms not reviewed.
FL,Brevard,County Property Appraiser,https://www.bcpao.us/,PROPERTY_IDENTITY|PARCEL_ID|ADDRESS|LEGAL_DESCRIPTION|PROPERTY_TYPE|ACREAGE|ASSESSED_VALUE|MARKET_VALUE|TAXABLE_VALUE|OWNERSHIP|PROPERTY_CHARACTERISTICS|SALES_HISTORY,UNREVIEWED,UNREVIEWED,UNREVIEWED,UNREVIEWED,UNREVIEWED,UNREVIEWED,UNREVIEWED,UNREVIEWED,UNREVIEWED,UNREVIEWED,UNREVIEWED,UNREVIEWED,LEGAL_REVIEW_REQUIRED,https://floridarevenue.com/property/Pages/LocalOfficials.aspx,2026-09-16,DIRECTORY_LISTED by FL DOR. Site not fetched; terms not reviewed.
FL,Brevard,County Tax Collector,http://www.brevardtaxcollector.com/,ANNUAL_TAX|DELINQUENT_TAX|TAX_CERTIFICATE|PAYMENT_STATUS,UNREVIEWED,UNREVIEWED,UNREVIEWED,UNREVIEWED,UNREVIEWED,UNREVIEWED,UNREVIEWED,UNREVIEWED,UNREVIEWED,UNREVIEWED,UNREVIEWED,UNREVIEWED,LEGAL_REVIEW_REQUIRED,https://floridarevenue.com/property/Pages/LocalOfficials.aspx,2026-09-16,DIRECTORY_LISTED by FL DOR. Site not fetched; terms not reviewed.
FL,Brevard,County Clerk / Value Adjustment Board,http://brevardclerk.us/Value-Adjustment-Board,CASE_NUMBER|TAX_SALE|SALE_STATUS|RECORDED_DOCUMENTS|LIENS,UNREVIEWED,UNREVIEWED,UNREVIEWED,UNREVIEWED,UNREVIEWED,UNREVIEWED,UNREVIEWED,UNREVIEWED,UNREVIEWED,UNREVIEWED,UNREVIEWED,UNREVIEWED,LEGAL_REVIEW_REQUIRED,https://floridarevenue.com/property/Pages/LocalOfficials.aspx,2026-09-16,DIRECTORY_LISTED by FL DOR. Site not fetched; terms not reviewed.
FL,Broward,County Property Appraiser,http://www.bcpa.net,PROPERTY_IDENTITY|PARCEL_ID|ADDRESS|LEGAL_DESCRIPTION|PROPERTY_TYPE|ACREAGE|ASSESSED_VALUE|MARKET_VALUE|TAXABLE_VALUE|OWNERSHIP|PROPERTY_CHARACTERISTICS|SALES_HISTORY,UNREVIEWED,UNREVIEWED,UNREVIEWED,UNREVIEWED,UNREVIEWED,UNREVIEWED,UNREVIEWED,UNREVIEWED,UNREVIEWED,UNREVIEWED,UNREVIEWED,UNREVIEWED,LEGAL_REVIEW_REQUIRED,https://floridarevenue.com/property/Pages/LocalOfficials.aspx,2026-09-16,DIRECTORY_LISTED by FL DOR. Site not fetched; terms not reviewed.
FL,Broward,County Tax Collector,https://www.browardtax.org/,ANNUAL_TAX|DELINQUENT_TAX|TAX_CERTIFICATE|PAYMENT_STATUS,UNREVIEWED,UNREVIEWED,UNREVIEWED,UNREVIEWED,UNREVIEWED,UNREVIEWED,UNREVIEWED,UNREVIEWED,UNREVIEWED,UNREVIEWED,UNREVIEWED,UNREVIEWED,LEGAL_REVIEW_REQUIRED,https://floridarevenue.com/property/Pages/LocalOfficials.aspx,2026-09-16,DIRECTORY_LISTED by FL DOR. Site not fetched; terms not reviewed.
FL,Broward,County Clerk / Value Adjustment Board,http://www.broward.org/VAB/Pages/Welcome.aspx,CASE_NUMBER|TAX_SALE|SALE_STATUS|RECORDED_DOCUMENTS|LIENS,UNREVIEWED,UNREVIEWED,UNREVIEWED,UNREVIEWED,UNREVIEWED,UNREVIEWED,UNREVIEWED,UNREVIEWED,UNREVIEWED,UNREVIEWED,UNREVIEWED,UNREVIEWED,LEGAL_REVIEW_REQUIRED,https://floridarevenue.com/property/Pages/LocalOfficials.aspx,2026-09-16,DIRECTORY_LISTED by FL DOR. Site not fetched; terms not reviewed.
FL,Calhoun,County Property Appraiser,http://www.qpublic.net/calhoun/,PROPERTY_IDENTITY|PARCEL_ID|ADDRESS|LEGAL_DESCRIPTION|PROPERTY_TYPE|ACREAGE|ASSESSED_VALUE|MARKET_VALUE|TAXABLE_VALUE|OWNERSHIP|PROPERTY_CHARACTERISTICS|SALES_HISTORY,UNREVIEWED,UNREVIEWED,UNREVIEWED,UNREVIEWED,UNREVIEWED,UNREVIEWED,UNREVIEWED,UNREVIEWED,UNREVIEWED,UNREVIEWED,UNREVIEWED,UNREVIEWED,LEGAL_REVIEW_REQUIRED,https://floridarevenue.com/property/Pages/LocalOfficials.aspx,2026-09-16,DIRECTORY_LISTED by FL DOR. Site not fetched; terms not reviewed.
FL,Calhoun,County Tax Collector,http://www.calhouncountytaxcollector.com/,ANNUAL_TAX|DELINQUENT_TAX|TAX_CERTIFICATE|PAYMENT_STATUS,UNREVIEWED,UNREVIEWED,UNREVIEWED,UNREVIEWED,UNREVIEWED,UNREVIEWED,UNREVIEWED,UNREVIEWED,UNREVIEWED,UNREVIEWED,UNREVIEWED,UNREVIEWED,LEGAL_REVIEW_REQUIRED,https://floridarevenue.com/property/Pages/LocalOfficials.aspx,2026-09-16,DIRECTORY_LISTED by FL DOR. Site not fetched; terms not reviewed.
FL,Calhoun,County Clerk / Value Adjustment Board,https://www.calhounclerk.com/value-adjustment-board/,CASE_NUMBER|TAX_SALE|SALE_STATUS|RECORDED_DOCUMENTS|LIENS,UNREVIEWED,UNREVIEWED,UNREVIEWED,UNREVIEWED,UNREVIEWED,UNREVIEWED,UNREVIEWED,UNREVIEWED,UNREVIEWED,UNREVIEWED,UNREVIEWED,UNREVIEWED,LEGAL_REVIEW_REQUIRED,https://floridarevenue.com/property/Pages/LocalOfficials.aspx,2026-09-16,DIRECTORY_LISTED by FL DOR. Site not fetched; terms not reviewed.
FL,Charlotte,County Property Appraiser,https://www.ccappraiser.com/,PROPERTY_IDENTITY|PARCEL_ID|ADDRESS|LEGAL_DESCRIPTION|PROPERTY_TYPE|ACREAGE|ASSESSED_VALUE|MARKET_VALUE|TAXABLE_VALUE|OWNERSHIP|PROPERTY_CHARACTERISTICS|SALES_HISTORY,UNREVIEWED,UNREVIEWED,UNREVIEWED,UNREVIEWED,UNREVIEWED,UNREVIEWED,UNREVIEWED,UNREVIEWED,UNREVIEWED,UNREVIEWED,UNREVIEWED,UNREVIEWED,LEGAL_REVIEW_REQUIRED,https://floridarevenue.com/property/Pages/LocalOfficials.aspx,2026-09-16,DIRECTORY_LISTED by FL DOR. Site not fetched; terms not reviewed.
FL,Charlotte,County Tax Collector,https://taxcollector.charlottecountyfl.gov/,ANNUAL_TAX|DELINQUENT_TAX|TAX_CERTIFICATE|PAYMENT_STATUS,UNREVIEWED,UNREVIEWED,UNREVIEWED,UNREVIEWED,UNREVIEWED,UNREVIEWED,UNREVIEWED,UNREVIEWED,UNREVIEWED,UNREVIEWED,UNREVIEWED,UNREVIEWED,LEGAL_REVIEW_REQUIRED,https://floridarevenue.com/property/Pages/LocalOfficials.aspx,2026-09-16,DIRECTORY_LISTED by FL DOR. Site not fetched; terms not reviewed.
FL,Charlotte,County Clerk / Value Adjustment Board,https://charlotteclerk.com/departments/vab/,CASE_NUMBER|TAX_SALE|SALE_STATUS|RECORDED_DOCUMENTS|LIENS,UNREVIEWED,UNREVIEWED,UNREVIEWED,UNREVIEWED,UNREVIEWED,UNREVIEWED,UNREVIEWED,UNREVIEWED,UNREVIEWED,UNREVIEWED,UNREVIEWED,UNREVIEWED,LEGAL_REVIEW_REQUIRED,https://floridarevenue.com/property/Pages/LocalOfficials.aspx,2026-09-16,DIRECTORY_LISTED by FL DOR. Site not fetched; terms not reviewed.
FL,Citrus,County Property Appraiser,https://www.citruspa.org/_dnn/,PROPERTY_IDENTITY|PARCEL_ID|ADDRESS|LEGAL_DESCRIPTION|PROPERTY_TYPE|ACREAGE|ASSESSED_VALUE|MARKET_VALUE|TAXABLE_VALUE|OWNERSHIP|PROPERTY_CHARACTERISTICS|SALES_HISTORY,UNREVIEWED,UNREVIEWED,UNREVIEWED,UNREVIEWED,UNREVIEWED,UNREVIEWED,UNREVIEWED,UNREVIEWED,UNREVIEWED,UNREVIEWED,UNREVIEWED,UNREVIEWED,LEGAL_REVIEW_REQUIRED,https://floridarevenue.com/property/Pages/LocalOfficials.aspx,2026-09-16,DIRECTORY_LISTED by FL DOR. Site not fetched; terms not reviewed.
FL,Citrus,County Tax Collector,http://www.citrustc.us/,ANNUAL_TAX|DELINQUENT_TAX|TAX_CERTIFICATE|PAYMENT_STATUS,UNREVIEWED,UNREVIEWED,UNREVIEWED,UNREVIEWED,UNREVIEWED,UNREVIEWED,UNREVIEWED,UNREVIEWED,UNREVIEWED,UNREVIEWED,UNREVIEWED,UNREVIEWED,LEGAL_REVIEW_REQUIRED,https://floridarevenue.com/property/Pages/LocalOfficials.aspx,2026-09-16,DIRECTORY_LISTED by FL DOR. Site not fetched; terms not reviewed.
FL,Citrus,County Clerk / Value Adjustment Board,https://www.citrusclerk.org/234/Value-Adjustment-Board-VAB,CASE_NUMBER|TAX_SALE|SALE_STATUS|RECORDED_DOCUMENTS|LIENS,UNREVIEWED,UNREVIEWED,UNREVIEWED,UNREVIEWED,UNREVIEWED,UNREVIEWED,UNREVIEWED,UNREVIEWED,UNREVIEWED,UNREVIEWED,UNREVIEWED,UNREVIEWED,LEGAL_REVIEW_REQUIRED,https://floridarevenue.com/property/Pages/LocalOfficials.aspx,2026-09-16,DIRECTORY_LISTED by FL DOR. Site not fetched; terms not reviewed.
FL,Clay,County Property Appraiser,http://www.ccpao.com/,PROPERTY_IDENTITY|PARCEL_ID|ADDRESS|LEGAL_DESCRIPTION|PROPERTY_TYPE|ACREAGE|ASSESSED_VALUE|MARKET_VALUE|TAXABLE_VALUE|OWNERSHIP|PROPERTY_CHARACTERISTICS|SALES_HISTORY,UNREVIEWED,UNREVIEWED,UNREVIEWED,UNREVIEWED,UNREVIEWED,UNREVIEWED,UNREVIEWED,UNREVIEWED,UNREVIEWED,UNREVIEWED,UNREVIEWED,UNREVIEWED,LEGAL_REVIEW_REQUIRED,https://floridarevenue.com/property/Pages/LocalOfficials.aspx,2026-09-16,DIRECTORY_LISTED by FL DOR. Site not fetched; terms not reviewed.
FL,Clay,County Tax Collector,http://www.claycountytax.com,ANNUAL_TAX|DELINQUENT_TAX|TAX_CERTIFICATE|PAYMENT_STATUS,UNREVIEWED,UNREVIEWED,UNREVIEWED,UNREVIEWED,UNREVIEWED,UNREVIEWED,UNREVIEWED,UNREVIEWED,UNREVIEWED,UNREVIEWED,UNREVIEWED,UNREVIEWED,LEGAL_REVIEW_REQUIRED,https://floridarevenue.com/property/Pages/LocalOfficials.aspx,2026-09-16,DIRECTORY_LISTED by FL DOR. Site not fetched; terms not reviewed.
FL,Clay,County Clerk / Value Adjustment Board,https://claycounty.novusagenda.com/agendapublic/Boards.aspx?BoardID=14,CASE_NUMBER|TAX_SALE|SALE_STATUS|RECORDED_DOCUMENTS|LIENS,UNREVIEWED,UNREVIEWED,UNREVIEWED,UNREVIEWED,UNREVIEWED,UNREVIEWED,UNREVIEWED,UNREVIEWED,UNREVIEWED,UNREVIEWED,UNREVIEWED,UNREVIEWED,LEGAL_REVIEW_REQUIRED,https://floridarevenue.com/property/Pages/LocalOfficials.aspx,2026-09-16,DIRECTORY_LISTED by FL DOR. Site not fetched; terms not reviewed.
FL,Collier,County Property Appraiser,http://www.collierappraiser.com/,PROPERTY_IDENTITY|PARCEL_ID|ADDRESS|LEGAL_DESCRIPTION|PROPERTY_TYPE|ACREAGE|ASSESSED_VALUE|MARKET_VALUE|TAXABLE_VALUE|OWNERSHIP|PROPERTY_CHARACTERISTICS|SALES_HISTORY,UNREVIEWED,UNREVIEWED,UNREVIEWED,UNREVIEWED,UNREVIEWED,UNREVIEWED,UNREVIEWED,UNREVIEWED,UNREVIEWED,UNREVIEWED,UNREVIEWED,UNREVIEWED,LEGAL_REVIEW_REQUIRED,https://floridarevenue.com/property/Pages/LocalOfficials.aspx,2026-09-16,DIRECTORY_LISTED by FL DOR. Site not fetched; terms not reviewed.
FL,Collier,County Tax Collector,http://www.colliertax.com/,ANNUAL_TAX|DELINQUENT_TAX|TAX_CERTIFICATE|PAYMENT_STATUS,UNREVIEWED,UNREVIEWED,UNREVIEWED,UNREVIEWED,UNREVIEWED,UNREVIEWED,UNREVIEWED,UNREVIEWED,UNREVIEWED,UNREVIEWED,UNREVIEWED,UNREVIEWED,LEGAL_REVIEW_REQUIRED,https://floridarevenue.com/property/Pages/LocalOfficials.aspx,2026-09-16,DIRECTORY_LISTED by FL DOR. Site not fetched; terms not reviewed.
FL,Collier,County Clerk / Value Adjustment Board,https://www.collierclerk.com/board-records-vab/value-adjustment-board,CASE_NUMBER|TAX_SALE|SALE_STATUS|RECORDED_DOCUMENTS|LIENS,UNREVIEWED,UNREVIEWED,UNREVIEWED,UNREVIEWED,UNREVIEWED,UNREVIEWED,UNREVIEWED,UNREVIEWED,UNREVIEWED,UNREVIEWED,UNREVIEWED,UNREVIEWED,LEGAL_REVIEW_REQUIRED,https://floridarevenue.com/property/Pages/LocalOfficials.aspx,2026-09-16,DIRECTORY_LISTED by FL DOR. Site not fetched; terms not reviewed.
FL,Columbia,County Property Appraiser,http://columbia.floridapa.com/,PROPERTY_IDENTITY|PARCEL_ID|ADDRESS|LEGAL_DESCRIPTION|PROPERTY_TYPE|ACREAGE|ASSESSED_VALUE|MARKET_VALUE|TAXABLE_VALUE|OWNERSHIP|PROPERTY_CHARACTERISTICS|SALES_HISTORY,UNREVIEWED,UNREVIEWED,UNREVIEWED,UNREVIEWED,UNREVIEWED,UNREVIEWED,UNREVIEWED,UNREVIEWED,UNREVIEWED,UNREVIEWED,UNREVIEWED,UNREVIEWED,LEGAL_REVIEW_REQUIRED,https://floridarevenue.com/property/Pages/LocalOfficials.aspx,2026-09-16,DIRECTORY_LISTED by FL DOR. Site not fetched; terms not reviewed.
FL,Columbia,County Tax Collector,http://www.columbiataxcollector.com/,ANNUAL_TAX|DELINQUENT_TAX|TAX_CERTIFICATE|PAYMENT_STATUS,UNREVIEWED,UNREVIEWED,UNREVIEWED,UNREVIEWED,UNREVIEWED,UNREVIEWED,UNREVIEWED,UNREVIEWED,UNREVIEWED,UNREVIEWED,UNREVIEWED,UNREVIEWED,LEGAL_REVIEW_REQUIRED,https://floridarevenue.com/property/Pages/LocalOfficials.aspx,2026-09-16,DIRECTORY_LISTED by FL DOR. Site not fetched; terms not reviewed.
FL,Columbia,County Clerk / Value Adjustment Board,https://columbiaclerk.com/value-adjustment-board/,CASE_NUMBER|TAX_SALE|SALE_STATUS|RECORDED_DOCUMENTS|LIENS,UNREVIEWED,UNREVIEWED,UNREVIEWED,UNREVIEWED,UNREVIEWED,UNREVIEWED,UNREVIEWED,UNREVIEWED,UNREVIEWED,UNREVIEWED,UNREVIEWED,UNREVIEWED,LEGAL_REVIEW_REQUIRED,https://floridarevenue.com/property/Pages/LocalOfficials.aspx,2026-09-16,DIRECTORY_LISTED by FL DOR. Site not fetched; terms not reviewed.
FL,DeSoto,County Property Appraiser,http://www.desotopa.com/,PROPERTY_IDENTITY|PARCEL_ID|ADDRESS|LEGAL_DESCRIPTION|PROPERTY_TYPE|ACREAGE|ASSESSED_VALUE|MARKET_VALUE|TAXABLE_VALUE|OWNERSHIP|PROPERTY_CHARACTERISTICS|SALES_HISTORY,UNREVIEWED,UNREVIEWED,UNREVIEWED,UNREVIEWED,UNREVIEWED,UNREVIEWED,UNREVIEWED,UNREVIEWED,UNREVIEWED,UNREVIEWED,UNREVIEWED,UNREVIEWED,LEGAL_REVIEW_REQUIRED,https://floridarevenue.com/property/Pages/LocalOfficials.aspx,2026-09-16,DIRECTORY_LISTED by FL DOR. Site not fetched; terms not reviewed.
FL,DeSoto,County Tax Collector,http://www.desotocountytaxcollector.com/,ANNUAL_TAX|DELINQUENT_TAX|TAX_CERTIFICATE|PAYMENT_STATUS,UNREVIEWED,UNREVIEWED,UNREVIEWED,UNREVIEWED,UNREVIEWED,UNREVIEWED,UNREVIEWED,UNREVIEWED,UNREVIEWED,UNREVIEWED,UNREVIEWED,UNREVIEWED,LEGAL_REVIEW_REQUIRED,https://floridarevenue.com/property/Pages/LocalOfficials.aspx,2026-09-16,DIRECTORY_LISTED by FL DOR. Site not fetched; terms not reviewed.
FL,DeSoto,County Clerk / Value Adjustment Board,https://desotobocc.com/165/Value-Adjustment-Board,CASE_NUMBER|TAX_SALE|SALE_STATUS|RECORDED_DOCUMENTS|LIENS,UNREVIEWED,UNREVIEWED,UNREVIEWED,UNREVIEWED,UNREVIEWED,UNREVIEWED,UNREVIEWED,UNREVIEWED,UNREVIEWED,UNREVIEWED,UNREVIEWED,UNREVIEWED,LEGAL_REVIEW_REQUIRED,https://floridarevenue.com/property/Pages/LocalOfficials.aspx,2026-09-16,DIRECTORY_LISTED by FL DOR. Site not fetched; terms not reviewed.
FL,Dixie,County Property Appraiser,http://www.qpublic.net/dixie/,PROPERTY_IDENTITY|PARCEL_ID|ADDRESS|LEGAL_DESCRIPTION|PROPERTY_TYPE|ACREAGE|ASSESSED_VALUE|MARKET_VALUE|TAXABLE_VALUE|OWNERSHIP|PROPERTY_CHARACTERISTICS|SALES_HISTORY,UNREVIEWED,UNREVIEWED,UNREVIEWED,UNREVIEWED,UNREVIEWED,UNREVIEWED,UNREVIEWED,UNREVIEWED,UNREVIEWED,UNREVIEWED,UNREVIEWED,UNREVIEWED,LEGAL_REVIEW_REQUIRED,https://floridarevenue.com/property/Pages/LocalOfficials.aspx,2026-09-16,DIRECTORY_LISTED by FL DOR. Site not fetched; terms not reviewed.
FL,Dixie,County Tax Collector,https://dixietax.com/,ANNUAL_TAX|DELINQUENT_TAX|TAX_CERTIFICATE|PAYMENT_STATUS,UNREVIEWED,UNREVIEWED,UNREVIEWED,UNREVIEWED,UNREVIEWED,UNREVIEWED,UNREVIEWED,UNREVIEWED,UNREVIEWED,UNREVIEWED,UNREVIEWED,UNREVIEWED,LEGAL_REVIEW_REQUIRED,https://floridarevenue.com/property/Pages/LocalOfficials.aspx,2026-09-16,DIRECTORY_LISTED by FL DOR. Site not fetched; terms not reviewed.
FL,Dixie,County Clerk / Value Adjustment Board,https://dixieclerk.com/departments-services/clerk-services/value-adjustment-board/,CASE_NUMBER|TAX_SALE|SALE_STATUS|RECORDED_DOCUMENTS|LIENS,UNREVIEWED,UNREVIEWED,UNREVIEWED,UNREVIEWED,UNREVIEWED,UNREVIEWED,UNREVIEWED,UNREVIEWED,UNREVIEWED,UNREVIEWED,UNREVIEWED,UNREVIEWED,LEGAL_REVIEW_REQUIRED,https://floridarevenue.com/property/Pages/LocalOfficials.aspx,2026-09-16,DIRECTORY_LISTED by FL DOR. Site not fetched; terms not reviewed.
FL,Duval,County Property Appraiser,http://www.coj.net/Departments/Property-Appraiser.aspx,PROPERTY_IDENTITY|PARCEL_ID|ADDRESS|LEGAL_DESCRIPTION|PROPERTY_TYPE|ACREAGE|ASSESSED_VALUE|MARKET_VALUE|TAXABLE_VALUE|OWNERSHIP|PROPERTY_CHARACTERISTICS|SALES_HISTORY,UNREVIEWED,UNREVIEWED,UNREVIEWED,UNREVIEWED,UNREVIEWED,UNREVIEWED,UNREVIEWED,UNREVIEWED,UNREVIEWED,UNREVIEWED,UNREVIEWED,UNREVIEWED,LEGAL_REVIEW_REQUIRED,https://floridarevenue.com/property/Pages/LocalOfficials.aspx,2026-09-16,DIRECTORY_LISTED by FL DOR. Site not fetched; terms not reviewed.
FL,Duval,County Tax Collector,http://www.coj.net/tc,ANNUAL_TAX|DELINQUENT_TAX|TAX_CERTIFICATE|PAYMENT_STATUS,UNREVIEWED,UNREVIEWED,UNREVIEWED,UNREVIEWED,UNREVIEWED,UNREVIEWED,UNREVIEWED,UNREVIEWED,UNREVIEWED,UNREVIEWED,UNREVIEWED,UNREVIEWED,LEGAL_REVIEW_REQUIRED,https://floridarevenue.com/property/Pages/LocalOfficials.aspx,2026-09-16,DIRECTORY_LISTED by FL DOR. Site not fetched; terms not reviewed.
FL,Duval,County Clerk / Value Adjustment Board,http://www.coj.net/Departments/Regulatory-Boards-and-Commissions/Value-Adjustment-Board.aspx,CASE_NUMBER|TAX_SALE|SALE_STATUS|RECORDED_DOCUMENTS|LIENS,UNREVIEWED,UNREVIEWED,UNREVIEWED,UNREVIEWED,UNREVIEWED,UNREVIEWED,UNREVIEWED,UNREVIEWED,UNREVIEWED,UNREVIEWED,UNREVIEWED,UNREVIEWED,LEGAL_REVIEW_REQUIRED,https://floridarevenue.com/property/Pages/LocalOfficials.aspx,2026-09-16,DIRECTORY_LISTED by FL DOR. Site not fetched; terms not reviewed.
FL,Escambia,County Property Appraiser,http://www.escpa.org,PROPERTY_IDENTITY|PARCEL_ID|ADDRESS|LEGAL_DESCRIPTION|PROPERTY_TYPE|ACREAGE|ASSESSED_VALUE|MARKET_VALUE|TAXABLE_VALUE|OWNERSHIP|PROPERTY_CHARACTERISTICS|SALES_HISTORY,UNREVIEWED,UNREVIEWED,UNREVIEWED,UNREVIEWED,UNREVIEWED,UNREVIEWED,UNREVIEWED,UNREVIEWED,UNREVIEWED,UNREVIEWED,UNREVIEWED,UNREVIEWED,LEGAL_REVIEW_REQUIRED,https://floridarevenue.com/property/Pages/LocalOfficials.aspx,2026-09-16,DIRECTORY_LISTED by FL DOR. Site not fetched; terms not reviewed.
FL,Escambia,County Tax Collector,http://www.escambiataxcollector.com/,ANNUAL_TAX|DELINQUENT_TAX|TAX_CERTIFICATE|PAYMENT_STATUS,UNREVIEWED,UNREVIEWED,UNREVIEWED,UNREVIEWED,UNREVIEWED,UNREVIEWED,UNREVIEWED,UNREVIEWED,UNREVIEWED,UNREVIEWED,UNREVIEWED,UNREVIEWED,LEGAL_REVIEW_REQUIRED,https://floridarevenue.com/property/Pages/LocalOfficials.aspx,2026-09-16,DIRECTORY_LISTED by FL DOR. Site not fetched; terms not reviewed.
FL,Escambia,County Clerk / Value Adjustment Board,https://www.escambiaclerk.com/264/Value-Adjustment-Board-VAB-Information-a,CASE_NUMBER|TAX_SALE|SALE_STATUS|RECORDED_DOCUMENTS|LIENS,UNREVIEWED,UNREVIEWED,UNREVIEWED,UNREVIEWED,UNREVIEWED,UNREVIEWED,UNREVIEWED,UNREVIEWED,UNREVIEWED,UNREVIEWED,UNREVIEWED,UNREVIEWED,LEGAL_REVIEW_REQUIRED,https://floridarevenue.com/property/Pages/LocalOfficials.aspx,2026-09-16,DIRECTORY_LISTED by FL DOR. Site not fetched; terms not reviewed.
FL,Flagler,County Property Appraiser,http://www.flaglerpa.com/,PROPERTY_IDENTITY|PARCEL_ID|ADDRESS|LEGAL_DESCRIPTION|PROPERTY_TYPE|ACREAGE|ASSESSED_VALUE|MARKET_VALUE|TAXABLE_VALUE|OWNERSHIP|PROPERTY_CHARACTERISTICS|SALES_HISTORY,UNREVIEWED,UNREVIEWED,UNREVIEWED,UNREVIEWED,UNREVIEWED,UNREVIEWED,UNREVIEWED,UNREVIEWED,UNREVIEWED,UNREVIEWED,UNREVIEWED,UNREVIEWED,LEGAL_REVIEW_REQUIRED,https://floridarevenue.com/property/Pages/LocalOfficials.aspx,2026-09-16,DIRECTORY_LISTED by FL DOR. Site not fetched; terms not reviewed.
FL,Flagler,County Tax Collector,http://www.flaglertax.com/,ANNUAL_TAX|DELINQUENT_TAX|TAX_CERTIFICATE|PAYMENT_STATUS,UNREVIEWED,UNREVIEWED,UNREVIEWED,UNREVIEWED,UNREVIEWED,UNREVIEWED,UNREVIEWED,UNREVIEWED,UNREVIEWED,UNREVIEWED,UNREVIEWED,UNREVIEWED,LEGAL_REVIEW_REQUIRED,https://floridarevenue.com/property/Pages/LocalOfficials.aspx,2026-09-16,DIRECTORY_LISTED by FL DOR. Site not fetched; terms not reviewed.
FL,Flagler,County Clerk / Value Adjustment Board,https://flaglerclerk.com/vab/,CASE_NUMBER|TAX_SALE|SALE_STATUS|RECORDED_DOCUMENTS|LIENS,UNREVIEWED,UNREVIEWED,UNREVIEWED,UNREVIEWED,UNREVIEWED,UNREVIEWED,UNREVIEWED,UNREVIEWED,UNREVIEWED,UNREVIEWED,UNREVIEWED,UNREVIEWED,LEGAL_REVIEW_REQUIRED,https://floridarevenue.com/property/Pages/LocalOfficials.aspx,2026-09-16,DIRECTORY_LISTED by FL DOR. Site not fetched; terms not reviewed.
FL,Franklin,County Property Appraiser,http://www.qpublic.net/franklin/,PROPERTY_IDENTITY|PARCEL_ID|ADDRESS|LEGAL_DESCRIPTION|PROPERTY_TYPE|ACREAGE|ASSESSED_VALUE|MARKET_VALUE|TAXABLE_VALUE|OWNERSHIP|PROPERTY_CHARACTERISTICS|SALES_HISTORY,UNREVIEWED,UNREVIEWED,UNREVIEWED,UNREVIEWED,UNREVIEWED,UNREVIEWED,UNREVIEWED,UNREVIEWED,UNREVIEWED,UNREVIEWED,UNREVIEWED,UNREVIEWED,LEGAL_REVIEW_REQUIRED,https://floridarevenue.com/property/Pages/LocalOfficials.aspx,2026-09-16,DIRECTORY_LISTED by FL DOR. Site not fetched; terms not reviewed.
FL,Franklin,County Tax Collector,http://franklincountytaxcollector.com/,ANNUAL_TAX|DELINQUENT_TAX|TAX_CERTIFICATE|PAYMENT_STATUS,UNREVIEWED,UNREVIEWED,UNREVIEWED,UNREVIEWED,UNREVIEWED,UNREVIEWED,UNREVIEWED,UNREVIEWED,UNREVIEWED,UNREVIEWED,UNREVIEWED,UNREVIEWED,LEGAL_REVIEW_REQUIRED,https://floridarevenue.com/property/Pages/LocalOfficials.aspx,2026-09-16,DIRECTORY_LISTED by FL DOR. Site not fetched; terms not reviewed.
FL,Franklin,County Clerk / Value Adjustment Board,http://www.franklinclerk.com/,CASE_NUMBER|TAX_SALE|SALE_STATUS|RECORDED_DOCUMENTS|LIENS,UNREVIEWED,UNREVIEWED,UNREVIEWED,UNREVIEWED,UNREVIEWED,UNREVIEWED,UNREVIEWED,UNREVIEWED,UNREVIEWED,UNREVIEWED,UNREVIEWED,UNREVIEWED,LEGAL_REVIEW_REQUIRED,https://floridarevenue.com/property/Pages/LocalOfficials.aspx,2026-09-16,DIRECTORY_LISTED by FL DOR. Site not fetched; terms not reviewed.
FL,Gadsden,County Property Appraiser,https://gadsdenpa.com/,PROPERTY_IDENTITY|PARCEL_ID|ADDRESS|LEGAL_DESCRIPTION|PROPERTY_TYPE|ACREAGE|ASSESSED_VALUE|MARKET_VALUE|TAXABLE_VALUE|OWNERSHIP|PROPERTY_CHARACTERISTICS|SALES_HISTORY,UNREVIEWED,UNREVIEWED,UNREVIEWED,UNREVIEWED,UNREVIEWED,UNREVIEWED,UNREVIEWED,UNREVIEWED,UNREVIEWED,UNREVIEWED,UNREVIEWED,UNREVIEWED,LEGAL_REVIEW_REQUIRED,https://floridarevenue.com/property/Pages/LocalOfficials.aspx,2026-09-16,DIRECTORY_LISTED by FL DOR. Site not fetched; terms not reviewed.
FL,Gadsden,County Tax Collector,https://www.gadsdentaxcollector.com/,ANNUAL_TAX|DELINQUENT_TAX|TAX_CERTIFICATE|PAYMENT_STATUS,UNREVIEWED,UNREVIEWED,UNREVIEWED,UNREVIEWED,UNREVIEWED,UNREVIEWED,UNREVIEWED,UNREVIEWED,UNREVIEWED,UNREVIEWED,UNREVIEWED,UNREVIEWED,LEGAL_REVIEW_REQUIRED,https://floridarevenue.com/property/Pages/LocalOfficials.aspx,2026-09-16,DIRECTORY_LISTED by FL DOR. Site not fetched; terms not reviewed.
FL,Gadsden,County Clerk / Value Adjustment Board,http://www.gadsdenclerk.com/VAB/VAB.html,CASE_NUMBER|TAX_SALE|SALE_STATUS|RECORDED_DOCUMENTS|LIENS,UNREVIEWED,UNREVIEWED,UNREVIEWED,UNREVIEWED,UNREVIEWED,UNREVIEWED,UNREVIEWED,UNREVIEWED,UNREVIEWED,UNREVIEWED,UNREVIEWED,UNREVIEWED,LEGAL_REVIEW_REQUIRED,https://floridarevenue.com/property/Pages/LocalOfficials.aspx,2026-09-16,DIRECTORY_LISTED by FL DOR. Site not fetched; terms not reviewed.
FL,Gilchrist,County Property Appraiser,https://www.qpublic.net/fl/gilchrist/,PROPERTY_IDENTITY|PARCEL_ID|ADDRESS|LEGAL_DESCRIPTION|PROPERTY_TYPE|ACREAGE|ASSESSED_VALUE|MARKET_VALUE|TAXABLE_VALUE|OWNERSHIP|PROPERTY_CHARACTERISTICS|SALES_HISTORY,UNREVIEWED,UNREVIEWED,UNREVIEWED,UNREVIEWED,UNREVIEWED,UNREVIEWED,UNREVIEWED,UNREVIEWED,UNREVIEWED,UNREVIEWED,UNREVIEWED,UNREVIEWED,LEGAL_REVIEW_REQUIRED,https://floridarevenue.com/property/Pages/LocalOfficials.aspx,2026-09-16,DIRECTORY_LISTED by FL DOR. Site not fetched; terms not reviewed.
FL,Gilchrist,County Tax Collector,https://gilchrist.floridatax.us/,ANNUAL_TAX|DELINQUENT_TAX|TAX_CERTIFICATE|PAYMENT_STATUS,UNREVIEWED,UNREVIEWED,UNREVIEWED,UNREVIEWED,UNREVIEWED,UNREVIEWED,UNREVIEWED,UNREVIEWED,UNREVIEWED,UNREVIEWED,UNREVIEWED,UNREVIEWED,LEGAL_REVIEW_REQUIRED,https://floridarevenue.com/property/Pages/LocalOfficials.aspx,2026-09-16,DIRECTORY_LISTED by FL DOR. Site not fetched; terms not reviewed.
FL,Gilchrist,County Clerk / Value Adjustment Board,https://www.gilchristclerk.com/value-adjustment-board/,CASE_NUMBER|TAX_SALE|SALE_STATUS|RECORDED_DOCUMENTS|LIENS,UNREVIEWED,UNREVIEWED,UNREVIEWED,UNREVIEWED,UNREVIEWED,UNREVIEWED,UNREVIEWED,UNREVIEWED,UNREVIEWED,UNREVIEWED,UNREVIEWED,UNREVIEWED,LEGAL_REVIEW_REQUIRED,https://floridarevenue.com/property/Pages/LocalOfficials.aspx,2026-09-16,DIRECTORY_LISTED by FL DOR. Site not fetched; terms not reviewed.
FL,Glades,County Property Appraiser,http://www.gladesflpa.com/,PROPERTY_IDENTITY|PARCEL_ID|ADDRESS|LEGAL_DESCRIPTION|PROPERTY_TYPE|ACREAGE|ASSESSED_VALUE|MARKET_VALUE|TAXABLE_VALUE|OWNERSHIP|PROPERTY_CHARACTERISTICS|SALES_HISTORY,UNREVIEWED,UNREVIEWED,UNREVIEWED,UNREVIEWED,UNREVIEWED,UNREVIEWED,UNREVIEWED,UNREVIEWED,UNREVIEWED,UNREVIEWED,UNREVIEWED,UNREVIEWED,LEGAL_REVIEW_REQUIRED,https://floridarevenue.com/property/Pages/LocalOfficials.aspx,2026-09-16,DIRECTORY_LISTED by FL DOR. Site not fetched; terms not reviewed.
FL,Glades,County Tax Collector,http://www.mygladescountytaxcollector.com/,ANNUAL_TAX|DELINQUENT_TAX|TAX_CERTIFICATE|PAYMENT_STATUS,UNREVIEWED,UNREVIEWED,UNREVIEWED,UNREVIEWED,UNREVIEWED,UNREVIEWED,UNREVIEWED,UNREVIEWED,UNREVIEWED,UNREVIEWED,UNREVIEWED,UNREVIEWED,LEGAL_REVIEW_REQUIRED,https://floridarevenue.com/property/Pages/LocalOfficials.aspx,2026-09-16,DIRECTORY_LISTED by FL DOR. Site not fetched; terms not reviewed.
FL,Glades,County Clerk / Value Adjustment Board,https://gladesclerk.com/other-services/value-adjustment-board/,CASE_NUMBER|TAX_SALE|SALE_STATUS|RECORDED_DOCUMENTS|LIENS,UNREVIEWED,UNREVIEWED,UNREVIEWED,UNREVIEWED,UNREVIEWED,UNREVIEWED,UNREVIEWED,UNREVIEWED,UNREVIEWED,UNREVIEWED,UNREVIEWED,UNREVIEWED,LEGAL_REVIEW_REQUIRED,https://floridarevenue.com/property/Pages/LocalOfficials.aspx,2026-09-16,DIRECTORY_LISTED by FL DOR. Site not fetched; terms not reviewed.
FL,Gulf,County Property Appraiser,http://www.qpublic.net/gulf/,PROPERTY_IDENTITY|PARCEL_ID|ADDRESS|LEGAL_DESCRIPTION|PROPERTY_TYPE|ACREAGE|ASSESSED_VALUE|MARKET_VALUE|TAXABLE_VALUE|OWNERSHIP|PROPERTY_CHARACTERISTICS|SALES_HISTORY,UNREVIEWED,UNREVIEWED,UNREVIEWED,UNREVIEWED,UNREVIEWED,UNREVIEWED,UNREVIEWED,UNREVIEWED,UNREVIEWED,UNREVIEWED,UNREVIEWED,UNREVIEWED,LEGAL_REVIEW_REQUIRED,https://floridarevenue.com/property/Pages/LocalOfficials.aspx,2026-09-16,DIRECTORY_LISTED by FL DOR. Site not fetched; terms not reviewed.
FL,Gulf,County Tax Collector,http://www.gulfcountytaxcollector.com/,ANNUAL_TAX|DELINQUENT_TAX|TAX_CERTIFICATE|PAYMENT_STATUS,UNREVIEWED,UNREVIEWED,UNREVIEWED,UNREVIEWED,UNREVIEWED,UNREVIEWED,UNREVIEWED,UNREVIEWED,UNREVIEWED,UNREVIEWED,UNREVIEWED,UNREVIEWED,LEGAL_REVIEW_REQUIRED,https://floridarevenue.com/property/Pages/LocalOfficials.aspx,2026-09-16,DIRECTORY_LISTED by FL DOR. Site not fetched; terms not reviewed.
FL,Gulf,County Clerk / Value Adjustment Board,https://www.gulfclerk.com/value-adjustment-board/,CASE_NUMBER|TAX_SALE|SALE_STATUS|RECORDED_DOCUMENTS|LIENS,UNREVIEWED,UNREVIEWED,UNREVIEWED,UNREVIEWED,UNREVIEWED,UNREVIEWED,UNREVIEWED,UNREVIEWED,UNREVIEWED,UNREVIEWED,UNREVIEWED,UNREVIEWED,LEGAL_REVIEW_REQUIRED,https://floridarevenue.com/property/Pages/LocalOfficials.aspx,2026-09-16,DIRECTORY_LISTED by FL DOR. Site not fetched; terms not reviewed.
FL,Hamilton,County Property Appraiser,http://www.hamiltonpa.com/,PROPERTY_IDENTITY|PARCEL_ID|ADDRESS|LEGAL_DESCRIPTION|PROPERTY_TYPE|ACREAGE|ASSESSED_VALUE|MARKET_VALUE|TAXABLE_VALUE|OWNERSHIP|PROPERTY_CHARACTERISTICS|SALES_HISTORY,UNREVIEWED,UNREVIEWED,UNREVIEWED,UNREVIEWED,UNREVIEWED,UNREVIEWED,UNREVIEWED,UNREVIEWED,UNREVIEWED,UNREVIEWED,UNREVIEWED,UNREVIEWED,LEGAL_REVIEW_REQUIRED,https://floridarevenue.com/property/Pages/LocalOfficials.aspx,2026-09-16,DIRECTORY_LISTED by FL DOR. Site not fetched; terms not reviewed.
FL,Hamilton,County Tax Collector,http://www.hamiltoncountytaxcollector.com/,ANNUAL_TAX|DELINQUENT_TAX|TAX_CERTIFICATE|PAYMENT_STATUS,UNREVIEWED,UNREVIEWED,UNREVIEWED,UNREVIEWED,UNREVIEWED,UNREVIEWED,UNREVIEWED,UNREVIEWED,UNREVIEWED,UNREVIEWED,UNREVIEWED,UNREVIEWED,LEGAL_REVIEW_REQUIRED,https://floridarevenue.com/property/Pages/LocalOfficials.aspx,2026-09-16,DIRECTORY_LISTED by FL DOR. Site not fetched; terms not reviewed.
FL,Hardee,County Property Appraiser,http://www.qpublic.net/hardee/,PROPERTY_IDENTITY|PARCEL_ID|ADDRESS|LEGAL_DESCRIPTION|PROPERTY_TYPE|ACREAGE|ASSESSED_VALUE|MARKET_VALUE|TAXABLE_VALUE|OWNERSHIP|PROPERTY_CHARACTERISTICS|SALES_HISTORY,UNREVIEWED,UNREVIEWED,UNREVIEWED,UNREVIEWED,UNREVIEWED,UNREVIEWED,UNREVIEWED,UNREVIEWED,UNREVIEWED,UNREVIEWED,UNREVIEWED,UNREVIEWED,LEGAL_REVIEW_REQUIRED,https://floridarevenue.com/property/Pages/LocalOfficials.aspx,2026-09-16,DIRECTORY_LISTED by FL DOR. Site not fetched; terms not reviewed.
FL,Hardee,County Tax Collector,http://www.hardeecountytaxcollector.com/,ANNUAL_TAX|DELINQUENT_TAX|TAX_CERTIFICATE|PAYMENT_STATUS,UNREVIEWED,UNREVIEWED,UNREVIEWED,UNREVIEWED,UNREVIEWED,UNREVIEWED,UNREVIEWED,UNREVIEWED,UNREVIEWED,UNREVIEWED,UNREVIEWED,UNREVIEWED,LEGAL_REVIEW_REQUIRED,https://floridarevenue.com/property/Pages/LocalOfficials.aspx,2026-09-16,DIRECTORY_LISTED by FL DOR. Site not fetched; terms not reviewed.
FL,Hardee,County Clerk / Value Adjustment Board,https://www.hardeeclerk.com/departments/value-adjustment-board/,CASE_NUMBER|TAX_SALE|SALE_STATUS|RECORDED_DOCUMENTS|LIENS,UNREVIEWED,UNREVIEWED,UNREVIEWED,UNREVIEWED,UNREVIEWED,UNREVIEWED,UNREVIEWED,UNREVIEWED,UNREVIEWED,UNREVIEWED,UNREVIEWED,UNREVIEWED,LEGAL_REVIEW_REQUIRED,https://floridarevenue.com/property/Pages/LocalOfficials.aspx,2026-09-16,DIRECTORY_LISTED by FL DOR. Site not fetched; terms not reviewed.
FL,Hendry,County Property Appraiser,http://www.hendryprop.com/,PROPERTY_IDENTITY|PARCEL_ID|ADDRESS|LEGAL_DESCRIPTION|PROPERTY_TYPE|ACREAGE|ASSESSED_VALUE|MARKET_VALUE|TAXABLE_VALUE|OWNERSHIP|PROPERTY_CHARACTERISTICS|SALES_HISTORY,UNREVIEWED,UNREVIEWED,UNREVIEWED,UNREVIEWED,UNREVIEWED,UNREVIEWED,UNREVIEWED,UNREVIEWED,UNREVIEWED,UNREVIEWED,UNREVIEWED,UNREVIEWED,LEGAL_REVIEW_REQUIRED,https://floridarevenue.com/property/Pages/LocalOfficials.aspx,2026-09-16,DIRECTORY_LISTED by FL DOR. Site not fetched; terms not reviewed.
FL,Hendry,County Tax Collector,http://hendrycountytc.com/,ANNUAL_TAX|DELINQUENT_TAX|TAX_CERTIFICATE|PAYMENT_STATUS,UNREVIEWED,UNREVIEWED,UNREVIEWED,UNREVIEWED,UNREVIEWED,UNREVIEWED,UNREVIEWED,UNREVIEWED,UNREVIEWED,UNREVIEWED,UNREVIEWED,UNREVIEWED,LEGAL_REVIEW_REQUIRED,https://floridarevenue.com/property/Pages/LocalOfficials.aspx,2026-09-16,DIRECTORY_LISTED by FL DOR. Site not fetched; terms not reviewed.
FL,Hendry,County Clerk / Value Adjustment Board,https://www.hendryclerk.org/value-adjustment-board/,CASE_NUMBER|TAX_SALE|SALE_STATUS|RECORDED_DOCUMENTS|LIENS,UNREVIEWED,UNREVIEWED,UNREVIEWED,UNREVIEWED,UNREVIEWED,UNREVIEWED,UNREVIEWED,UNREVIEWED,UNREVIEWED,UNREVIEWED,UNREVIEWED,UNREVIEWED,LEGAL_REVIEW_REQUIRED,https://floridarevenue.com/property/Pages/LocalOfficials.aspx,2026-09-16,DIRECTORY_LISTED by FL DOR. Site not fetched; terms not reviewed.
FL,Hernando,County Property Appraiser,https://hernandocountypa-florida.us/,PROPERTY_IDENTITY|PARCEL_ID|ADDRESS|LEGAL_DESCRIPTION|PROPERTY_TYPE|ACREAGE|ASSESSED_VALUE|MARKET_VALUE|TAXABLE_VALUE|OWNERSHIP|PROPERTY_CHARACTERISTICS|SALES_HISTORY,UNREVIEWED,UNREVIEWED,UNREVIEWED,UNREVIEWED,UNREVIEWED,UNREVIEWED,UNREVIEWED,UNREVIEWED,UNREVIEWED,UNREVIEWED,UNREVIEWED,UNREVIEWED,LEGAL_REVIEW_REQUIRED,https://floridarevenue.com/property/Pages/LocalOfficials.aspx,2026-09-16,DIRECTORY_LISTED by FL DOR. Site not fetched; terms not reviewed.
FL,Hernando,County Tax Collector,https://www.hernandocounty.us/,ANNUAL_TAX|DELINQUENT_TAX|TAX_CERTIFICATE|PAYMENT_STATUS,UNREVIEWED,UNREVIEWED,UNREVIEWED,UNREVIEWED,UNREVIEWED,UNREVIEWED,UNREVIEWED,UNREVIEWED,UNREVIEWED,UNREVIEWED,UNREVIEWED,UNREVIEWED,LEGAL_REVIEW_REQUIRED,https://floridarevenue.com/property/Pages/LocalOfficials.aspx,2026-09-16,DIRECTORY_LISTED by FL DOR. Site not fetched; terms not reviewed.
FL,Hernando,County Clerk / Value Adjustment Board,http://hernandoclerk.com/administration/value-adjustment-board/,CASE_NUMBER|TAX_SALE|SALE_STATUS|RECORDED_DOCUMENTS|LIENS,UNREVIEWED,UNREVIEWED,UNREVIEWED,UNREVIEWED,UNREVIEWED,UNREVIEWED,UNREVIEWED,UNREVIEWED,UNREVIEWED,UNREVIEWED,UNREVIEWED,UNREVIEWED,LEGAL_REVIEW_REQUIRED,https://floridarevenue.com/property/Pages/LocalOfficials.aspx,2026-09-16,DIRECTORY_LISTED by FL DOR. Site not fetched; terms not reviewed.
FL,Highlands,County Property Appraiser,http://www.hcpao.org,PROPERTY_IDENTITY|PARCEL_ID|ADDRESS|LEGAL_DESCRIPTION|PROPERTY_TYPE|ACREAGE|ASSESSED_VALUE|MARKET_VALUE|TAXABLE_VALUE|OWNERSHIP|PROPERTY_CHARACTERISTICS|SALES_HISTORY,UNREVIEWED,UNREVIEWED,UNREVIEWED,UNREVIEWED,UNREVIEWED,UNREVIEWED,UNREVIEWED,UNREVIEWED,UNREVIEWED,UNREVIEWED,UNREVIEWED,UNREVIEWED,LEGAL_REVIEW_REQUIRED,https://floridarevenue.com/property/Pages/LocalOfficials.aspx,2026-09-16,DIRECTORY_LISTED by FL DOR. Site not fetched; terms not reviewed.
FL,Highlands,County Tax Collector,http://hctaxcollector.com/,ANNUAL_TAX|DELINQUENT_TAX|TAX_CERTIFICATE|PAYMENT_STATUS,UNREVIEWED,UNREVIEWED,UNREVIEWED,UNREVIEWED,UNREVIEWED,UNREVIEWED,UNREVIEWED,UNREVIEWED,UNREVIEWED,UNREVIEWED,UNREVIEWED,UNREVIEWED,LEGAL_REVIEW_REQUIRED,https://floridarevenue.com/property/Pages/LocalOfficials.aspx,2026-09-16,DIRECTORY_LISTED by FL DOR. Site not fetched; terms not reviewed.
FL,Highlands,County Clerk / Value Adjustment Board,https://highlandsclerkfl.gov/clerk_to_the_board/value_adjustment_board/index.php,CASE_NUMBER|TAX_SALE|SALE_STATUS|RECORDED_DOCUMENTS|LIENS,UNREVIEWED,UNREVIEWED,UNREVIEWED,UNREVIEWED,UNREVIEWED,UNREVIEWED,UNREVIEWED,UNREVIEWED,UNREVIEWED,UNREVIEWED,UNREVIEWED,UNREVIEWED,LEGAL_REVIEW_REQUIRED,https://floridarevenue.com/property/Pages/LocalOfficials.aspx,2026-09-16,DIRECTORY_LISTED by FL DOR. Site not fetched; terms not reviewed.
FL,Hillsborough,County Property Appraiser,http://www.hcpafl.org,PROPERTY_IDENTITY|PARCEL_ID|ADDRESS|LEGAL_DESCRIPTION|PROPERTY_TYPE|ACREAGE|ASSESSED_VALUE|MARKET_VALUE|TAXABLE_VALUE|OWNERSHIP|PROPERTY_CHARACTERISTICS|SALES_HISTORY,UNREVIEWED,UNREVIEWED,UNREVIEWED,UNREVIEWED,UNREVIEWED,UNREVIEWED,UNREVIEWED,UNREVIEWED,UNREVIEWED,UNREVIEWED,UNREVIEWED,UNREVIEWED,LEGAL_REVIEW_REQUIRED,https://floridarevenue.com/property/Pages/LocalOfficials.aspx,2026-09-16,DIRECTORY_LISTED by FL DOR. Site not fetched; terms not reviewed.
FL,Hillsborough,County Tax Collector,https://www.hillstaxfl.gov/,ANNUAL_TAX|DELINQUENT_TAX|TAX_CERTIFICATE|PAYMENT_STATUS,UNREVIEWED,UNREVIEWED,UNREVIEWED,UNREVIEWED,UNREVIEWED,UNREVIEWED,UNREVIEWED,UNREVIEWED,UNREVIEWED,UNREVIEWED,UNREVIEWED,UNREVIEWED,LEGAL_REVIEW_REQUIRED,https://floridarevenue.com/property/Pages/LocalOfficials.aspx,2026-09-16,DIRECTORY_LISTED by FL DOR. Site not fetched; terms not reviewed.
FL,Hillsborough,County Clerk / Value Adjustment Board,https://www.hillsclerk.com/Additional-Services/Value-Adjustment-Board,CASE_NUMBER|TAX_SALE|SALE_STATUS|RECORDED_DOCUMENTS|LIENS,UNREVIEWED,UNREVIEWED,UNREVIEWED,UNREVIEWED,UNREVIEWED,UNREVIEWED,UNREVIEWED,UNREVIEWED,UNREVIEWED,UNREVIEWED,UNREVIEWED,UNREVIEWED,LEGAL_REVIEW_REQUIRED,https://floridarevenue.com/property/Pages/LocalOfficials.aspx,2026-09-16,DIRECTORY_LISTED by FL DOR. Site not fetched; terms not reviewed.
FL,Holmes,County Property Appraiser,http://www.qpublic.net/holmes/,PROPERTY_IDENTITY|PARCEL_ID|ADDRESS|LEGAL_DESCRIPTION|PROPERTY_TYPE|ACREAGE|ASSESSED_VALUE|MARKET_VALUE|TAXABLE_VALUE|OWNERSHIP|PROPERTY_CHARACTERISTICS|SALES_HISTORY,UNREVIEWED,UNREVIEWED,UNREVIEWED,UNREVIEWED,UNREVIEWED,UNREVIEWED,UNREVIEWED,UNREVIEWED,UNREVIEWED,UNREVIEWED,UNREVIEWED,UNREVIEWED,LEGAL_REVIEW_REQUIRED,https://floridarevenue.com/property/Pages/LocalOfficials.aspx,2026-09-16,DIRECTORY_LISTED by FL DOR. Site not fetched; terms not reviewed.
FL,Holmes,County Tax Collector,https://holmestc.com/,ANNUAL_TAX|DELINQUENT_TAX|TAX_CERTIFICATE|PAYMENT_STATUS,UNREVIEWED,UNREVIEWED,UNREVIEWED,UNREVIEWED,UNREVIEWED,UNREVIEWED,UNREVIEWED,UNREVIEWED,UNREVIEWED,UNREVIEWED,UNREVIEWED,UNREVIEWED,LEGAL_REVIEW_REQUIRED,https://floridarevenue.com/property/Pages/LocalOfficials.aspx,2026-09-16,DIRECTORY_LISTED by FL DOR. Site not fetched; terms not reviewed.
FL,Holmes,County Clerk / Value Adjustment Board,https://holmesclerk.com/other-services/value-adjustment-board/,CASE_NUMBER|TAX_SALE|SALE_STATUS|RECORDED_DOCUMENTS|LIENS,UNREVIEWED,UNREVIEWED,UNREVIEWED,UNREVIEWED,UNREVIEWED,UNREVIEWED,UNREVIEWED,UNREVIEWED,UNREVIEWED,UNREVIEWED,UNREVIEWED,UNREVIEWED,LEGAL_REVIEW_REQUIRED,https://floridarevenue.com/property/Pages/LocalOfficials.aspx,2026-09-16,DIRECTORY_LISTED by FL DOR. Site not fetched; terms not reviewed.
FL,Indian River,County Property Appraiser,http://www.ircpa.org/,PROPERTY_IDENTITY|PARCEL_ID|ADDRESS|LEGAL_DESCRIPTION|PROPERTY_TYPE|ACREAGE|ASSESSED_VALUE|MARKET_VALUE|TAXABLE_VALUE|OWNERSHIP|PROPERTY_CHARACTERISTICS|SALES_HISTORY,UNREVIEWED,UNREVIEWED,UNREVIEWED,UNREVIEWED,UNREVIEWED,UNREVIEWED,UNREVIEWED,UNREVIEWED,UNREVIEWED,UNREVIEWED,UNREVIEWED,UNREVIEWED,LEGAL_REVIEW_REQUIRED,https://floridarevenue.com/property/Pages/LocalOfficials.aspx,2026-09-16,DIRECTORY_LISTED by FL DOR. Site not fetched; terms not reviewed.
FL,Indian River,County Tax Collector,http://www.irctax.com,ANNUAL_TAX|DELINQUENT_TAX|TAX_CERTIFICATE|PAYMENT_STATUS,UNREVIEWED,UNREVIEWED,UNREVIEWED,UNREVIEWED,UNREVIEWED,UNREVIEWED,UNREVIEWED,UNREVIEWED,UNREVIEWED,UNREVIEWED,UNREVIEWED,UNREVIEWED,LEGAL_REVIEW_REQUIRED,https://floridarevenue.com/property/Pages/LocalOfficials.aspx,2026-09-16,DIRECTORY_LISTED by FL DOR. Site not fetched; terms not reviewed.
FL,Indian River,County Clerk / Value Adjustment Board,https://vab.indian-river.org/Axia2025/,CASE_NUMBER|TAX_SALE|SALE_STATUS|RECORDED_DOCUMENTS|LIENS,UNREVIEWED,UNREVIEWED,UNREVIEWED,UNREVIEWED,UNREVIEWED,UNREVIEWED,UNREVIEWED,UNREVIEWED,UNREVIEWED,UNREVIEWED,UNREVIEWED,UNREVIEWED,LEGAL_REVIEW_REQUIRED,https://floridarevenue.com/property/Pages/LocalOfficials.aspx,2026-09-16,DIRECTORY_LISTED by FL DOR. Site not fetched; terms not reviewed.
FL,Jackson,County Property Appraiser,http://www.qpublic.net/jackson/,PROPERTY_IDENTITY|PARCEL_ID|ADDRESS|LEGAL_DESCRIPTION|PROPERTY_TYPE|ACREAGE|ASSESSED_VALUE|MARKET_VALUE|TAXABLE_VALUE|OWNERSHIP|PROPERTY_CHARACTERISTICS|SALES_HISTORY,UNREVIEWED,UNREVIEWED,UNREVIEWED,UNREVIEWED,UNREVIEWED,UNREVIEWED,UNREVIEWED,UNREVIEWED,UNREVIEWED,UNREVIEWED,UNREVIEWED,UNREVIEWED,LEGAL_REVIEW_REQUIRED,https://floridarevenue.com/property/Pages/LocalOfficials.aspx,2026-09-16,DIRECTORY_LISTED by FL DOR. Site not fetched; terms not reviewed.
FL,Jackson,County Tax Collector,http://www.jacksoncountytaxcollector.com/,ANNUAL_TAX|DELINQUENT_TAX|TAX_CERTIFICATE|PAYMENT_STATUS,UNREVIEWED,UNREVIEWED,UNREVIEWED,UNREVIEWED,UNREVIEWED,UNREVIEWED,UNREVIEWED,UNREVIEWED,UNREVIEWED,UNREVIEWED,UNREVIEWED,UNREVIEWED,LEGAL_REVIEW_REQUIRED,https://floridarevenue.com/property/Pages/LocalOfficials.aspx,2026-09-16,DIRECTORY_LISTED by FL DOR. Site not fetched; terms not reviewed.
FL,Jackson,County Clerk / Value Adjustment Board,https://www.jacksonclerk.com/,CASE_NUMBER|TAX_SALE|SALE_STATUS|RECORDED_DOCUMENTS|LIENS,UNREVIEWED,UNREVIEWED,UNREVIEWED,UNREVIEWED,UNREVIEWED,UNREVIEWED,UNREVIEWED,UNREVIEWED,UNREVIEWED,UNREVIEWED,UNREVIEWED,UNREVIEWED,LEGAL_REVIEW_REQUIRED,https://floridarevenue.com/property/Pages/LocalOfficials.aspx,2026-09-16,DIRECTORY_LISTED by FL DOR. Site not fetched; terms not reviewed.
FL,Jefferson,County Property Appraiser,http://www.JeffersonPA.net,PROPERTY_IDENTITY|PARCEL_ID|ADDRESS|LEGAL_DESCRIPTION|PROPERTY_TYPE|ACREAGE|ASSESSED_VALUE|MARKET_VALUE|TAXABLE_VALUE|OWNERSHIP|PROPERTY_CHARACTERISTICS|SALES_HISTORY,UNREVIEWED,UNREVIEWED,UNREVIEWED,UNREVIEWED,UNREVIEWED,UNREVIEWED,UNREVIEWED,UNREVIEWED,UNREVIEWED,UNREVIEWED,UNREVIEWED,UNREVIEWED,LEGAL_REVIEW_REQUIRED,https://floridarevenue.com/property/Pages/LocalOfficials.aspx,2026-09-16,DIRECTORY_LISTED by FL DOR. Site not fetched; terms not reviewed.
FL,Jefferson,County Tax Collector,http://www.jeffersoncountytaxcollector.com/,ANNUAL_TAX|DELINQUENT_TAX|TAX_CERTIFICATE|PAYMENT_STATUS,UNREVIEWED,UNREVIEWED,UNREVIEWED,UNREVIEWED,UNREVIEWED,UNREVIEWED,UNREVIEWED,UNREVIEWED,UNREVIEWED,UNREVIEWED,UNREVIEWED,UNREVIEWED,LEGAL_REVIEW_REQUIRED,https://floridarevenue.com/property/Pages/LocalOfficials.aspx,2026-09-16,DIRECTORY_LISTED by FL DOR. Site not fetched; terms not reviewed.
FL,Jefferson,County Clerk / Value Adjustment Board,https://www.jeffersonclerk.com/departments/value-adjustment-board/,CASE_NUMBER|TAX_SALE|SALE_STATUS|RECORDED_DOCUMENTS|LIENS,UNREVIEWED,UNREVIEWED,UNREVIEWED,UNREVIEWED,UNREVIEWED,UNREVIEWED,UNREVIEWED,UNREVIEWED,UNREVIEWED,UNREVIEWED,UNREVIEWED,UNREVIEWED,LEGAL_REVIEW_REQUIRED,https://floridarevenue.com/property/Pages/LocalOfficials.aspx,2026-09-16,DIRECTORY_LISTED by FL DOR. Site not fetched; terms not reviewed.
FL,Lafayette,County Property Appraiser,http://www.lafayettepa.com/,PROPERTY_IDENTITY|PARCEL_ID|ADDRESS|LEGAL_DESCRIPTION|PROPERTY_TYPE|ACREAGE|ASSESSED_VALUE|MARKET_VALUE|TAXABLE_VALUE|OWNERSHIP|PROPERTY_CHARACTERISTICS|SALES_HISTORY,UNREVIEWED,UNREVIEWED,UNREVIEWED,UNREVIEWED,UNREVIEWED,UNREVIEWED,UNREVIEWED,UNREVIEWED,UNREVIEWED,UNREVIEWED,UNREVIEWED,UNREVIEWED,LEGAL_REVIEW_REQUIRED,https://floridarevenue.com/property/Pages/LocalOfficials.aspx,2026-09-16,DIRECTORY_LISTED by FL DOR. Site not fetched; terms not reviewed.
FL,Lafayette,County Tax Collector,http://www.lafayettetc.com/,ANNUAL_TAX|DELINQUENT_TAX|TAX_CERTIFICATE|PAYMENT_STATUS,UNREVIEWED,UNREVIEWED,UNREVIEWED,UNREVIEWED,UNREVIEWED,UNREVIEWED,UNREVIEWED,UNREVIEWED,UNREVIEWED,UNREVIEWED,UNREVIEWED,UNREVIEWED,LEGAL_REVIEW_REQUIRED,https://floridarevenue.com/property/Pages/LocalOfficials.aspx,2026-09-16,DIRECTORY_LISTED by FL DOR. Site not fetched; terms not reviewed.
FL,Lake,County Property Appraiser,http://www.lakecopropappr.com/,PROPERTY_IDENTITY|PARCEL_ID|ADDRESS|LEGAL_DESCRIPTION|PROPERTY_TYPE|ACREAGE|ASSESSED_VALUE|MARKET_VALUE|TAXABLE_VALUE|OWNERSHIP|PROPERTY_CHARACTERISTICS|SALES_HISTORY,UNREVIEWED,UNREVIEWED,UNREVIEWED,UNREVIEWED,UNREVIEWED,UNREVIEWED,UNREVIEWED,UNREVIEWED,UNREVIEWED,UNREVIEWED,UNREVIEWED,UNREVIEWED,LEGAL_REVIEW_REQUIRED,https://floridarevenue.com/property/Pages/LocalOfficials.aspx,2026-09-16,DIRECTORY_LISTED by FL DOR. Site not fetched; terms not reviewed.
FL,Lake,County Tax Collector,http://www.laketax.com/,ANNUAL_TAX|DELINQUENT_TAX|TAX_CERTIFICATE|PAYMENT_STATUS,UNREVIEWED,UNREVIEWED,UNREVIEWED,UNREVIEWED,UNREVIEWED,UNREVIEWED,UNREVIEWED,UNREVIEWED,UNREVIEWED,UNREVIEWED,UNREVIEWED,UNREVIEWED,LEGAL_REVIEW_REQUIRED,https://floridarevenue.com/property/Pages/LocalOfficials.aspx,2026-09-16,DIRECTORY_LISTED by FL DOR. Site not fetched; terms not reviewed.
FL,Lake,County Clerk / Value Adjustment Board,https://www.lakecountyclerkfl.gov/departments/executive-office/value-adjustment-board/value-adjustment-board-forms/,CASE_NUMBER|TAX_SALE|SALE_STATUS|RECORDED_DOCUMENTS|LIENS,UNREVIEWED,UNREVIEWED,UNREVIEWED,UNREVIEWED,UNREVIEWED,UNREVIEWED,UNREVIEWED,UNREVIEWED,UNREVIEWED,UNREVIEWED,UNREVIEWED,UNREVIEWED,LEGAL_REVIEW_REQUIRED,https://floridarevenue.com/property/Pages/LocalOfficials.aspx,2026-09-16,DIRECTORY_LISTED by FL DOR. Site not fetched; terms not reviewed.
FL,Lee,County Property Appraiser,http://www.leepa.org/,PROPERTY_IDENTITY|PARCEL_ID|ADDRESS|LEGAL_DESCRIPTION|PROPERTY_TYPE|ACREAGE|ASSESSED_VALUE|MARKET_VALUE|TAXABLE_VALUE|OWNERSHIP|PROPERTY_CHARACTERISTICS|SALES_HISTORY,UNREVIEWED,UNREVIEWED,UNREVIEWED,UNREVIEWED,UNREVIEWED,UNREVIEWED,UNREVIEWED,UNREVIEWED,UNREVIEWED,UNREVIEWED,UNREVIEWED,UNREVIEWED,LEGAL_REVIEW_REQUIRED,https://floridarevenue.com/property/Pages/LocalOfficials.aspx,2026-09-16,DIRECTORY_LISTED by FL DOR. Site not fetched; terms not reviewed.
FL,Lee,County Tax Collector,https://leetc.com/,ANNUAL_TAX|DELINQUENT_TAX|TAX_CERTIFICATE|PAYMENT_STATUS,UNREVIEWED,UNREVIEWED,UNREVIEWED,UNREVIEWED,UNREVIEWED,UNREVIEWED,UNREVIEWED,UNREVIEWED,UNREVIEWED,UNREVIEWED,UNREVIEWED,UNREVIEWED,LEGAL_REVIEW_REQUIRED,https://floridarevenue.com/property/Pages/LocalOfficials.aspx,2026-09-16,DIRECTORY_LISTED by FL DOR. Site not fetched; terms not reviewed.
FL,Lee,County Clerk / Value Adjustment Board,http://www.leeclerk.org/departments/value-adjustment-board-vab,CASE_NUMBER|TAX_SALE|SALE_STATUS|RECORDED_DOCUMENTS|LIENS,UNREVIEWED,UNREVIEWED,UNREVIEWED,UNREVIEWED,UNREVIEWED,UNREVIEWED,UNREVIEWED,UNREVIEWED,UNREVIEWED,UNREVIEWED,UNREVIEWED,UNREVIEWED,LEGAL_REVIEW_REQUIRED,https://floridarevenue.com/property/Pages/LocalOfficials.aspx,2026-09-16,DIRECTORY_LISTED by FL DOR. Site not fetched; terms not reviewed.
FL,Leon,County Property Appraiser,http://www.leonpa.org/,PROPERTY_IDENTITY|PARCEL_ID|ADDRESS|LEGAL_DESCRIPTION|PROPERTY_TYPE|ACREAGE|ASSESSED_VALUE|MARKET_VALUE|TAXABLE_VALUE|OWNERSHIP|PROPERTY_CHARACTERISTICS|SALES_HISTORY,UNREVIEWED,UNREVIEWED,UNREVIEWED,UNREVIEWED,UNREVIEWED,UNREVIEWED,UNREVIEWED,UNREVIEWED,UNREVIEWED,UNREVIEWED,UNREVIEWED,UNREVIEWED,LEGAL_REVIEW_REQUIRED,https://floridarevenue.com/property/Pages/LocalOfficials.aspx,2026-09-16,DIRECTORY_LISTED by FL DOR. Site not fetched; terms not reviewed.
FL,Leon,County Tax Collector,http://www.leontaxcollector.net/,ANNUAL_TAX|DELINQUENT_TAX|TAX_CERTIFICATE|PAYMENT_STATUS,UNREVIEWED,UNREVIEWED,UNREVIEWED,UNREVIEWED,UNREVIEWED,UNREVIEWED,UNREVIEWED,UNREVIEWED,UNREVIEWED,UNREVIEWED,UNREVIEWED,UNREVIEWED,LEGAL_REVIEW_REQUIRED,https://floridarevenue.com/property/Pages/LocalOfficials.aspx,2026-09-16,DIRECTORY_LISTED by FL DOR. Site not fetched; terms not reviewed.
FL,Leon,County Clerk / Value Adjustment Board,https://cvweb.clerk.leon.fl.us/public/clerk_services/administration/value_adjustment_board/vab.asp,CASE_NUMBER|TAX_SALE|SALE_STATUS|RECORDED_DOCUMENTS|LIENS,UNREVIEWED,UNREVIEWED,UNREVIEWED,UNREVIEWED,UNREVIEWED,UNREVIEWED,UNREVIEWED,UNREVIEWED,UNREVIEWED,UNREVIEWED,UNREVIEWED,UNREVIEWED,LEGAL_REVIEW_REQUIRED,https://floridarevenue.com/property/Pages/LocalOfficials.aspx,2026-09-16,DIRECTORY_LISTED by FL DOR. Site not fetched; terms not reviewed.
FL,Levy,County Property Appraiser,http://www.qpublic.net/fl/levy/,PROPERTY_IDENTITY|PARCEL_ID|ADDRESS|LEGAL_DESCRIPTION|PROPERTY_TYPE|ACREAGE|ASSESSED_VALUE|MARKET_VALUE|TAXABLE_VALUE|OWNERSHIP|PROPERTY_CHARACTERISTICS|SALES_HISTORY,UNREVIEWED,UNREVIEWED,UNREVIEWED,UNREVIEWED,UNREVIEWED,UNREVIEWED,UNREVIEWED,UNREVIEWED,UNREVIEWED,UNREVIEWED,UNREVIEWED,UNREVIEWED,LEGAL_REVIEW_REQUIRED,https://floridarevenue.com/property/Pages/LocalOfficials.aspx,2026-09-16,DIRECTORY_LISTED by FL DOR. Site not fetched; terms not reviewed.
FL,Levy,County Tax Collector,https://levytax.org/,ANNUAL_TAX|DELINQUENT_TAX|TAX_CERTIFICATE|PAYMENT_STATUS,UNREVIEWED,UNREVIEWED,UNREVIEWED,UNREVIEWED,UNREVIEWED,UNREVIEWED,UNREVIEWED,UNREVIEWED,UNREVIEWED,UNREVIEWED,UNREVIEWED,UNREVIEWED,LEGAL_REVIEW_REQUIRED,https://floridarevenue.com/property/Pages/LocalOfficials.aspx,2026-09-16,DIRECTORY_LISTED by FL DOR. Site not fetched; terms not reviewed.
FL,Liberty,County Property Appraiser,http://www.qpublic.net/liberty/,PROPERTY_IDENTITY|PARCEL_ID|ADDRESS|LEGAL_DESCRIPTION|PROPERTY_TYPE|ACREAGE|ASSESSED_VALUE|MARKET_VALUE|TAXABLE_VALUE|OWNERSHIP|PROPERTY_CHARACTERISTICS|SALES_HISTORY,UNREVIEWED,UNREVIEWED,UNREVIEWED,UNREVIEWED,UNREVIEWED,UNREVIEWED,UNREVIEWED,UNREVIEWED,UNREVIEWED,UNREVIEWED,UNREVIEWED,UNREVIEWED,LEGAL_REVIEW_REQUIRED,https://floridarevenue.com/property/Pages/LocalOfficials.aspx,2026-09-16,DIRECTORY_LISTED by FL DOR. Site not fetched; terms not reviewed.
FL,Liberty,County Tax Collector,http://www.libertycountytaxcollector.com,ANNUAL_TAX|DELINQUENT_TAX|TAX_CERTIFICATE|PAYMENT_STATUS,UNREVIEWED,UNREVIEWED,UNREVIEWED,UNREVIEWED,UNREVIEWED,UNREVIEWED,UNREVIEWED,UNREVIEWED,UNREVIEWED,UNREVIEWED,UNREVIEWED,UNREVIEWED,LEGAL_REVIEW_REQUIRED,https://floridarevenue.com/property/Pages/LocalOfficials.aspx,2026-09-16,DIRECTORY_LISTED by FL DOR. Site not fetched; terms not reviewed.
FL,Liberty,County Clerk / Value Adjustment Board,https://libertyclerk.com/other-services/value-adjustment-board/,CASE_NUMBER|TAX_SALE|SALE_STATUS|RECORDED_DOCUMENTS|LIENS,UNREVIEWED,UNREVIEWED,UNREVIEWED,UNREVIEWED,UNREVIEWED,UNREVIEWED,UNREVIEWED,UNREVIEWED,UNREVIEWED,UNREVIEWED,UNREVIEWED,UNREVIEWED,LEGAL_REVIEW_REQUIRED,https://floridarevenue.com/property/Pages/LocalOfficials.aspx,2026-09-16,DIRECTORY_LISTED by FL DOR. Site not fetched; terms not reviewed.
FL,Madison,County Property Appraiser,http://www.madisonpa.com,PROPERTY_IDENTITY|PARCEL_ID|ADDRESS|LEGAL_DESCRIPTION|PROPERTY_TYPE|ACREAGE|ASSESSED_VALUE|MARKET_VALUE|TAXABLE_VALUE|OWNERSHIP|PROPERTY_CHARACTERISTICS|SALES_HISTORY,UNREVIEWED,UNREVIEWED,UNREVIEWED,UNREVIEWED,UNREVIEWED,UNREVIEWED,UNREVIEWED,UNREVIEWED,UNREVIEWED,UNREVIEWED,UNREVIEWED,UNREVIEWED,LEGAL_REVIEW_REQUIRED,https://floridarevenue.com/property/Pages/LocalOfficials.aspx,2026-09-16,DIRECTORY_LISTED by FL DOR. Site not fetched; terms not reviewed.
FL,Madison,County Tax Collector,http://www.madisoncountytaxcollector.com/,ANNUAL_TAX|DELINQUENT_TAX|TAX_CERTIFICATE|PAYMENT_STATUS,UNREVIEWED,UNREVIEWED,UNREVIEWED,UNREVIEWED,UNREVIEWED,UNREVIEWED,UNREVIEWED,UNREVIEWED,UNREVIEWED,UNREVIEWED,UNREVIEWED,UNREVIEWED,LEGAL_REVIEW_REQUIRED,https://floridarevenue.com/property/Pages/LocalOfficials.aspx,2026-09-16,DIRECTORY_LISTED by FL DOR. Site not fetched; terms not reviewed.
FL,Madison,County Clerk / Value Adjustment Board,https://www.madisonclerk.com/value-adjustment-board/,CASE_NUMBER|TAX_SALE|SALE_STATUS|RECORDED_DOCUMENTS|LIENS,UNREVIEWED,UNREVIEWED,UNREVIEWED,UNREVIEWED,UNREVIEWED,UNREVIEWED,UNREVIEWED,UNREVIEWED,UNREVIEWED,UNREVIEWED,UNREVIEWED,UNREVIEWED,LEGAL_REVIEW_REQUIRED,https://floridarevenue.com/property/Pages/LocalOfficials.aspx,2026-09-16,DIRECTORY_LISTED by FL DOR. Site not fetched; terms not reviewed.
FL,Manatee,County Property Appraiser,http://www.manateepao.com/,PROPERTY_IDENTITY|PARCEL_ID|ADDRESS|LEGAL_DESCRIPTION|PROPERTY_TYPE|ACREAGE|ASSESSED_VALUE|MARKET_VALUE|TAXABLE_VALUE|OWNERSHIP|PROPERTY_CHARACTERISTICS|SALES_HISTORY,UNREVIEWED,UNREVIEWED,UNREVIEWED,UNREVIEWED,UNREVIEWED,UNREVIEWED,UNREVIEWED,UNREVIEWED,UNREVIEWED,UNREVIEWED,UNREVIEWED,UNREVIEWED,LEGAL_REVIEW_REQUIRED,https://floridarevenue.com/property/Pages/LocalOfficials.aspx,2026-09-16,DIRECTORY_LISTED by FL DOR. Site not fetched; terms not reviewed.
FL,Manatee,County Tax Collector,http://www.taxcollector.com/,ANNUAL_TAX|DELINQUENT_TAX|TAX_CERTIFICATE|PAYMENT_STATUS,UNREVIEWED,UNREVIEWED,UNREVIEWED,UNREVIEWED,UNREVIEWED,UNREVIEWED,UNREVIEWED,UNREVIEWED,UNREVIEWED,UNREVIEWED,UNREVIEWED,UNREVIEWED,LEGAL_REVIEW_REQUIRED,https://floridarevenue.com/property/Pages/LocalOfficials.aspx,2026-09-16,DIRECTORY_LISTED by FL DOR. Site not fetched; terms not reviewed.
FL,Manatee,County Clerk / Value Adjustment Board,https://www.manateepao.com/dnn/VAB,CASE_NUMBER|TAX_SALE|SALE_STATUS|RECORDED_DOCUMENTS|LIENS,UNREVIEWED,UNREVIEWED,UNREVIEWED,UNREVIEWED,UNREVIEWED,UNREVIEWED,UNREVIEWED,UNREVIEWED,UNREVIEWED,UNREVIEWED,UNREVIEWED,UNREVIEWED,LEGAL_REVIEW_REQUIRED,https://floridarevenue.com/property/Pages/LocalOfficials.aspx,2026-09-16,DIRECTORY_LISTED by FL DOR. Site not fetched; terms not reviewed.
FL,Marion,County Property Appraiser,http://www.pa.marion.fl.us/,PROPERTY_IDENTITY|PARCEL_ID|ADDRESS|LEGAL_DESCRIPTION|PROPERTY_TYPE|ACREAGE|ASSESSED_VALUE|MARKET_VALUE|TAXABLE_VALUE|OWNERSHIP|PROPERTY_CHARACTERISTICS|SALES_HISTORY,UNREVIEWED,UNREVIEWED,UNREVIEWED,UNREVIEWED,UNREVIEWED,UNREVIEWED,UNREVIEWED,UNREVIEWED,UNREVIEWED,UNREVIEWED,UNREVIEWED,UNREVIEWED,LEGAL_REVIEW_REQUIRED,https://floridarevenue.com/property/Pages/LocalOfficials.aspx,2026-09-16,DIRECTORY_LISTED by FL DOR. Site not fetched; terms not reviewed.
FL,Marion,County Tax Collector,http://www.mariontax.com/,ANNUAL_TAX|DELINQUENT_TAX|TAX_CERTIFICATE|PAYMENT_STATUS,UNREVIEWED,UNREVIEWED,UNREVIEWED,UNREVIEWED,UNREVIEWED,UNREVIEWED,UNREVIEWED,UNREVIEWED,UNREVIEWED,UNREVIEWED,UNREVIEWED,UNREVIEWED,LEGAL_REVIEW_REQUIRED,https://floridarevenue.com/property/Pages/LocalOfficials.aspx,2026-09-16,DIRECTORY_LISTED by FL DOR. Site not fetched; terms not reviewed.
FL,Marion,County Clerk / Value Adjustment Board,https://www.marioncountyclerk.org/departments/records-recording/value-adjustment-board/,CASE_NUMBER|TAX_SALE|SALE_STATUS|RECORDED_DOCUMENTS|LIENS,UNREVIEWED,UNREVIEWED,UNREVIEWED,UNREVIEWED,UNREVIEWED,UNREVIEWED,UNREVIEWED,UNREVIEWED,UNREVIEWED,UNREVIEWED,UNREVIEWED,UNREVIEWED,LEGAL_REVIEW_REQUIRED,https://floridarevenue.com/property/Pages/LocalOfficials.aspx,2026-09-16,DIRECTORY_LISTED by FL DOR. Site not fetched; terms not reviewed.
FL,Martin,County Property Appraiser,http://www.pa.martin.fl.us/,PROPERTY_IDENTITY|PARCEL_ID|ADDRESS|LEGAL_DESCRIPTION|PROPERTY_TYPE|ACREAGE|ASSESSED_VALUE|MARKET_VALUE|TAXABLE_VALUE|OWNERSHIP|PROPERTY_CHARACTERISTICS|SALES_HISTORY,UNREVIEWED,UNREVIEWED,UNREVIEWED,UNREVIEWED,UNREVIEWED,UNREVIEWED,UNREVIEWED,UNREVIEWED,UNREVIEWED,UNREVIEWED,UNREVIEWED,UNREVIEWED,LEGAL_REVIEW_REQUIRED,https://floridarevenue.com/property/Pages/LocalOfficials.aspx,2026-09-16,DIRECTORY_LISTED by FL DOR. Site not fetched; terms not reviewed.
FL,Martin,County Tax Collector,https://martintaxcollector.com/,ANNUAL_TAX|DELINQUENT_TAX|TAX_CERTIFICATE|PAYMENT_STATUS,UNREVIEWED,UNREVIEWED,UNREVIEWED,UNREVIEWED,UNREVIEWED,UNREVIEWED,UNREVIEWED,UNREVIEWED,UNREVIEWED,UNREVIEWED,UNREVIEWED,UNREVIEWED,LEGAL_REVIEW_REQUIRED,https://floridarevenue.com/property/Pages/LocalOfficials.aspx,2026-09-16,DIRECTORY_LISTED by FL DOR. Site not fetched; terms not reviewed.
FL,Martin,County Clerk / Value Adjustment Board,https://www.martinclerk.com/188/Value-Adjustment-Board,CASE_NUMBER|TAX_SALE|SALE_STATUS|RECORDED_DOCUMENTS|LIENS,UNREVIEWED,UNREVIEWED,UNREVIEWED,UNREVIEWED,UNREVIEWED,UNREVIEWED,UNREVIEWED,UNREVIEWED,UNREVIEWED,UNREVIEWED,UNREVIEWED,UNREVIEWED,LEGAL_REVIEW_REQUIRED,https://floridarevenue.com/property/Pages/LocalOfficials.aspx,2026-09-16,DIRECTORY_LISTED by FL DOR. Site not fetched; terms not reviewed.
FL,Miami-Dade,County Property Appraiser,http://www.miamidade.gov/pa/,PROPERTY_IDENTITY|PARCEL_ID|ADDRESS|LEGAL_DESCRIPTION|PROPERTY_TYPE|ACREAGE|ASSESSED_VALUE|MARKET_VALUE|TAXABLE_VALUE|OWNERSHIP|PROPERTY_CHARACTERISTICS|SALES_HISTORY,UNREVIEWED,UNREVIEWED,UNREVIEWED,UNREVIEWED,UNREVIEWED,UNREVIEWED,UNREVIEWED,UNREVIEWED,UNREVIEWED,UNREVIEWED,UNREVIEWED,UNREVIEWED,LEGAL_REVIEW_REQUIRED,https://floridarevenue.com/property/Pages/LocalOfficials.aspx,2026-09-16,DIRECTORY_LISTED by FL DOR. Site not fetched; terms not reviewed.
FL,Miami-Dade,County Tax Collector,http://www.miamidade.gov/taxcollector/,ANNUAL_TAX|DELINQUENT_TAX|TAX_CERTIFICATE|PAYMENT_STATUS,UNREVIEWED,UNREVIEWED,UNREVIEWED,UNREVIEWED,UNREVIEWED,UNREVIEWED,UNREVIEWED,UNREVIEWED,UNREVIEWED,UNREVIEWED,UNREVIEWED,UNREVIEWED,LEGAL_REVIEW_REQUIRED,https://floridarevenue.com/property/Pages/LocalOfficials.aspx,2026-09-16,DIRECTORY_LISTED by FL DOR. Site not fetched; terms not reviewed.
FL,Miami-Dade,County Clerk / Value Adjustment Board,https://www.miamidadeclerk.gov/clerk/value-adjustment-board.page,CASE_NUMBER|TAX_SALE|SALE_STATUS|RECORDED_DOCUMENTS|LIENS,UNREVIEWED,UNREVIEWED,UNREVIEWED,UNREVIEWED,UNREVIEWED,UNREVIEWED,UNREVIEWED,UNREVIEWED,UNREVIEWED,UNREVIEWED,UNREVIEWED,UNREVIEWED,LEGAL_REVIEW_REQUIRED,https://floridarevenue.com/property/Pages/LocalOfficials.aspx,2026-09-16,DIRECTORY_LISTED by FL DOR. Site not fetched; terms not reviewed.
FL,Monroe,County Property Appraiser,http://qpublic.net/monroe/,PROPERTY_IDENTITY|PARCEL_ID|ADDRESS|LEGAL_DESCRIPTION|PROPERTY_TYPE|ACREAGE|ASSESSED_VALUE|MARKET_VALUE|TAXABLE_VALUE|OWNERSHIP|PROPERTY_CHARACTERISTICS|SALES_HISTORY,UNREVIEWED,UNREVIEWED,UNREVIEWED,UNREVIEWED,UNREVIEWED,UNREVIEWED,UNREVIEWED,UNREVIEWED,UNREVIEWED,UNREVIEWED,UNREVIEWED,UNREVIEWED,LEGAL_REVIEW_REQUIRED,https://floridarevenue.com/property/Pages/LocalOfficials.aspx,2026-09-16,DIRECTORY_LISTED by FL DOR. Site not fetched; terms not reviewed.
FL,Monroe,County Tax Collector,http://www.monroetaxcollector.com/,ANNUAL_TAX|DELINQUENT_TAX|TAX_CERTIFICATE|PAYMENT_STATUS,UNREVIEWED,UNREVIEWED,UNREVIEWED,UNREVIEWED,UNREVIEWED,UNREVIEWED,UNREVIEWED,UNREVIEWED,UNREVIEWED,UNREVIEWED,UNREVIEWED,UNREVIEWED,LEGAL_REVIEW_REQUIRED,https://floridarevenue.com/property/Pages/LocalOfficials.aspx,2026-09-16,DIRECTORY_LISTED by FL DOR. Site not fetched; terms not reviewed.
FL,Monroe,County Clerk / Value Adjustment Board,https://www.mcpafl.org/appraisal/appeals-vab/,CASE_NUMBER|TAX_SALE|SALE_STATUS|RECORDED_DOCUMENTS|LIENS,UNREVIEWED,UNREVIEWED,UNREVIEWED,UNREVIEWED,UNREVIEWED,UNREVIEWED,UNREVIEWED,UNREVIEWED,UNREVIEWED,UNREVIEWED,UNREVIEWED,UNREVIEWED,LEGAL_REVIEW_REQUIRED,https://floridarevenue.com/property/Pages/LocalOfficials.aspx,2026-09-16,DIRECTORY_LISTED by FL DOR. Site not fetched; terms not reviewed.
FL,Nassau,County Property Appraiser,https://ncpafl.com/,PROPERTY_IDENTITY|PARCEL_ID|ADDRESS|LEGAL_DESCRIPTION|PROPERTY_TYPE|ACREAGE|ASSESSED_VALUE|MARKET_VALUE|TAXABLE_VALUE|OWNERSHIP|PROPERTY_CHARACTERISTICS|SALES_HISTORY,UNREVIEWED,UNREVIEWED,UNREVIEWED,UNREVIEWED,UNREVIEWED,UNREVIEWED,UNREVIEWED,UNREVIEWED,UNREVIEWED,UNREVIEWED,UNREVIEWED,UNREVIEWED,LEGAL_REVIEW_REQUIRED,https://floridarevenue.com/property/Pages/LocalOfficials.aspx,2026-09-16,DIRECTORY_LISTED by FL DOR. Site not fetched; terms not reviewed.
FL,Nassau,County Tax Collector,http://www.nassautaxes.com/,ANNUAL_TAX|DELINQUENT_TAX|TAX_CERTIFICATE|PAYMENT_STATUS,UNREVIEWED,UNREVIEWED,UNREVIEWED,UNREVIEWED,UNREVIEWED,UNREVIEWED,UNREVIEWED,UNREVIEWED,UNREVIEWED,UNREVIEWED,UNREVIEWED,UNREVIEWED,LEGAL_REVIEW_REQUIRED,https://floridarevenue.com/property/Pages/LocalOfficials.aspx,2026-09-16,DIRECTORY_LISTED by FL DOR. Site not fetched; terms not reviewed.
FL,Nassau,County Clerk / Value Adjustment Board,https://ncpafl.com/general-info/value-adjustment-board/,CASE_NUMBER|TAX_SALE|SALE_STATUS|RECORDED_DOCUMENTS|LIENS,UNREVIEWED,UNREVIEWED,UNREVIEWED,UNREVIEWED,UNREVIEWED,UNREVIEWED,UNREVIEWED,UNREVIEWED,UNREVIEWED,UNREVIEWED,UNREVIEWED,UNREVIEWED,LEGAL_REVIEW_REQUIRED,https://floridarevenue.com/property/Pages/LocalOfficials.aspx,2026-09-16,DIRECTORY_LISTED by FL DOR. Site not fetched; terms not reviewed.
FL,Okaloosa,County Property Appraiser,http://www.okaloosapa.com/,PROPERTY_IDENTITY|PARCEL_ID|ADDRESS|LEGAL_DESCRIPTION|PROPERTY_TYPE|ACREAGE|ASSESSED_VALUE|MARKET_VALUE|TAXABLE_VALUE|OWNERSHIP|PROPERTY_CHARACTERISTICS|SALES_HISTORY,UNREVIEWED,UNREVIEWED,UNREVIEWED,UNREVIEWED,UNREVIEWED,UNREVIEWED,UNREVIEWED,UNREVIEWED,UNREVIEWED,UNREVIEWED,UNREVIEWED,UNREVIEWED,LEGAL_REVIEW_REQUIRED,https://floridarevenue.com/property/Pages/LocalOfficials.aspx,2026-09-16,DIRECTORY_LISTED by FL DOR. Site not fetched; terms not reviewed.
FL,Okaloosa,County Tax Collector,http://www.okaloosatax.com/,ANNUAL_TAX|DELINQUENT_TAX|TAX_CERTIFICATE|PAYMENT_STATUS,UNREVIEWED,UNREVIEWED,UNREVIEWED,UNREVIEWED,UNREVIEWED,UNREVIEWED,UNREVIEWED,UNREVIEWED,UNREVIEWED,UNREVIEWED,UNREVIEWED,UNREVIEWED,LEGAL_REVIEW_REQUIRED,https://floridarevenue.com/property/Pages/LocalOfficials.aspx,2026-09-16,DIRECTORY_LISTED by FL DOR. Site not fetched; terms not reviewed.
FL,Okaloosa,County Clerk / Value Adjustment Board,https://okaloosaclerk.com/board-services/value-adjustment-board/,CASE_NUMBER|TAX_SALE|SALE_STATUS|RECORDED_DOCUMENTS|LIENS,UNREVIEWED,UNREVIEWED,UNREVIEWED,UNREVIEWED,UNREVIEWED,UNREVIEWED,UNREVIEWED,UNREVIEWED,UNREVIEWED,UNREVIEWED,UNREVIEWED,UNREVIEWED,LEGAL_REVIEW_REQUIRED,https://floridarevenue.com/property/Pages/LocalOfficials.aspx,2026-09-16,DIRECTORY_LISTED by FL DOR. Site not fetched; terms not reviewed.
FL,Okeechobee,County Property Appraiser,http://www.okeechobeepa.com/,PROPERTY_IDENTITY|PARCEL_ID|ADDRESS|LEGAL_DESCRIPTION|PROPERTY_TYPE|ACREAGE|ASSESSED_VALUE|MARKET_VALUE|TAXABLE_VALUE|OWNERSHIP|PROPERTY_CHARACTERISTICS|SALES_HISTORY,UNREVIEWED,UNREVIEWED,UNREVIEWED,UNREVIEWED,UNREVIEWED,UNREVIEWED,UNREVIEWED,UNREVIEWED,UNREVIEWED,UNREVIEWED,UNREVIEWED,UNREVIEWED,LEGAL_REVIEW_REQUIRED,https://floridarevenue.com/property/Pages/LocalOfficials.aspx,2026-09-16,DIRECTORY_LISTED by FL DOR. Site not fetched; terms not reviewed.
FL,Okeechobee,County Tax Collector,http://www.okeechobeecountytaxcollector.com/,ANNUAL_TAX|DELINQUENT_TAX|TAX_CERTIFICATE|PAYMENT_STATUS,UNREVIEWED,UNREVIEWED,UNREVIEWED,UNREVIEWED,UNREVIEWED,UNREVIEWED,UNREVIEWED,UNREVIEWED,UNREVIEWED,UNREVIEWED,UNREVIEWED,UNREVIEWED,LEGAL_REVIEW_REQUIRED,https://floridarevenue.com/property/Pages/LocalOfficials.aspx,2026-09-16,DIRECTORY_LISTED by FL DOR. Site not fetched; terms not reviewed.
FL,Okeechobee,County Clerk / Value Adjustment Board,https://www.okeechobeecountyfl.gov/government/advisory-boards-and-committees/value-adjustment-board,CASE_NUMBER|TAX_SALE|SALE_STATUS|RECORDED_DOCUMENTS|LIENS,UNREVIEWED,UNREVIEWED,UNREVIEWED,UNREVIEWED,UNREVIEWED,UNREVIEWED,UNREVIEWED,UNREVIEWED,UNREVIEWED,UNREVIEWED,UNREVIEWED,UNREVIEWED,LEGAL_REVIEW_REQUIRED,https://floridarevenue.com/property/Pages/LocalOfficials.aspx,2026-09-16,DIRECTORY_LISTED by FL DOR. Site not fetched; terms not reviewed.
FL,Orange,County Property Appraiser,https://ocpaweb.ocpafl.org/,PROPERTY_IDENTITY|PARCEL_ID|ADDRESS|LEGAL_DESCRIPTION|PROPERTY_TYPE|ACREAGE|ASSESSED_VALUE|MARKET_VALUE|TAXABLE_VALUE|OWNERSHIP|PROPERTY_CHARACTERISTICS|SALES_HISTORY,UNREVIEWED,UNREVIEWED,UNREVIEWED,UNREVIEWED,UNREVIEWED,UNREVIEWED,UNREVIEWED,UNREVIEWED,UNREVIEWED,UNREVIEWED,UNREVIEWED,UNREVIEWED,LEGAL_REVIEW_REQUIRED,https://floridarevenue.com/property/Pages/LocalOfficials.aspx,2026-09-16,DIRECTORY_LISTED by FL DOR. Site not fetched; terms not reviewed.
FL,Orange,County Tax Collector,http://www.octaxcol.com/,ANNUAL_TAX|DELINQUENT_TAX|TAX_CERTIFICATE|PAYMENT_STATUS,UNREVIEWED,UNREVIEWED,UNREVIEWED,UNREVIEWED,UNREVIEWED,UNREVIEWED,UNREVIEWED,UNREVIEWED,UNREVIEWED,UNREVIEWED,UNREVIEWED,UNREVIEWED,LEGAL_REVIEW_REQUIRED,https://floridarevenue.com/property/Pages/LocalOfficials.aspx,2026-09-16,DIRECTORY_LISTED by FL DOR. Site not fetched; terms not reviewed.
FL,Orange,County Clerk / Value Adjustment Board,https://www.occompt.com/199/Value-Adjustment-Board,CASE_NUMBER|TAX_SALE|SALE_STATUS|RECORDED_DOCUMENTS|LIENS,UNREVIEWED,UNREVIEWED,UNREVIEWED,UNREVIEWED,UNREVIEWED,UNREVIEWED,UNREVIEWED,UNREVIEWED,UNREVIEWED,UNREVIEWED,UNREVIEWED,UNREVIEWED,LEGAL_REVIEW_REQUIRED,https://floridarevenue.com/property/Pages/LocalOfficials.aspx,2026-09-16,DIRECTORY_LISTED by FL DOR. Site not fetched; terms not reviewed.
FL,Osceola,County Property Appraiser,http://www.property-appraiser.org/,PROPERTY_IDENTITY|PARCEL_ID|ADDRESS|LEGAL_DESCRIPTION|PROPERTY_TYPE|ACREAGE|ASSESSED_VALUE|MARKET_VALUE|TAXABLE_VALUE|OWNERSHIP|PROPERTY_CHARACTERISTICS|SALES_HISTORY,UNREVIEWED,UNREVIEWED,UNREVIEWED,UNREVIEWED,UNREVIEWED,UNREVIEWED,UNREVIEWED,UNREVIEWED,UNREVIEWED,UNREVIEWED,UNREVIEWED,UNREVIEWED,LEGAL_REVIEW_REQUIRED,https://floridarevenue.com/property/Pages/LocalOfficials.aspx,2026-09-16,DIRECTORY_LISTED by FL DOR. Site not fetched; terms not reviewed.
FL,Osceola,County Tax Collector,https://osceolataxcollector.org/,ANNUAL_TAX|DELINQUENT_TAX|TAX_CERTIFICATE|PAYMENT_STATUS,UNREVIEWED,UNREVIEWED,UNREVIEWED,UNREVIEWED,UNREVIEWED,UNREVIEWED,UNREVIEWED,UNREVIEWED,UNREVIEWED,UNREVIEWED,UNREVIEWED,UNREVIEWED,LEGAL_REVIEW_REQUIRED,https://floridarevenue.com/property/Pages/LocalOfficials.aspx,2026-09-16,DIRECTORY_LISTED by FL DOR. Site not fetched; terms not reviewed.
FL,Osceola,County Clerk / Value Adjustment Board,https://osceolaclerk.com/value-adjustment-board/,CASE_NUMBER|TAX_SALE|SALE_STATUS|RECORDED_DOCUMENTS|LIENS,UNREVIEWED,UNREVIEWED,UNREVIEWED,UNREVIEWED,UNREVIEWED,UNREVIEWED,UNREVIEWED,UNREVIEWED,UNREVIEWED,UNREVIEWED,UNREVIEWED,UNREVIEWED,LEGAL_REVIEW_REQUIRED,https://floridarevenue.com/property/Pages/LocalOfficials.aspx,2026-09-16,DIRECTORY_LISTED by FL DOR. Site not fetched; terms not reviewed.
FL,Palm Beach,County Property Appraiser,http://www.co.palm-beach.fl.us/papa/index.htm,PROPERTY_IDENTITY|PARCEL_ID|ADDRESS|LEGAL_DESCRIPTION|PROPERTY_TYPE|ACREAGE|ASSESSED_VALUE|MARKET_VALUE|TAXABLE_VALUE|OWNERSHIP|PROPERTY_CHARACTERISTICS|SALES_HISTORY,UNREVIEWED,UNREVIEWED,UNREVIEWED,UNREVIEWED,UNREVIEWED,UNREVIEWED,UNREVIEWED,UNREVIEWED,UNREVIEWED,UNREVIEWED,UNREVIEWED,UNREVIEWED,LEGAL_REVIEW_REQUIRED,https://floridarevenue.com/property/Pages/LocalOfficials.aspx,2026-09-16,DIRECTORY_LISTED by FL DOR. Site not fetched; terms not reviewed.
FL,Palm Beach,County Tax Collector,https://www.pbctax.gov/,ANNUAL_TAX|DELINQUENT_TAX|TAX_CERTIFICATE|PAYMENT_STATUS,UNREVIEWED,UNREVIEWED,UNREVIEWED,UNREVIEWED,UNREVIEWED,UNREVIEWED,UNREVIEWED,UNREVIEWED,UNREVIEWED,UNREVIEWED,UNREVIEWED,UNREVIEWED,LEGAL_REVIEW_REQUIRED,https://floridarevenue.com/property/Pages/LocalOfficials.aspx,2026-09-16,DIRECTORY_LISTED by FL DOR. Site not fetched; terms not reviewed.
FL,Palm Beach,County Clerk / Value Adjustment Board,https://www.mypalmbeachclerk.com/vab,CASE_NUMBER|TAX_SALE|SALE_STATUS|RECORDED_DOCUMENTS|LIENS,UNREVIEWED,UNREVIEWED,UNREVIEWED,UNREVIEWED,UNREVIEWED,UNREVIEWED,UNREVIEWED,UNREVIEWED,UNREVIEWED,UNREVIEWED,UNREVIEWED,UNREVIEWED,LEGAL_REVIEW_REQUIRED,https://floridarevenue.com/property/Pages/LocalOfficials.aspx,2026-09-16,DIRECTORY_LISTED by FL DOR. Site not fetched; terms not reviewed.
FL,Pasco,County Property Appraiser,http://www.pascopa.com/,PROPERTY_IDENTITY|PARCEL_ID|ADDRESS|LEGAL_DESCRIPTION|PROPERTY_TYPE|ACREAGE|ASSESSED_VALUE|MARKET_VALUE|TAXABLE_VALUE|OWNERSHIP|PROPERTY_CHARACTERISTICS|SALES_HISTORY,UNREVIEWED,UNREVIEWED,UNREVIEWED,UNREVIEWED,UNREVIEWED,UNREVIEWED,UNREVIEWED,UNREVIEWED,UNREVIEWED,UNREVIEWED,UNREVIEWED,UNREVIEWED,LEGAL_REVIEW_REQUIRED,https://floridarevenue.com/property/Pages/LocalOfficials.aspx,2026-09-16,DIRECTORY_LISTED by FL DOR. Site not fetched; terms not reviewed.
FL,Pasco,County Tax Collector,http://www.pascotaxes.com,ANNUAL_TAX|DELINQUENT_TAX|TAX_CERTIFICATE|PAYMENT_STATUS,UNREVIEWED,UNREVIEWED,UNREVIEWED,UNREVIEWED,UNREVIEWED,UNREVIEWED,UNREVIEWED,UNREVIEWED,UNREVIEWED,UNREVIEWED,UNREVIEWED,UNREVIEWED,LEGAL_REVIEW_REQUIRED,https://floridarevenue.com/property/Pages/LocalOfficials.aspx,2026-09-16,DIRECTORY_LISTED by FL DOR. Site not fetched; terms not reviewed.
FL,Pasco,County Clerk / Value Adjustment Board,https://www.pascoclerk.com/307/Value-Adjustment-Board,CASE_NUMBER|TAX_SALE|SALE_STATUS|RECORDED_DOCUMENTS|LIENS,UNREVIEWED,UNREVIEWED,UNREVIEWED,UNREVIEWED,UNREVIEWED,UNREVIEWED,UNREVIEWED,UNREVIEWED,UNREVIEWED,UNREVIEWED,UNREVIEWED,UNREVIEWED,LEGAL_REVIEW_REQUIRED,https://floridarevenue.com/property/Pages/LocalOfficials.aspx,2026-09-16,DIRECTORY_LISTED by FL DOR. Site not fetched; terms not reviewed.
FL,Pinellas,County Property Appraiser,https://www.pcpao.gov/,PROPERTY_IDENTITY|PARCEL_ID|ADDRESS|LEGAL_DESCRIPTION|PROPERTY_TYPE|ACREAGE|ASSESSED_VALUE|MARKET_VALUE|TAXABLE_VALUE|OWNERSHIP|PROPERTY_CHARACTERISTICS|SALES_HISTORY,UNREVIEWED,UNREVIEWED,UNREVIEWED,UNREVIEWED,UNREVIEWED,UNREVIEWED,UNREVIEWED,UNREVIEWED,UNREVIEWED,UNREVIEWED,UNREVIEWED,UNREVIEWED,LEGAL_REVIEW_REQUIRED,https://floridarevenue.com/property/Pages/LocalOfficials.aspx,2026-09-16,DIRECTORY_LISTED by FL DOR. Site not fetched; terms not reviewed.
FL,Pinellas,County Tax Collector,http://www.taxcollect.com,ANNUAL_TAX|DELINQUENT_TAX|TAX_CERTIFICATE|PAYMENT_STATUS,UNREVIEWED,UNREVIEWED,UNREVIEWED,UNREVIEWED,UNREVIEWED,UNREVIEWED,UNREVIEWED,UNREVIEWED,UNREVIEWED,UNREVIEWED,UNREVIEWED,UNREVIEWED,LEGAL_REVIEW_REQUIRED,https://floridarevenue.com/property/Pages/LocalOfficials.aspx,2026-09-16,DIRECTORY_LISTED by FL DOR. Site not fetched; terms not reviewed.
FL,Pinellas,County Clerk / Value Adjustment Board,http://www.pinellasclerk.org/aspinclude2/ASPInclude.asp?pageName=vabhome.htm,CASE_NUMBER|TAX_SALE|SALE_STATUS|RECORDED_DOCUMENTS|LIENS,UNREVIEWED,UNREVIEWED,UNREVIEWED,UNREVIEWED,UNREVIEWED,UNREVIEWED,UNREVIEWED,UNREVIEWED,UNREVIEWED,UNREVIEWED,UNREVIEWED,UNREVIEWED,LEGAL_REVIEW_REQUIRED,https://floridarevenue.com/property/Pages/LocalOfficials.aspx,2026-09-16,DIRECTORY_LISTED by FL DOR. Site not fetched; terms not reviewed.
FL,Polk,County Property Appraiser,https://www.polkflpa.gov/,PROPERTY_IDENTITY|PARCEL_ID|ADDRESS|LEGAL_DESCRIPTION|PROPERTY_TYPE|ACREAGE|ASSESSED_VALUE|MARKET_VALUE|TAXABLE_VALUE|OWNERSHIP|PROPERTY_CHARACTERISTICS|SALES_HISTORY,UNREVIEWED,UNREVIEWED,UNREVIEWED,UNREVIEWED,UNREVIEWED,UNREVIEWED,UNREVIEWED,UNREVIEWED,UNREVIEWED,UNREVIEWED,UNREVIEWED,UNREVIEWED,LEGAL_REVIEW_REQUIRED,https://floridarevenue.com/property/Pages/LocalOfficials.aspx,2026-09-16,DIRECTORY_LISTED by FL DOR. Site not fetched; terms not reviewed.
FL,Polk,County Tax Collector,http://www.polktaxes.com/,ANNUAL_TAX|DELINQUENT_TAX|TAX_CERTIFICATE|PAYMENT_STATUS,UNREVIEWED,UNREVIEWED,UNREVIEWED,UNREVIEWED,UNREVIEWED,UNREVIEWED,UNREVIEWED,UNREVIEWED,UNREVIEWED,UNREVIEWED,UNREVIEWED,UNREVIEWED,LEGAL_REVIEW_REQUIRED,https://floridarevenue.com/property/Pages/LocalOfficials.aspx,2026-09-16,DIRECTORY_LISTED by FL DOR. Site not fetched; terms not reviewed.
FL,Polk,County Clerk / Value Adjustment Board,https://www.polkcountyclerk.net/196/Value-Adjustment-Board,CASE_NUMBER|TAX_SALE|SALE_STATUS|RECORDED_DOCUMENTS|LIENS,UNREVIEWED,UNREVIEWED,UNREVIEWED,UNREVIEWED,UNREVIEWED,UNREVIEWED,UNREVIEWED,UNREVIEWED,UNREVIEWED,UNREVIEWED,UNREVIEWED,UNREVIEWED,LEGAL_REVIEW_REQUIRED,https://floridarevenue.com/property/Pages/LocalOfficials.aspx,2026-09-16,DIRECTORY_LISTED by FL DOR. Site not fetched; terms not reviewed.
FL,Putnam,County Property Appraiser,https://pa.putnam-fl.com/,PROPERTY_IDENTITY|PARCEL_ID|ADDRESS|LEGAL_DESCRIPTION|PROPERTY_TYPE|ACREAGE|ASSESSED_VALUE|MARKET_VALUE|TAXABLE_VALUE|OWNERSHIP|PROPERTY_CHARACTERISTICS|SALES_HISTORY,UNREVIEWED,UNREVIEWED,UNREVIEWED,UNREVIEWED,UNREVIEWED,UNREVIEWED,UNREVIEWED,UNREVIEWED,UNREVIEWED,UNREVIEWED,UNREVIEWED,UNREVIEWED,LEGAL_REVIEW_REQUIRED,https://floridarevenue.com/property/Pages/LocalOfficials.aspx,2026-09-16,DIRECTORY_LISTED by FL DOR. Site not fetched; terms not reviewed.
FL,Putnam,County Tax Collector,https://putnamtax.com/,ANNUAL_TAX|DELINQUENT_TAX|TAX_CERTIFICATE|PAYMENT_STATUS,UNREVIEWED,UNREVIEWED,UNREVIEWED,UNREVIEWED,UNREVIEWED,UNREVIEWED,UNREVIEWED,UNREVIEWED,UNREVIEWED,UNREVIEWED,UNREVIEWED,UNREVIEWED,LEGAL_REVIEW_REQUIRED,https://floridarevenue.com/property/Pages/LocalOfficials.aspx,2026-09-16,DIRECTORY_LISTED by FL DOR. Site not fetched; terms not reviewed.
FL,Putnam,County Clerk / Value Adjustment Board,https://putnamclerk.com/county-comptroller/value-adjustment-board/,CASE_NUMBER|TAX_SALE|SALE_STATUS|RECORDED_DOCUMENTS|LIENS,UNREVIEWED,UNREVIEWED,UNREVIEWED,UNREVIEWED,UNREVIEWED,UNREVIEWED,UNREVIEWED,UNREVIEWED,UNREVIEWED,UNREVIEWED,UNREVIEWED,UNREVIEWED,LEGAL_REVIEW_REQUIRED,https://floridarevenue.com/property/Pages/LocalOfficials.aspx,2026-09-16,DIRECTORY_LISTED by FL DOR. Site not fetched; terms not reviewed.
FL,Santa Rosa,County Property Appraiser,https://srcpa.gov,PROPERTY_IDENTITY|PARCEL_ID|ADDRESS|LEGAL_DESCRIPTION|PROPERTY_TYPE|ACREAGE|ASSESSED_VALUE|MARKET_VALUE|TAXABLE_VALUE|OWNERSHIP|PROPERTY_CHARACTERISTICS|SALES_HISTORY,UNREVIEWED,UNREVIEWED,UNREVIEWED,UNREVIEWED,UNREVIEWED,UNREVIEWED,UNREVIEWED,UNREVIEWED,UNREVIEWED,UNREVIEWED,UNREVIEWED,UNREVIEWED,LEGAL_REVIEW_REQUIRED,https://floridarevenue.com/property/Pages/LocalOfficials.aspx,2026-09-16,DIRECTORY_LISTED by FL DOR. Site not fetched; terms not reviewed.
FL,Santa Rosa,County Tax Collector,https://srctc.com/,ANNUAL_TAX|DELINQUENT_TAX|TAX_CERTIFICATE|PAYMENT_STATUS,UNREVIEWED,UNREVIEWED,UNREVIEWED,UNREVIEWED,UNREVIEWED,UNREVIEWED,UNREVIEWED,UNREVIEWED,UNREVIEWED,UNREVIEWED,UNREVIEWED,UNREVIEWED,LEGAL_REVIEW_REQUIRED,https://floridarevenue.com/property/Pages/LocalOfficials.aspx,2026-09-16,DIRECTORY_LISTED by FL DOR. Site not fetched; terms not reviewed.
FL,Santa Rosa,County Clerk / Value Adjustment Board,https://santarosaclerk.com/other-services/value-adjustment-board-public-notice/,CASE_NUMBER|TAX_SALE|SALE_STATUS|RECORDED_DOCUMENTS|LIENS,UNREVIEWED,UNREVIEWED,UNREVIEWED,UNREVIEWED,UNREVIEWED,UNREVIEWED,UNREVIEWED,UNREVIEWED,UNREVIEWED,UNREVIEWED,UNREVIEWED,UNREVIEWED,LEGAL_REVIEW_REQUIRED,https://floridarevenue.com/property/Pages/LocalOfficials.aspx,2026-09-16,DIRECTORY_LISTED by FL DOR. Site not fetched; terms not reviewed.
FL,Sarasota,County Property Appraiser,http://www.SC-PA.com,PROPERTY_IDENTITY|PARCEL_ID|ADDRESS|LEGAL_DESCRIPTION|PROPERTY_TYPE|ACREAGE|ASSESSED_VALUE|MARKET_VALUE|TAXABLE_VALUE|OWNERSHIP|PROPERTY_CHARACTERISTICS|SALES_HISTORY,UNREVIEWED,UNREVIEWED,UNREVIEWED,UNREVIEWED,UNREVIEWED,UNREVIEWED,UNREVIEWED,UNREVIEWED,UNREVIEWED,UNREVIEWED,UNREVIEWED,UNREVIEWED,LEGAL_REVIEW_REQUIRED,https://floridarevenue.com/property/Pages/LocalOfficials.aspx,2026-09-16,DIRECTORY_LISTED by FL DOR. Site not fetched; terms not reviewed.
FL,Sarasota,County Tax Collector,http://www.sarasotataxcollector.com/,ANNUAL_TAX|DELINQUENT_TAX|TAX_CERTIFICATE|PAYMENT_STATUS,UNREVIEWED,UNREVIEWED,UNREVIEWED,UNREVIEWED,UNREVIEWED,UNREVIEWED,UNREVIEWED,UNREVIEWED,UNREVIEWED,UNREVIEWED,UNREVIEWED,UNREVIEWED,LEGAL_REVIEW_REQUIRED,https://floridarevenue.com/property/Pages/LocalOfficials.aspx,2026-09-16,DIRECTORY_LISTED by FL DOR. Site not fetched; terms not reviewed.
FL,Sarasota,County Clerk / Value Adjustment Board,http://www.sarasotaclerk.com/records/board-records/value-adjustment-board,CASE_NUMBER|TAX_SALE|SALE_STATUS|RECORDED_DOCUMENTS|LIENS,UNREVIEWED,UNREVIEWED,UNREVIEWED,UNREVIEWED,UNREVIEWED,UNREVIEWED,UNREVIEWED,UNREVIEWED,UNREVIEWED,UNREVIEWED,UNREVIEWED,UNREVIEWED,LEGAL_REVIEW_REQUIRED,https://floridarevenue.com/property/Pages/LocalOfficials.aspx,2026-09-16,DIRECTORY_LISTED by FL DOR. Site not fetched; terms not reviewed.
FL,Seminole,County Property Appraiser,http://www.scpafl.org/,PROPERTY_IDENTITY|PARCEL_ID|ADDRESS|LEGAL_DESCRIPTION|PROPERTY_TYPE|ACREAGE|ASSESSED_VALUE|MARKET_VALUE|TAXABLE_VALUE|OWNERSHIP|PROPERTY_CHARACTERISTICS|SALES_HISTORY,UNREVIEWED,UNREVIEWED,UNREVIEWED,UNREVIEWED,UNREVIEWED,UNREVIEWED,UNREVIEWED,UNREVIEWED,UNREVIEWED,UNREVIEWED,UNREVIEWED,UNREVIEWED,LEGAL_REVIEW_REQUIRED,https://floridarevenue.com/property/Pages/LocalOfficials.aspx,2026-09-16,DIRECTORY_LISTED by FL DOR. Site not fetched; terms not reviewed.
FL,Seminole,County Tax Collector,https://seminolecounty.tax/,ANNUAL_TAX|DELINQUENT_TAX|TAX_CERTIFICATE|PAYMENT_STATUS,UNREVIEWED,UNREVIEWED,UNREVIEWED,UNREVIEWED,UNREVIEWED,UNREVIEWED,UNREVIEWED,UNREVIEWED,UNREVIEWED,UNREVIEWED,UNREVIEWED,UNREVIEWED,LEGAL_REVIEW_REQUIRED,https://floridarevenue.com/property/Pages/LocalOfficials.aspx,2026-09-16,DIRECTORY_LISTED by FL DOR. Site not fetched; terms not reviewed.
FL,Seminole,County Clerk / Value Adjustment Board,https://www.seminoleclerk.org/value-adjustment-board/,CASE_NUMBER|TAX_SALE|SALE_STATUS|RECORDED_DOCUMENTS|LIENS,UNREVIEWED,UNREVIEWED,UNREVIEWED,UNREVIEWED,UNREVIEWED,UNREVIEWED,UNREVIEWED,UNREVIEWED,UNREVIEWED,UNREVIEWED,UNREVIEWED,UNREVIEWED,LEGAL_REVIEW_REQUIRED,https://floridarevenue.com/property/Pages/LocalOfficials.aspx,2026-09-16,DIRECTORY_LISTED by FL DOR. Site not fetched; terms not reviewed.
FL,St. Johns,County Property Appraiser,http://www.sjcpa.us,PROPERTY_IDENTITY|PARCEL_ID|ADDRESS|LEGAL_DESCRIPTION|PROPERTY_TYPE|ACREAGE|ASSESSED_VALUE|MARKET_VALUE|TAXABLE_VALUE|OWNERSHIP|PROPERTY_CHARACTERISTICS|SALES_HISTORY,UNREVIEWED,UNREVIEWED,UNREVIEWED,UNREVIEWED,UNREVIEWED,UNREVIEWED,UNREVIEWED,UNREVIEWED,UNREVIEWED,UNREVIEWED,UNREVIEWED,UNREVIEWED,LEGAL_REVIEW_REQUIRED,https://floridarevenue.com/property/Pages/LocalOfficials.aspx,2026-09-16,DIRECTORY_LISTED by FL DOR. Site not fetched; terms not reviewed.
FL,St. Johns,County Tax Collector,http://www.sjctax.us/,ANNUAL_TAX|DELINQUENT_TAX|TAX_CERTIFICATE|PAYMENT_STATUS,UNREVIEWED,UNREVIEWED,UNREVIEWED,UNREVIEWED,UNREVIEWED,UNREVIEWED,UNREVIEWED,UNREVIEWED,UNREVIEWED,UNREVIEWED,UNREVIEWED,UNREVIEWED,LEGAL_REVIEW_REQUIRED,https://floridarevenue.com/property/Pages/LocalOfficials.aspx,2026-09-16,DIRECTORY_LISTED by FL DOR. Site not fetched; terms not reviewed.
FL,St. Johns,County Clerk / Value Adjustment Board,https://stjohnsclerk.com/vab/,CASE_NUMBER|TAX_SALE|SALE_STATUS|RECORDED_DOCUMENTS|LIENS,UNREVIEWED,UNREVIEWED,UNREVIEWED,UNREVIEWED,UNREVIEWED,UNREVIEWED,UNREVIEWED,UNREVIEWED,UNREVIEWED,UNREVIEWED,UNREVIEWED,UNREVIEWED,LEGAL_REVIEW_REQUIRED,https://floridarevenue.com/property/Pages/LocalOfficials.aspx,2026-09-16,DIRECTORY_LISTED by FL DOR. Site not fetched; terms not reviewed.
FL,St. Lucie,County Property Appraiser,http://www.paslc.org/,PROPERTY_IDENTITY|PARCEL_ID|ADDRESS|LEGAL_DESCRIPTION|PROPERTY_TYPE|ACREAGE|ASSESSED_VALUE|MARKET_VALUE|TAXABLE_VALUE|OWNERSHIP|PROPERTY_CHARACTERISTICS|SALES_HISTORY,UNREVIEWED,UNREVIEWED,UNREVIEWED,UNREVIEWED,UNREVIEWED,UNREVIEWED,UNREVIEWED,UNREVIEWED,UNREVIEWED,UNREVIEWED,UNREVIEWED,UNREVIEWED,LEGAL_REVIEW_REQUIRED,https://floridarevenue.com/property/Pages/LocalOfficials.aspx,2026-09-16,DIRECTORY_LISTED by FL DOR. Site not fetched; terms not reviewed.
FL,St. Lucie,County Tax Collector,http://www.tcslc.com/,ANNUAL_TAX|DELINQUENT_TAX|TAX_CERTIFICATE|PAYMENT_STATUS,UNREVIEWED,UNREVIEWED,UNREVIEWED,UNREVIEWED,UNREVIEWED,UNREVIEWED,UNREVIEWED,UNREVIEWED,UNREVIEWED,UNREVIEWED,UNREVIEWED,UNREVIEWED,LEGAL_REVIEW_REQUIRED,https://floridarevenue.com/property/Pages/LocalOfficials.aspx,2026-09-16,DIRECTORY_LISTED by FL DOR. Site not fetched; terms not reviewed.
FL,St. Lucie,County Clerk / Value Adjustment Board,https://stlucieclerk.gov/services/value-adjustment-board,CASE_NUMBER|TAX_SALE|SALE_STATUS|RECORDED_DOCUMENTS|LIENS,UNREVIEWED,UNREVIEWED,UNREVIEWED,UNREVIEWED,UNREVIEWED,UNREVIEWED,UNREVIEWED,UNREVIEWED,UNREVIEWED,UNREVIEWED,UNREVIEWED,UNREVIEWED,LEGAL_REVIEW_REQUIRED,https://floridarevenue.com/property/Pages/LocalOfficials.aspx,2026-09-16,DIRECTORY_LISTED by FL DOR. Site not fetched; terms not reviewed.
FL,Sumter,County Property Appraiser,http://www.SumterPA.com,PROPERTY_IDENTITY|PARCEL_ID|ADDRESS|LEGAL_DESCRIPTION|PROPERTY_TYPE|ACREAGE|ASSESSED_VALUE|MARKET_VALUE|TAXABLE_VALUE|OWNERSHIP|PROPERTY_CHARACTERISTICS|SALES_HISTORY,UNREVIEWED,UNREVIEWED,UNREVIEWED,UNREVIEWED,UNREVIEWED,UNREVIEWED,UNREVIEWED,UNREVIEWED,UNREVIEWED,UNREVIEWED,UNREVIEWED,UNREVIEWED,LEGAL_REVIEW_REQUIRED,https://floridarevenue.com/property/Pages/LocalOfficials.aspx,2026-09-16,DIRECTORY_LISTED by FL DOR. Site not fetched; terms not reviewed.
FL,Sumter,County Tax Collector,http://www.sumtertaxcollector.com/,ANNUAL_TAX|DELINQUENT_TAX|TAX_CERTIFICATE|PAYMENT_STATUS,UNREVIEWED,UNREVIEWED,UNREVIEWED,UNREVIEWED,UNREVIEWED,UNREVIEWED,UNREVIEWED,UNREVIEWED,UNREVIEWED,UNREVIEWED,UNREVIEWED,UNREVIEWED,LEGAL_REVIEW_REQUIRED,https://floridarevenue.com/property/Pages/LocalOfficials.aspx,2026-09-16,DIRECTORY_LISTED by FL DOR. Site not fetched; terms not reviewed.
FL,Sumter,County Clerk / Value Adjustment Board,http://www.sumterclerk.com/index.cfm/value-adjustment-board,CASE_NUMBER|TAX_SALE|SALE_STATUS|RECORDED_DOCUMENTS|LIENS,UNREVIEWED,UNREVIEWED,UNREVIEWED,UNREVIEWED,UNREVIEWED,UNREVIEWED,UNREVIEWED,UNREVIEWED,UNREVIEWED,UNREVIEWED,UNREVIEWED,UNREVIEWED,LEGAL_REVIEW_REQUIRED,https://floridarevenue.com/property/Pages/LocalOfficials.aspx,2026-09-16,DIRECTORY_LISTED by FL DOR. Site not fetched; terms not reviewed.
FL,Suwannee,County Property Appraiser,http://www.suwanneepa.com/,PROPERTY_IDENTITY|PARCEL_ID|ADDRESS|LEGAL_DESCRIPTION|PROPERTY_TYPE|ACREAGE|ASSESSED_VALUE|MARKET_VALUE|TAXABLE_VALUE|OWNERSHIP|PROPERTY_CHARACTERISTICS|SALES_HISTORY,UNREVIEWED,UNREVIEWED,UNREVIEWED,UNREVIEWED,UNREVIEWED,UNREVIEWED,UNREVIEWED,UNREVIEWED,UNREVIEWED,UNREVIEWED,UNREVIEWED,UNREVIEWED,LEGAL_REVIEW_REQUIRED,https://floridarevenue.com/property/Pages/LocalOfficials.aspx,2026-09-16,DIRECTORY_LISTED by FL DOR. Site not fetched; terms not reviewed.
FL,Suwannee,County Tax Collector,https://suwtax.com/,ANNUAL_TAX|DELINQUENT_TAX|TAX_CERTIFICATE|PAYMENT_STATUS,UNREVIEWED,UNREVIEWED,UNREVIEWED,UNREVIEWED,UNREVIEWED,UNREVIEWED,UNREVIEWED,UNREVIEWED,UNREVIEWED,UNREVIEWED,UNREVIEWED,UNREVIEWED,LEGAL_REVIEW_REQUIRED,https://floridarevenue.com/property/Pages/LocalOfficials.aspx,2026-09-16,DIRECTORY_LISTED by FL DOR. Site not fetched; terms not reviewed.
FL,Suwannee,County Clerk / Value Adjustment Board,http://suwgov.org/index.php/value/,CASE_NUMBER|TAX_SALE|SALE_STATUS|RECORDED_DOCUMENTS|LIENS,UNREVIEWED,UNREVIEWED,UNREVIEWED,UNREVIEWED,UNREVIEWED,UNREVIEWED,UNREVIEWED,UNREVIEWED,UNREVIEWED,UNREVIEWED,UNREVIEWED,UNREVIEWED,LEGAL_REVIEW_REQUIRED,https://floridarevenue.com/property/Pages/LocalOfficials.aspx,2026-09-16,DIRECTORY_LISTED by FL DOR. Site not fetched; terms not reviewed.
FL,Taylor,County Property Appraiser,https://qpublic.net/fl/taylor/,PROPERTY_IDENTITY|PARCEL_ID|ADDRESS|LEGAL_DESCRIPTION|PROPERTY_TYPE|ACREAGE|ASSESSED_VALUE|MARKET_VALUE|TAXABLE_VALUE|OWNERSHIP|PROPERTY_CHARACTERISTICS|SALES_HISTORY,UNREVIEWED,UNREVIEWED,UNREVIEWED,UNREVIEWED,UNREVIEWED,UNREVIEWED,UNREVIEWED,UNREVIEWED,UNREVIEWED,UNREVIEWED,UNREVIEWED,UNREVIEWED,LEGAL_REVIEW_REQUIRED,https://floridarevenue.com/property/Pages/LocalOfficials.aspx,2026-09-16,DIRECTORY_LISTED by FL DOR. Site not fetched; terms not reviewed.
FL,Taylor,County Tax Collector,http://www.taylorcountytaxcollector.com/,ANNUAL_TAX|DELINQUENT_TAX|TAX_CERTIFICATE|PAYMENT_STATUS,UNREVIEWED,UNREVIEWED,UNREVIEWED,UNREVIEWED,UNREVIEWED,UNREVIEWED,UNREVIEWED,UNREVIEWED,UNREVIEWED,UNREVIEWED,UNREVIEWED,UNREVIEWED,LEGAL_REVIEW_REQUIRED,https://floridarevenue.com/property/Pages/LocalOfficials.aspx,2026-09-16,DIRECTORY_LISTED by FL DOR. Site not fetched; terms not reviewed.
FL,Taylor,County Clerk / Value Adjustment Board,https://www.taylorclerk.com/value-adjustment-board/,CASE_NUMBER|TAX_SALE|SALE_STATUS|RECORDED_DOCUMENTS|LIENS,UNREVIEWED,UNREVIEWED,UNREVIEWED,UNREVIEWED,UNREVIEWED,UNREVIEWED,UNREVIEWED,UNREVIEWED,UNREVIEWED,UNREVIEWED,UNREVIEWED,UNREVIEWED,LEGAL_REVIEW_REQUIRED,https://floridarevenue.com/property/Pages/LocalOfficials.aspx,2026-09-16,DIRECTORY_LISTED by FL DOR. Site not fetched; terms not reviewed.
FL,Union,County Property Appraiser,http://union.floridapa.com,PROPERTY_IDENTITY|PARCEL_ID|ADDRESS|LEGAL_DESCRIPTION|PROPERTY_TYPE|ACREAGE|ASSESSED_VALUE|MARKET_VALUE|TAXABLE_VALUE|OWNERSHIP|PROPERTY_CHARACTERISTICS|SALES_HISTORY,UNREVIEWED,UNREVIEWED,UNREVIEWED,UNREVIEWED,UNREVIEWED,UNREVIEWED,UNREVIEWED,UNREVIEWED,UNREVIEWED,UNREVIEWED,UNREVIEWED,UNREVIEWED,LEGAL_REVIEW_REQUIRED,https://floridarevenue.com/property/Pages/LocalOfficials.aspx,2026-09-16,DIRECTORY_LISTED by FL DOR. Site not fetched; terms not reviewed.
FL,Union,County Tax Collector,https://unioncountytc.com/,ANNUAL_TAX|DELINQUENT_TAX|TAX_CERTIFICATE|PAYMENT_STATUS,UNREVIEWED,UNREVIEWED,UNREVIEWED,UNREVIEWED,UNREVIEWED,UNREVIEWED,UNREVIEWED,UNREVIEWED,UNREVIEWED,UNREVIEWED,UNREVIEWED,UNREVIEWED,LEGAL_REVIEW_REQUIRED,https://floridarevenue.com/property/Pages/LocalOfficials.aspx,2026-09-16,DIRECTORY_LISTED by FL DOR. Site not fetched; terms not reviewed.
FL,Union,County Clerk / Value Adjustment Board,https://unionclerk.com/value-adjustment-board/,CASE_NUMBER|TAX_SALE|SALE_STATUS|RECORDED_DOCUMENTS|LIENS,UNREVIEWED,UNREVIEWED,UNREVIEWED,UNREVIEWED,UNREVIEWED,UNREVIEWED,UNREVIEWED,UNREVIEWED,UNREVIEWED,UNREVIEWED,UNREVIEWED,UNREVIEWED,LEGAL_REVIEW_REQUIRED,https://floridarevenue.com/property/Pages/LocalOfficials.aspx,2026-09-16,DIRECTORY_LISTED by FL DOR. Site not fetched; terms not reviewed.
FL,Volusia,County Property Appraiser,https://vcpa.vcgov.org/,PROPERTY_IDENTITY|PARCEL_ID|ADDRESS|LEGAL_DESCRIPTION|PROPERTY_TYPE|ACREAGE|ASSESSED_VALUE|MARKET_VALUE|TAXABLE_VALUE|OWNERSHIP|PROPERTY_CHARACTERISTICS|SALES_HISTORY,UNREVIEWED,UNREVIEWED,UNREVIEWED,UNREVIEWED,UNREVIEWED,UNREVIEWED,UNREVIEWED,UNREVIEWED,UNREVIEWED,UNREVIEWED,UNREVIEWED,UNREVIEWED,LEGAL_REVIEW_REQUIRED,https://floridarevenue.com/property/Pages/LocalOfficials.aspx,2026-09-16,DIRECTORY_LISTED by FL DOR. Site not fetched; terms not reviewed.
FL,Volusia,County Tax Collector,http://www.vctaxcollector.org,ANNUAL_TAX|DELINQUENT_TAX|TAX_CERTIFICATE|PAYMENT_STATUS,UNREVIEWED,UNREVIEWED,UNREVIEWED,UNREVIEWED,UNREVIEWED,UNREVIEWED,UNREVIEWED,UNREVIEWED,UNREVIEWED,UNREVIEWED,UNREVIEWED,UNREVIEWED,LEGAL_REVIEW_REQUIRED,https://floridarevenue.com/property/Pages/LocalOfficials.aspx,2026-09-16,DIRECTORY_LISTED by FL DOR. Site not fetched; terms not reviewed.
FL,Volusia,County Clerk / Value Adjustment Board,https://www.volusia.org/government/county-council/advisory-boards/value-adjustment-board.stml,CASE_NUMBER|TAX_SALE|SALE_STATUS|RECORDED_DOCUMENTS|LIENS,UNREVIEWED,UNREVIEWED,UNREVIEWED,UNREVIEWED,UNREVIEWED,UNREVIEWED,UNREVIEWED,UNREVIEWED,UNREVIEWED,UNREVIEWED,UNREVIEWED,UNREVIEWED,LEGAL_REVIEW_REQUIRED,https://floridarevenue.com/property/Pages/LocalOfficials.aspx,2026-09-16,DIRECTORY_LISTED by FL DOR. Site not fetched; terms not reviewed.
FL,Wakulla,County Property Appraiser,https://mywakullapa.com/,PROPERTY_IDENTITY|PARCEL_ID|ADDRESS|LEGAL_DESCRIPTION|PROPERTY_TYPE|ACREAGE|ASSESSED_VALUE|MARKET_VALUE|TAXABLE_VALUE|OWNERSHIP|PROPERTY_CHARACTERISTICS|SALES_HISTORY,UNREVIEWED,UNREVIEWED,UNREVIEWED,UNREVIEWED,UNREVIEWED,UNREVIEWED,UNREVIEWED,UNREVIEWED,UNREVIEWED,UNREVIEWED,UNREVIEWED,UNREVIEWED,LEGAL_REVIEW_REQUIRED,https://floridarevenue.com/property/Pages/LocalOfficials.aspx,2026-09-16,DIRECTORY_LISTED by FL DOR. Site not fetched; terms not reviewed.
FL,Wakulla,County Tax Collector,http://www.wakullacountytaxcollector.com/,ANNUAL_TAX|DELINQUENT_TAX|TAX_CERTIFICATE|PAYMENT_STATUS,UNREVIEWED,UNREVIEWED,UNREVIEWED,UNREVIEWED,UNREVIEWED,UNREVIEWED,UNREVIEWED,UNREVIEWED,UNREVIEWED,UNREVIEWED,UNREVIEWED,UNREVIEWED,LEGAL_REVIEW_REQUIRED,https://floridarevenue.com/property/Pages/LocalOfficials.aspx,2026-09-16,DIRECTORY_LISTED by FL DOR. Site not fetched; terms not reviewed.
FL,Wakulla,County Clerk / Value Adjustment Board,http://www.wakullaclerk.com/vab.asp,CASE_NUMBER|TAX_SALE|SALE_STATUS|RECORDED_DOCUMENTS|LIENS,UNREVIEWED,UNREVIEWED,UNREVIEWED,UNREVIEWED,UNREVIEWED,UNREVIEWED,UNREVIEWED,UNREVIEWED,UNREVIEWED,UNREVIEWED,UNREVIEWED,UNREVIEWED,LEGAL_REVIEW_REQUIRED,https://floridarevenue.com/property/Pages/LocalOfficials.aspx,2026-09-16,DIRECTORY_LISTED by FL DOR. Site not fetched; terms not reviewed.
FL,Walton,County Property Appraiser,http://www.waltonpa.com/,PROPERTY_IDENTITY|PARCEL_ID|ADDRESS|LEGAL_DESCRIPTION|PROPERTY_TYPE|ACREAGE|ASSESSED_VALUE|MARKET_VALUE|TAXABLE_VALUE|OWNERSHIP|PROPERTY_CHARACTERISTICS|SALES_HISTORY,UNREVIEWED,UNREVIEWED,UNREVIEWED,UNREVIEWED,UNREVIEWED,UNREVIEWED,UNREVIEWED,UNREVIEWED,UNREVIEWED,UNREVIEWED,UNREVIEWED,UNREVIEWED,LEGAL_REVIEW_REQUIRED,https://floridarevenue.com/property/Pages/LocalOfficials.aspx,2026-09-16,DIRECTORY_LISTED by FL DOR. Site not fetched; terms not reviewed.
FL,Walton,County Tax Collector,http://www.waltontaxcollector.com/,ANNUAL_TAX|DELINQUENT_TAX|TAX_CERTIFICATE|PAYMENT_STATUS,UNREVIEWED,UNREVIEWED,UNREVIEWED,UNREVIEWED,UNREVIEWED,UNREVIEWED,UNREVIEWED,UNREVIEWED,UNREVIEWED,UNREVIEWED,UNREVIEWED,UNREVIEWED,LEGAL_REVIEW_REQUIRED,https://floridarevenue.com/property/Pages/LocalOfficials.aspx,2026-09-16,DIRECTORY_LISTED by FL DOR. Site not fetched; terms not reviewed.
FL,Walton,County Clerk / Value Adjustment Board,https://waltonclerk.com/vab,CASE_NUMBER|TAX_SALE|SALE_STATUS|RECORDED_DOCUMENTS|LIENS,UNREVIEWED,UNREVIEWED,UNREVIEWED,UNREVIEWED,UNREVIEWED,UNREVIEWED,UNREVIEWED,UNREVIEWED,UNREVIEWED,UNREVIEWED,UNREVIEWED,UNREVIEWED,LEGAL_REVIEW_REQUIRED,https://floridarevenue.com/property/Pages/LocalOfficials.aspx,2026-09-16,DIRECTORY_LISTED by FL DOR. Site not fetched; terms not reviewed.
FL,Washington,County Property Appraiser,http://www.qpublic.net/washington/,PROPERTY_IDENTITY|PARCEL_ID|ADDRESS|LEGAL_DESCRIPTION|PROPERTY_TYPE|ACREAGE|ASSESSED_VALUE|MARKET_VALUE|TAXABLE_VALUE|OWNERSHIP|PROPERTY_CHARACTERISTICS|SALES_HISTORY,UNREVIEWED,UNREVIEWED,UNREVIEWED,UNREVIEWED,UNREVIEWED,UNREVIEWED,UNREVIEWED,UNREVIEWED,UNREVIEWED,UNREVIEWED,UNREVIEWED,UNREVIEWED,LEGAL_REVIEW_REQUIRED,https://floridarevenue.com/property/Pages/LocalOfficials.aspx,2026-09-16,DIRECTORY_LISTED by FL DOR. Site not fetched; terms not reviewed.
FL,Washington,County Tax Collector,http://www.washingtoncountytaxcollector.com/,ANNUAL_TAX|DELINQUENT_TAX|TAX_CERTIFICATE|PAYMENT_STATUS,UNREVIEWED,UNREVIEWED,UNREVIEWED,UNREVIEWED,UNREVIEWED,UNREVIEWED,UNREVIEWED,UNREVIEWED,UNREVIEWED,UNREVIEWED,UNREVIEWED,UNREVIEWED,LEGAL_REVIEW_REQUIRED,https://floridarevenue.com/property/Pages/LocalOfficials.aspx,2026-09-16,DIRECTORY_LISTED by FL DOR. Site not fetched; terms not reviewed.
FL,Washington,County Clerk / Value Adjustment Board,http://www.washingtonclerk.com/additional-information/value-adjustment-board/,CASE_NUMBER|TAX_SALE|SALE_STATUS|RECORDED_DOCUMENTS|LIENS,UNREVIEWED,UNREVIEWED,UNREVIEWED,UNREVIEWED,UNREVIEWED,UNREVIEWED,UNREVIEWED,UNREVIEWED,UNREVIEWED,UNREVIEWED,UNREVIEWED,UNREVIEWED,LEGAL_REVIEW_REQUIRED,https://floridarevenue.com/property/Pages/LocalOfficials.aspx,2026-09-16,DIRECTORY_LISTED by FL DOR. Site not fetched; terms not reviewed.
TX,Anderson,County Appraisal District,www.andersoncad.net,PROPERTY_IDENTITY|PARCEL_ID|ADDRESS|LEGAL_DESCRIPTION|PROPERTY_TYPE|ACREAGE|MARKET_VALUE|APPRAISED_VALUE|TAXABLE_VALUE|OWNERSHIP|PROPERTY_CHARACTERISTICS|GIS,UNREVIEWED,UNREVIEWED,UNREVIEWED,UNREVIEWED,UNREVIEWED,UNREVIEWED,UNREVIEWED,UNREVIEWED,UNREVIEWED,UNREVIEWED,UNREVIEWED,UNREVIEWED,LEGAL_REVIEW_REQUIRED,https://comptroller.texas.gov/taxes/property-tax/county-directory/anderson.php,2026-09-16,DIRECTORY_LISTED by TX Comptroller. Site not fetched; terms not reviewed.
TX,Anderson,County Tax Assessor-Collector,www.co.anderson.tx.us,ANNUAL_TAX|DELINQUENT_TAX|PAYMENT_STATUS|TAX_SALE,UNREVIEWED,UNREVIEWED,UNREVIEWED,UNREVIEWED,UNREVIEWED,UNREVIEWED,UNREVIEWED,UNREVIEWED,UNREVIEWED,UNREVIEWED,UNREVIEWED,UNREVIEWED,LEGAL_REVIEW_REQUIRED,https://comptroller.texas.gov/taxes/property-tax/county-directory/anderson.php,2026-09-16,DIRECTORY_LISTED by TX Comptroller. Site not fetched; terms not reviewed.
TX,Andrews,County Appraisal District,www.andrewscad.org,PROPERTY_IDENTITY|PARCEL_ID|ADDRESS|LEGAL_DESCRIPTION|PROPERTY_TYPE|ACREAGE|MARKET_VALUE|APPRAISED_VALUE|TAXABLE_VALUE|OWNERSHIP|PROPERTY_CHARACTERISTICS|GIS,UNREVIEWED,UNREVIEWED,UNREVIEWED,UNREVIEWED,UNREVIEWED,UNREVIEWED,UNREVIEWED,UNREVIEWED,UNREVIEWED,UNREVIEWED,UNREVIEWED,UNREVIEWED,LEGAL_REVIEW_REQUIRED,https://comptroller.texas.gov/taxes/property-tax/county-directory/andrews.php,2026-09-16,DIRECTORY_LISTED by TX Comptroller. Site not fetched; terms not reviewed.
TX,Andrews,County Tax Assessor-Collector,www.andrewscountytax.com,ANNUAL_TAX|DELINQUENT_TAX|PAYMENT_STATUS|TAX_SALE,UNREVIEWED,UNREVIEWED,UNREVIEWED,UNREVIEWED,UNREVIEWED,UNREVIEWED,UNREVIEWED,UNREVIEWED,UNREVIEWED,UNREVIEWED,UNREVIEWED,UNREVIEWED,LEGAL_REVIEW_REQUIRED,https://comptroller.texas.gov/taxes/property-tax/county-directory/andrews.php,2026-09-16,DIRECTORY_LISTED by TX Comptroller. Site not fetched; terms not reviewed.
TX,Angelina,County Appraisal District,www.angelinacad.org,PROPERTY_IDENTITY|PARCEL_ID|ADDRESS|LEGAL_DESCRIPTION|PROPERTY_TYPE|ACREAGE|MARKET_VALUE|APPRAISED_VALUE|TAXABLE_VALUE|OWNERSHIP|PROPERTY_CHARACTERISTICS|GIS,UNREVIEWED,UNREVIEWED,UNREVIEWED,UNREVIEWED,UNREVIEWED,UNREVIEWED,UNREVIEWED,UNREVIEWED,UNREVIEWED,UNREVIEWED,UNREVIEWED,UNREVIEWED,LEGAL_REVIEW_REQUIRED,https://comptroller.texas.gov/taxes/property-tax/county-directory/angelina.php,2026-09-16,DIRECTORY_LISTED by TX Comptroller. Site not fetched; terms not reviewed.
TX,Angelina,County Tax Assessor-Collector,www.angelinacounty.net,ANNUAL_TAX|DELINQUENT_TAX|PAYMENT_STATUS|TAX_SALE,UNREVIEWED,UNREVIEWED,UNREVIEWED,UNREVIEWED,UNREVIEWED,UNREVIEWED,UNREVIEWED,UNREVIEWED,UNREVIEWED,UNREVIEWED,UNREVIEWED,UNREVIEWED,LEGAL_REVIEW_REQUIRED,https://comptroller.texas.gov/taxes/property-tax/county-directory/angelina.php,2026-09-16,DIRECTORY_LISTED by TX Comptroller. Site not fetched; terms not reviewed.
TX,Aransas,County Appraisal District,www.aransascad.org,PROPERTY_IDENTITY|PARCEL_ID|ADDRESS|LEGAL_DESCRIPTION|PROPERTY_TYPE|ACREAGE|MARKET_VALUE|APPRAISED_VALUE|TAXABLE_VALUE|OWNERSHIP|PROPERTY_CHARACTERISTICS|GIS,UNREVIEWED,UNREVIEWED,UNREVIEWED,UNREVIEWED,UNREVIEWED,UNREVIEWED,UNREVIEWED,UNREVIEWED,UNREVIEWED,UNREVIEWED,UNREVIEWED,UNREVIEWED,LEGAL_REVIEW_REQUIRED,https://comptroller.texas.gov/taxes/property-tax/county-directory/aransas.php,2026-09-16,DIRECTORY_LISTED by TX Comptroller. Site not fetched; terms not reviewed.
TX,Aransas,County Tax Assessor-Collector,www.aransascountytx.gov,ANNUAL_TAX|DELINQUENT_TAX|PAYMENT_STATUS|TAX_SALE,UNREVIEWED,UNREVIEWED,UNREVIEWED,UNREVIEWED,UNREVIEWED,UNREVIEWED,UNREVIEWED,UNREVIEWED,UNREVIEWED,UNREVIEWED,UNREVIEWED,UNREVIEWED,LEGAL_REVIEW_REQUIRED,https://comptroller.texas.gov/taxes/property-tax/county-directory/aransas.php,2026-09-16,DIRECTORY_LISTED by TX Comptroller. Site not fetched; terms not reviewed.
TX,Archer,County Appraisal District,www.archercad.org,PROPERTY_IDENTITY|PARCEL_ID|ADDRESS|LEGAL_DESCRIPTION|PROPERTY_TYPE|ACREAGE|MARKET_VALUE|APPRAISED_VALUE|TAXABLE_VALUE|OWNERSHIP|PROPERTY_CHARACTERISTICS|GIS,UNREVIEWED,UNREVIEWED,UNREVIEWED,UNREVIEWED,UNREVIEWED,UNREVIEWED,UNREVIEWED,UNREVIEWED,UNREVIEWED,UNREVIEWED,UNREVIEWED,UNREVIEWED,LEGAL_REVIEW_REQUIRED,https://comptroller.texas.gov/taxes/property-tax/county-directory/archer.php,2026-09-16,DIRECTORY_LISTED by TX Comptroller. Site not fetched; terms not reviewed.
TX,Archer,County Tax Assessor-Collector,www.archercountytax.org,ANNUAL_TAX|DELINQUENT_TAX|PAYMENT_STATUS|TAX_SALE,UNREVIEWED,UNREVIEWED,UNREVIEWED,UNREVIEWED,UNREVIEWED,UNREVIEWED,UNREVIEWED,UNREVIEWED,UNREVIEWED,UNREVIEWED,UNREVIEWED,UNREVIEWED,LEGAL_REVIEW_REQUIRED,https://comptroller.texas.gov/taxes/property-tax/county-directory/archer.php,2026-09-16,DIRECTORY_LISTED by TX Comptroller. Site not fetched; terms not reviewed.
TX,Armstrong,County Appraisal District,http://armstrongcad.org,PROPERTY_IDENTITY|PARCEL_ID|ADDRESS|LEGAL_DESCRIPTION|PROPERTY_TYPE|ACREAGE|MARKET_VALUE|APPRAISED_VALUE|TAXABLE_VALUE|OWNERSHIP|PROPERTY_CHARACTERISTICS|GIS,UNREVIEWED,UNREVIEWED,UNREVIEWED,UNREVIEWED,UNREVIEWED,UNREVIEWED,UNREVIEWED,UNREVIEWED,UNREVIEWED,UNREVIEWED,UNREVIEWED,UNREVIEWED,LEGAL_REVIEW_REQUIRED,https://comptroller.texas.gov/taxes/property-tax/county-directory/armstrong.php,2026-09-16,DIRECTORY_LISTED by TX Comptroller. Site not fetched; terms not reviewed.
TX,Armstrong,County Tax Assessor-Collector,www.co.armstrong.tx.us,ANNUAL_TAX|DELINQUENT_TAX|PAYMENT_STATUS|TAX_SALE,UNREVIEWED,UNREVIEWED,UNREVIEWED,UNREVIEWED,UNREVIEWED,UNREVIEWED,UNREVIEWED,UNREVIEWED,UNREVIEWED,UNREVIEWED,UNREVIEWED,UNREVIEWED,LEGAL_REVIEW_REQUIRED,https://comptroller.texas.gov/taxes/property-tax/county-directory/armstrong.php,2026-09-16,DIRECTORY_LISTED by TX Comptroller. Site not fetched; terms not reviewed.
TX,Atascosa,County Appraisal District,www.atascosacad.com,PROPERTY_IDENTITY|PARCEL_ID|ADDRESS|LEGAL_DESCRIPTION|PROPERTY_TYPE|ACREAGE|MARKET_VALUE|APPRAISED_VALUE|TAXABLE_VALUE|OWNERSHIP|PROPERTY_CHARACTERISTICS|GIS,UNREVIEWED,UNREVIEWED,UNREVIEWED,UNREVIEWED,UNREVIEWED,UNREVIEWED,UNREVIEWED,UNREVIEWED,UNREVIEWED,UNREVIEWED,UNREVIEWED,UNREVIEWED,LEGAL_REVIEW_REQUIRED,https://comptroller.texas.gov/taxes/property-tax/county-directory/atascosa.php,2026-09-16,DIRECTORY_LISTED by TX Comptroller. Site not fetched; terms not reviewed.
TX,Atascosa,County Tax Assessor-Collector,www.atascosacounty.texas.gov,ANNUAL_TAX|DELINQUENT_TAX|PAYMENT_STATUS|TAX_SALE,UNREVIEWED,UNREVIEWED,UNREVIEWED,UNREVIEWED,UNREVIEWED,UNREVIEWED,UNREVIEWED,UNREVIEWED,UNREVIEWED,UNREVIEWED,UNREVIEWED,UNREVIEWED,LEGAL_REVIEW_REQUIRED,https://comptroller.texas.gov/taxes/property-tax/county-directory/atascosa.php,2026-09-16,DIRECTORY_LISTED by TX Comptroller. Site not fetched; terms not reviewed.
TX,Austin,County Appraisal District,www.austincad.org,PROPERTY_IDENTITY|PARCEL_ID|ADDRESS|LEGAL_DESCRIPTION|PROPERTY_TYPE|ACREAGE|MARKET_VALUE|APPRAISED_VALUE|TAXABLE_VALUE|OWNERSHIP|PROPERTY_CHARACTERISTICS|GIS,UNREVIEWED,UNREVIEWED,UNREVIEWED,UNREVIEWED,UNREVIEWED,UNREVIEWED,UNREVIEWED,UNREVIEWED,UNREVIEWED,UNREVIEWED,UNREVIEWED,UNREVIEWED,LEGAL_REVIEW_REQUIRED,https://comptroller.texas.gov/taxes/property-tax/county-directory/austin.php,2026-09-16,DIRECTORY_LISTED by TX Comptroller. Site not fetched; terms not reviewed.
TX,Austin,County Tax Assessor-Collector,www.austincounty.com,ANNUAL_TAX|DELINQUENT_TAX|PAYMENT_STATUS|TAX_SALE,UNREVIEWED,UNREVIEWED,UNREVIEWED,UNREVIEWED,UNREVIEWED,UNREVIEWED,UNREVIEWED,UNREVIEWED,UNREVIEWED,UNREVIEWED,UNREVIEWED,UNREVIEWED,LEGAL_REVIEW_REQUIRED,https://comptroller.texas.gov/taxes/property-tax/county-directory/austin.php,2026-09-16,DIRECTORY_LISTED by TX Comptroller. Site not fetched; terms not reviewed.
TX,Bailey,County Appraisal District,www.bailey-cad.org,PROPERTY_IDENTITY|PARCEL_ID|ADDRESS|LEGAL_DESCRIPTION|PROPERTY_TYPE|ACREAGE|MARKET_VALUE|APPRAISED_VALUE|TAXABLE_VALUE|OWNERSHIP|PROPERTY_CHARACTERISTICS|GIS,UNREVIEWED,UNREVIEWED,UNREVIEWED,UNREVIEWED,UNREVIEWED,UNREVIEWED,UNREVIEWED,UNREVIEWED,UNREVIEWED,UNREVIEWED,UNREVIEWED,UNREVIEWED,LEGAL_REVIEW_REQUIRED,https://comptroller.texas.gov/taxes/property-tax/county-directory/bailey.php,2026-09-16,DIRECTORY_LISTED by TX Comptroller. Site not fetched; terms not reviewed.
TX,Bailey,County Tax Assessor-Collector,www.co.bailey.tx.us,ANNUAL_TAX|DELINQUENT_TAX|PAYMENT_STATUS|TAX_SALE,UNREVIEWED,UNREVIEWED,UNREVIEWED,UNREVIEWED,UNREVIEWED,UNREVIEWED,UNREVIEWED,UNREVIEWED,UNREVIEWED,UNREVIEWED,UNREVIEWED,UNREVIEWED,LEGAL_REVIEW_REQUIRED,https://comptroller.texas.gov/taxes/property-tax/county-directory/bailey.php,2026-09-16,DIRECTORY_LISTED by TX Comptroller. Site not fetched; terms not reviewed.
TX,Bandera,County Appraisal District,www.bancad.org,PROPERTY_IDENTITY|PARCEL_ID|ADDRESS|LEGAL_DESCRIPTION|PROPERTY_TYPE|ACREAGE|MARKET_VALUE|APPRAISED_VALUE|TAXABLE_VALUE|OWNERSHIP|PROPERTY_CHARACTERISTICS|GIS,UNREVIEWED,UNREVIEWED,UNREVIEWED,UNREVIEWED,UNREVIEWED,UNREVIEWED,UNREVIEWED,UNREVIEWED,UNREVIEWED,UNREVIEWED,UNREVIEWED,UNREVIEWED,LEGAL_REVIEW_REQUIRED,https://comptroller.texas.gov/taxes/property-tax/county-directory/bandera.php,2026-09-16,DIRECTORY_LISTED by TX Comptroller. Site not fetched; terms not reviewed.
TX,Bandera,County Tax Assessor-Collector,www.banderacounty.org,ANNUAL_TAX|DELINQUENT_TAX|PAYMENT_STATUS|TAX_SALE,UNREVIEWED,UNREVIEWED,UNREVIEWED,UNREVIEWED,UNREVIEWED,UNREVIEWED,UNREVIEWED,UNREVIEWED,UNREVIEWED,UNREVIEWED,UNREVIEWED,UNREVIEWED,LEGAL_REVIEW_REQUIRED,https://comptroller.texas.gov/taxes/property-tax/county-directory/bandera.php,2026-09-16,DIRECTORY_LISTED by TX Comptroller. Site not fetched; terms not reviewed.
TX,Bastrop,County Appraisal District,www.bastropcad.org,PROPERTY_IDENTITY|PARCEL_ID|ADDRESS|LEGAL_DESCRIPTION|PROPERTY_TYPE|ACREAGE|MARKET_VALUE|APPRAISED_VALUE|TAXABLE_VALUE|OWNERSHIP|PROPERTY_CHARACTERISTICS|GIS,UNREVIEWED,UNREVIEWED,UNREVIEWED,UNREVIEWED,UNREVIEWED,UNREVIEWED,UNREVIEWED,UNREVIEWED,UNREVIEWED,UNREVIEWED,UNREVIEWED,UNREVIEWED,LEGAL_REVIEW_REQUIRED,https://comptroller.texas.gov/taxes/property-tax/county-directory/bastrop.php,2026-09-16,DIRECTORY_LISTED by TX Comptroller. Site not fetched; terms not reviewed.
TX,Bastrop,County Tax Assessor-Collector,www.co.bastrop.tx.us,ANNUAL_TAX|DELINQUENT_TAX|PAYMENT_STATUS|TAX_SALE,UNREVIEWED,UNREVIEWED,UNREVIEWED,UNREVIEWED,UNREVIEWED,UNREVIEWED,UNREVIEWED,UNREVIEWED,UNREVIEWED,UNREVIEWED,UNREVIEWED,UNREVIEWED,LEGAL_REVIEW_REQUIRED,https://comptroller.texas.gov/taxes/property-tax/county-directory/bastrop.php,2026-09-16,DIRECTORY_LISTED by TX Comptroller. Site not fetched; terms not reviewed.
TX,Baylor,County Appraisal District,www.baylorcad.org,PROPERTY_IDENTITY|PARCEL_ID|ADDRESS|LEGAL_DESCRIPTION|PROPERTY_TYPE|ACREAGE|MARKET_VALUE|APPRAISED_VALUE|TAXABLE_VALUE|OWNERSHIP|PROPERTY_CHARACTERISTICS|GIS,UNREVIEWED,UNREVIEWED,UNREVIEWED,UNREVIEWED,UNREVIEWED,UNREVIEWED,UNREVIEWED,UNREVIEWED,UNREVIEWED,UNREVIEWED,UNREVIEWED,UNREVIEWED,LEGAL_REVIEW_REQUIRED,https://comptroller.texas.gov/taxes/property-tax/county-directory/baylor.php,2026-09-16,DIRECTORY_LISTED by TX Comptroller. Site not fetched; terms not reviewed.
TX,Baylor,County Tax Assessor-Collector,www.co.baylor.tx.us,ANNUAL_TAX|DELINQUENT_TAX|PAYMENT_STATUS|TAX_SALE,UNREVIEWED,UNREVIEWED,UNREVIEWED,UNREVIEWED,UNREVIEWED,UNREVIEWED,UNREVIEWED,UNREVIEWED,UNREVIEWED,UNREVIEWED,UNREVIEWED,UNREVIEWED,LEGAL_REVIEW_REQUIRED,https://comptroller.texas.gov/taxes/property-tax/county-directory/baylor.php,2026-09-16,DIRECTORY_LISTED by TX Comptroller. Site not fetched; terms not reviewed.
TX,Bee,County Appraisal District,www.beecad.org,PROPERTY_IDENTITY|PARCEL_ID|ADDRESS|LEGAL_DESCRIPTION|PROPERTY_TYPE|ACREAGE|MARKET_VALUE|APPRAISED_VALUE|TAXABLE_VALUE|OWNERSHIP|PROPERTY_CHARACTERISTICS|GIS,UNREVIEWED,UNREVIEWED,UNREVIEWED,UNREVIEWED,UNREVIEWED,UNREVIEWED,UNREVIEWED,UNREVIEWED,UNREVIEWED,UNREVIEWED,UNREVIEWED,UNREVIEWED,LEGAL_REVIEW_REQUIRED,https://comptroller.texas.gov/taxes/property-tax/county-directory/bee.php,2026-09-16,DIRECTORY_LISTED by TX Comptroller. Site not fetched; terms not reviewed.
TX,Bee,County Tax Assessor-Collector,www.co.bee.tx.us,ANNUAL_TAX|DELINQUENT_TAX|PAYMENT_STATUS|TAX_SALE,UNREVIEWED,UNREVIEWED,UNREVIEWED,UNREVIEWED,UNREVIEWED,UNREVIEWED,UNREVIEWED,UNREVIEWED,UNREVIEWED,UNREVIEWED,UNREVIEWED,UNREVIEWED,LEGAL_REVIEW_REQUIRED,https://comptroller.texas.gov/taxes/property-tax/county-directory/bee.php,2026-09-16,DIRECTORY_LISTED by TX Comptroller. Site not fetched; terms not reviewed.
TX,Bell,County Appraisal District,www.bellcad.org,PROPERTY_IDENTITY|PARCEL_ID|ADDRESS|LEGAL_DESCRIPTION|PROPERTY_TYPE|ACREAGE|MARKET_VALUE|APPRAISED_VALUE|TAXABLE_VALUE|OWNERSHIP|PROPERTY_CHARACTERISTICS|GIS,UNREVIEWED,UNREVIEWED,UNREVIEWED,UNREVIEWED,UNREVIEWED,UNREVIEWED,UNREVIEWED,UNREVIEWED,UNREVIEWED,UNREVIEWED,UNREVIEWED,UNREVIEWED,LEGAL_REVIEW_REQUIRED,https://comptroller.texas.gov/taxes/property-tax/county-directory/bell.php,2026-09-16,DIRECTORY_LISTED by TX Comptroller. Site not fetched; terms not reviewed.
TX,Bell,County Tax Assessor-Collector,www.bellcountytx.com,ANNUAL_TAX|DELINQUENT_TAX|PAYMENT_STATUS|TAX_SALE,UNREVIEWED,UNREVIEWED,UNREVIEWED,UNREVIEWED,UNREVIEWED,UNREVIEWED,UNREVIEWED,UNREVIEWED,UNREVIEWED,UNREVIEWED,UNREVIEWED,UNREVIEWED,LEGAL_REVIEW_REQUIRED,https://comptroller.texas.gov/taxes/property-tax/county-directory/bell.php,2026-09-16,DIRECTORY_LISTED by TX Comptroller. Site not fetched; terms not reviewed.
TX,Bexar,County Appraisal District,www.bcad.org,PROPERTY_IDENTITY|PARCEL_ID|ADDRESS|LEGAL_DESCRIPTION|PROPERTY_TYPE|ACREAGE|MARKET_VALUE|APPRAISED_VALUE|TAXABLE_VALUE|OWNERSHIP|PROPERTY_CHARACTERISTICS|GIS,UNREVIEWED,UNREVIEWED,UNREVIEWED,UNREVIEWED,UNREVIEWED,UNREVIEWED,UNREVIEWED,UNREVIEWED,UNREVIEWED,UNREVIEWED,UNREVIEWED,UNREVIEWED,LEGAL_REVIEW_REQUIRED,https://comptroller.texas.gov/taxes/property-tax/county-directory/bexar.php,2026-09-16,DIRECTORY_LISTED by TX Comptroller. Site not fetched; terms not reviewed.
TX,Bexar,County Tax Assessor-Collector,www.bexar.org/tax,ANNUAL_TAX|DELINQUENT_TAX|PAYMENT_STATUS|TAX_SALE,UNREVIEWED,UNREVIEWED,UNREVIEWED,UNREVIEWED,UNREVIEWED,UNREVIEWED,UNREVIEWED,UNREVIEWED,UNREVIEWED,UNREVIEWED,UNREVIEWED,UNREVIEWED,LEGAL_REVIEW_REQUIRED,https://comptroller.texas.gov/taxes/property-tax/county-directory/bexar.php,2026-09-16,DIRECTORY_LISTED by TX Comptroller. Site not fetched; terms not reviewed.
TX,Blanco,County Appraisal District,www.blancocad.com,PROPERTY_IDENTITY|PARCEL_ID|ADDRESS|LEGAL_DESCRIPTION|PROPERTY_TYPE|ACREAGE|MARKET_VALUE|APPRAISED_VALUE|TAXABLE_VALUE|OWNERSHIP|PROPERTY_CHARACTERISTICS|GIS,UNREVIEWED,UNREVIEWED,UNREVIEWED,UNREVIEWED,UNREVIEWED,UNREVIEWED,UNREVIEWED,UNREVIEWED,UNREVIEWED,UNREVIEWED,UNREVIEWED,UNREVIEWED,LEGAL_REVIEW_REQUIRED,https://comptroller.texas.gov/taxes/property-tax/county-directory/blanco.php,2026-09-16,DIRECTORY_LISTED by TX Comptroller. Site not fetched; terms not reviewed.
TX,Blanco,County Tax Assessor-Collector,www.co.blanco.tx.us,ANNUAL_TAX|DELINQUENT_TAX|PAYMENT_STATUS|TAX_SALE,UNREVIEWED,UNREVIEWED,UNREVIEWED,UNREVIEWED,UNREVIEWED,UNREVIEWED,UNREVIEWED,UNREVIEWED,UNREVIEWED,UNREVIEWED,UNREVIEWED,UNREVIEWED,LEGAL_REVIEW_REQUIRED,https://comptroller.texas.gov/taxes/property-tax/county-directory/blanco.php,2026-09-16,DIRECTORY_LISTED by TX Comptroller. Site not fetched; terms not reviewed.
TX,Borden,County Appraisal District,www.bordencad.org,PROPERTY_IDENTITY|PARCEL_ID|ADDRESS|LEGAL_DESCRIPTION|PROPERTY_TYPE|ACREAGE|MARKET_VALUE|APPRAISED_VALUE|TAXABLE_VALUE|OWNERSHIP|PROPERTY_CHARACTERISTICS|GIS,UNREVIEWED,UNREVIEWED,UNREVIEWED,UNREVIEWED,UNREVIEWED,UNREVIEWED,UNREVIEWED,UNREVIEWED,UNREVIEWED,UNREVIEWED,UNREVIEWED,UNREVIEWED,LEGAL_REVIEW_REQUIRED,https://comptroller.texas.gov/taxes/property-tax/county-directory/borden.php,2026-09-16,DIRECTORY_LISTED by TX Comptroller. Site not fetched; terms not reviewed.
TX,Borden,County Tax Assessor-Collector,www.co.borden.tx.us,ANNUAL_TAX|DELINQUENT_TAX|PAYMENT_STATUS|TAX_SALE,UNREVIEWED,UNREVIEWED,UNREVIEWED,UNREVIEWED,UNREVIEWED,UNREVIEWED,UNREVIEWED,UNREVIEWED,UNREVIEWED,UNREVIEWED,UNREVIEWED,UNREVIEWED,LEGAL_REVIEW_REQUIRED,https://comptroller.texas.gov/taxes/property-tax/county-directory/borden.php,2026-09-16,DIRECTORY_LISTED by TX Comptroller. Site not fetched; terms not reviewed.
TX,Bosque,County Appraisal District,www.bosquecad.com,PROPERTY_IDENTITY|PARCEL_ID|ADDRESS|LEGAL_DESCRIPTION|PROPERTY_TYPE|ACREAGE|MARKET_VALUE|APPRAISED_VALUE|TAXABLE_VALUE|OWNERSHIP|PROPERTY_CHARACTERISTICS|GIS,UNREVIEWED,UNREVIEWED,UNREVIEWED,UNREVIEWED,UNREVIEWED,UNREVIEWED,UNREVIEWED,UNREVIEWED,UNREVIEWED,UNREVIEWED,UNREVIEWED,UNREVIEWED,LEGAL_REVIEW_REQUIRED,https://comptroller.texas.gov/taxes/property-tax/county-directory/bosque.php,2026-09-16,DIRECTORY_LISTED by TX Comptroller. Site not fetched; terms not reviewed.
TX,Bosque,County Tax Assessor-Collector,www.bosquecountytaxoffice.com,ANNUAL_TAX|DELINQUENT_TAX|PAYMENT_STATUS|TAX_SALE,UNREVIEWED,UNREVIEWED,UNREVIEWED,UNREVIEWED,UNREVIEWED,UNREVIEWED,UNREVIEWED,UNREVIEWED,UNREVIEWED,UNREVIEWED,UNREVIEWED,UNREVIEWED,LEGAL_REVIEW_REQUIRED,https://comptroller.texas.gov/taxes/property-tax/county-directory/bosque.php,2026-09-16,DIRECTORY_LISTED by TX Comptroller. Site not fetched; terms not reviewed.
TX,Bowie,County Appraisal District,www.bowieappraisal.com,PROPERTY_IDENTITY|PARCEL_ID|ADDRESS|LEGAL_DESCRIPTION|PROPERTY_TYPE|ACREAGE|MARKET_VALUE|APPRAISED_VALUE|TAXABLE_VALUE|OWNERSHIP|PROPERTY_CHARACTERISTICS|GIS,UNREVIEWED,UNREVIEWED,UNREVIEWED,UNREVIEWED,UNREVIEWED,UNREVIEWED,UNREVIEWED,UNREVIEWED,UNREVIEWED,UNREVIEWED,UNREVIEWED,UNREVIEWED,LEGAL_REVIEW_REQUIRED,https://comptroller.texas.gov/taxes/property-tax/county-directory/bowie.php,2026-09-16,DIRECTORY_LISTED by TX Comptroller. Site not fetched; terms not reviewed.
TX,Bowie,County Tax Assessor-Collector,www.co.bowie.tx.us,ANNUAL_TAX|DELINQUENT_TAX|PAYMENT_STATUS|TAX_SALE,UNREVIEWED,UNREVIEWED,UNREVIEWED,UNREVIEWED,UNREVIEWED,UNREVIEWED,UNREVIEWED,UNREVIEWED,UNREVIEWED,UNREVIEWED,UNREVIEWED,UNREVIEWED,LEGAL_REVIEW_REQUIRED,https://comptroller.texas.gov/taxes/property-tax/county-directory/bowie.php,2026-09-16,DIRECTORY_LISTED by TX Comptroller. Site not fetched; terms not reviewed.
TX,Brazoria,County Appraisal District,www.brazoriacad.org,PROPERTY_IDENTITY|PARCEL_ID|ADDRESS|LEGAL_DESCRIPTION|PROPERTY_TYPE|ACREAGE|MARKET_VALUE|APPRAISED_VALUE|TAXABLE_VALUE|OWNERSHIP|PROPERTY_CHARACTERISTICS|GIS,UNREVIEWED,UNREVIEWED,UNREVIEWED,UNREVIEWED,UNREVIEWED,UNREVIEWED,UNREVIEWED,UNREVIEWED,UNREVIEWED,UNREVIEWED,UNREVIEWED,UNREVIEWED,LEGAL_REVIEW_REQUIRED,https://comptroller.texas.gov/taxes/property-tax/county-directory/brazoria.php,2026-09-16,DIRECTORY_LISTED by TX Comptroller. Site not fetched; terms not reviewed.
TX,Brazoria,County Tax Assessor-Collector,www.brazoriacountytx.gov,ANNUAL_TAX|DELINQUENT_TAX|PAYMENT_STATUS|TAX_SALE,UNREVIEWED,UNREVIEWED,UNREVIEWED,UNREVIEWED,UNREVIEWED,UNREVIEWED,UNREVIEWED,UNREVIEWED,UNREVIEWED,UNREVIEWED,UNREVIEWED,UNREVIEWED,LEGAL_REVIEW_REQUIRED,https://comptroller.texas.gov/taxes/property-tax/county-directory/brazoria.php,2026-09-16,DIRECTORY_LISTED by TX Comptroller. Site not fetched; terms not reviewed.
TX,Brazos,County Appraisal District,brazoscad.org,PROPERTY_IDENTITY|PARCEL_ID|ADDRESS|LEGAL_DESCRIPTION|PROPERTY_TYPE|ACREAGE|MARKET_VALUE|APPRAISED_VALUE|TAXABLE_VALUE|OWNERSHIP|PROPERTY_CHARACTERISTICS|GIS,UNREVIEWED,UNREVIEWED,UNREVIEWED,UNREVIEWED,UNREVIEWED,UNREVIEWED,UNREVIEWED,UNREVIEWED,UNREVIEWED,UNREVIEWED,UNREVIEWED,UNREVIEWED,LEGAL_REVIEW_REQUIRED,https://comptroller.texas.gov/taxes/property-tax/county-directory/brazos.php,2026-09-16,DIRECTORY_LISTED by TX Comptroller. Site not fetched; terms not reviewed.
TX,Brazos,County Tax Assessor-Collector,www.brazostax.org,ANNUAL_TAX|DELINQUENT_TAX|PAYMENT_STATUS|TAX_SALE,UNREVIEWED,UNREVIEWED,UNREVIEWED,UNREVIEWED,UNREVIEWED,UNREVIEWED,UNREVIEWED,UNREVIEWED,UNREVIEWED,UNREVIEWED,UNREVIEWED,UNREVIEWED,LEGAL_REVIEW_REQUIRED,https://comptroller.texas.gov/taxes/property-tax/county-directory/brazos.php,2026-09-16,DIRECTORY_LISTED by TX Comptroller. Site not fetched; terms not reviewed.
TX,Brewster,County Appraisal District,www.brewstercotad.org,PROPERTY_IDENTITY|PARCEL_ID|ADDRESS|LEGAL_DESCRIPTION|PROPERTY_TYPE|ACREAGE|MARKET_VALUE|APPRAISED_VALUE|TAXABLE_VALUE|OWNERSHIP|PROPERTY_CHARACTERISTICS|GIS,UNREVIEWED,UNREVIEWED,UNREVIEWED,UNREVIEWED,UNREVIEWED,UNREVIEWED,UNREVIEWED,UNREVIEWED,UNREVIEWED,UNREVIEWED,UNREVIEWED,UNREVIEWED,LEGAL_REVIEW_REQUIRED,https://comptroller.texas.gov/taxes/property-tax/county-directory/brewster.php,2026-09-16,DIRECTORY_LISTED by TX Comptroller. Site not fetched; terms not reviewed.
TX,Brewster,County Tax Assessor-Collector,www.brewstercounty.gov,ANNUAL_TAX|DELINQUENT_TAX|PAYMENT_STATUS|TAX_SALE,UNREVIEWED,UNREVIEWED,UNREVIEWED,UNREVIEWED,UNREVIEWED,UNREVIEWED,UNREVIEWED,UNREVIEWED,UNREVIEWED,UNREVIEWED,UNREVIEWED,UNREVIEWED,LEGAL_REVIEW_REQUIRED,https://comptroller.texas.gov/taxes/property-tax/county-directory/brewster.php,2026-09-16,DIRECTORY_LISTED by TX Comptroller. Site not fetched; terms not reviewed.
TX,Briscoe,County Appraisal District,www.briscoecad.org,PROPERTY_IDENTITY|PARCEL_ID|ADDRESS|LEGAL_DESCRIPTION|PROPERTY_TYPE|ACREAGE|MARKET_VALUE|APPRAISED_VALUE|TAXABLE_VALUE|OWNERSHIP|PROPERTY_CHARACTERISTICS|GIS,UNREVIEWED,UNREVIEWED,UNREVIEWED,UNREVIEWED,UNREVIEWED,UNREVIEWED,UNREVIEWED,UNREVIEWED,UNREVIEWED,UNREVIEWED,UNREVIEWED,UNREVIEWED,LEGAL_REVIEW_REQUIRED,https://comptroller.texas.gov/taxes/property-tax/county-directory/briscoe.php,2026-09-16,DIRECTORY_LISTED by TX Comptroller. Site not fetched; terms not reviewed.
TX,Brooks,County Appraisal District,www.brookscad.org,PROPERTY_IDENTITY|PARCEL_ID|ADDRESS|LEGAL_DESCRIPTION|PROPERTY_TYPE|ACREAGE|MARKET_VALUE|APPRAISED_VALUE|TAXABLE_VALUE|OWNERSHIP|PROPERTY_CHARACTERISTICS|GIS,UNREVIEWED,UNREVIEWED,UNREVIEWED,UNREVIEWED,UNREVIEWED,UNREVIEWED,UNREVIEWED,UNREVIEWED,UNREVIEWED,UNREVIEWED,UNREVIEWED,UNREVIEWED,LEGAL_REVIEW_REQUIRED,https://comptroller.texas.gov/taxes/property-tax/county-directory/brooks.php,2026-09-16,DIRECTORY_LISTED by TX Comptroller. Site not fetched; terms not reviewed.
TX,Brooks,County Tax Assessor-Collector,www.co.brooks.tx.us,ANNUAL_TAX|DELINQUENT_TAX|PAYMENT_STATUS|TAX_SALE,UNREVIEWED,UNREVIEWED,UNREVIEWED,UNREVIEWED,UNREVIEWED,UNREVIEWED,UNREVIEWED,UNREVIEWED,UNREVIEWED,UNREVIEWED,UNREVIEWED,UNREVIEWED,LEGAL_REVIEW_REQUIRED,https://comptroller.texas.gov/taxes/property-tax/county-directory/brooks.php,2026-09-16,DIRECTORY_LISTED by TX Comptroller. Site not fetched; terms not reviewed.
TX,Brown,County Appraisal District,www.brown-cad.org,PROPERTY_IDENTITY|PARCEL_ID|ADDRESS|LEGAL_DESCRIPTION|PROPERTY_TYPE|ACREAGE|MARKET_VALUE|APPRAISED_VALUE|TAXABLE_VALUE|OWNERSHIP|PROPERTY_CHARACTERISTICS|GIS,UNREVIEWED,UNREVIEWED,UNREVIEWED,UNREVIEWED,UNREVIEWED,UNREVIEWED,UNREVIEWED,UNREVIEWED,UNREVIEWED,UNREVIEWED,UNREVIEWED,UNREVIEWED,LEGAL_REVIEW_REQUIRED,https://comptroller.texas.gov/taxes/property-tax/county-directory/brown.php,2026-09-16,DIRECTORY_LISTED by TX Comptroller. Site not fetched; terms not reviewed.
TX,Brown,County Tax Assessor-Collector,www.browncountytx.org,ANNUAL_TAX|DELINQUENT_TAX|PAYMENT_STATUS|TAX_SALE,UNREVIEWED,UNREVIEWED,UNREVIEWED,UNREVIEWED,UNREVIEWED,UNREVIEWED,UNREVIEWED,UNREVIEWED,UNREVIEWED,UNREVIEWED,UNREVIEWED,UNREVIEWED,LEGAL_REVIEW_REQUIRED,https://comptroller.texas.gov/taxes/property-tax/county-directory/brown.php,2026-09-16,DIRECTORY_LISTED by TX Comptroller. Site not fetched; terms not reviewed.
TX,Burleson,County Appraisal District,www.burlesonappraisal.com,PROPERTY_IDENTITY|PARCEL_ID|ADDRESS|LEGAL_DESCRIPTION|PROPERTY_TYPE|ACREAGE|MARKET_VALUE|APPRAISED_VALUE|TAXABLE_VALUE|OWNERSHIP|PROPERTY_CHARACTERISTICS|GIS,UNREVIEWED,UNREVIEWED,UNREVIEWED,UNREVIEWED,UNREVIEWED,UNREVIEWED,UNREVIEWED,UNREVIEWED,UNREVIEWED,UNREVIEWED,UNREVIEWED,UNREVIEWED,LEGAL_REVIEW_REQUIRED,https://comptroller.texas.gov/taxes/property-tax/county-directory/burleson.php,2026-09-16,DIRECTORY_LISTED by TX Comptroller. Site not fetched; terms not reviewed.
TX,Burleson,County Tax Assessor-Collector,www.co.burleson.tx.us,ANNUAL_TAX|DELINQUENT_TAX|PAYMENT_STATUS|TAX_SALE,UNREVIEWED,UNREVIEWED,UNREVIEWED,UNREVIEWED,UNREVIEWED,UNREVIEWED,UNREVIEWED,UNREVIEWED,UNREVIEWED,UNREVIEWED,UNREVIEWED,UNREVIEWED,LEGAL_REVIEW_REQUIRED,https://comptroller.texas.gov/taxes/property-tax/county-directory/burleson.php,2026-09-16,DIRECTORY_LISTED by TX Comptroller. Site not fetched; terms not reviewed.
TX,Burnet,County Appraisal District,www.burnet-cad.org,PROPERTY_IDENTITY|PARCEL_ID|ADDRESS|LEGAL_DESCRIPTION|PROPERTY_TYPE|ACREAGE|MARKET_VALUE|APPRAISED_VALUE|TAXABLE_VALUE|OWNERSHIP|PROPERTY_CHARACTERISTICS|GIS,UNREVIEWED,UNREVIEWED,UNREVIEWED,UNREVIEWED,UNREVIEWED,UNREVIEWED,UNREVIEWED,UNREVIEWED,UNREVIEWED,UNREVIEWED,UNREVIEWED,UNREVIEWED,LEGAL_REVIEW_REQUIRED,https://comptroller.texas.gov/taxes/property-tax/county-directory/burnet.php,2026-09-16,DIRECTORY_LISTED by TX Comptroller. Site not fetched; terms not reviewed.
TX,Burnet,County Tax Assessor-Collector,www.burnetcountytexas.org,ANNUAL_TAX|DELINQUENT_TAX|PAYMENT_STATUS|TAX_SALE,UNREVIEWED,UNREVIEWED,UNREVIEWED,UNREVIEWED,UNREVIEWED,UNREVIEWED,UNREVIEWED,UNREVIEWED,UNREVIEWED,UNREVIEWED,UNREVIEWED,UNREVIEWED,LEGAL_REVIEW_REQUIRED,https://comptroller.texas.gov/taxes/property-tax/county-directory/burnet.php,2026-09-16,DIRECTORY_LISTED by TX Comptroller. Site not fetched; terms not reviewed.
TX,Caldwell,County Appraisal District,www.caldwellcad.org,PROPERTY_IDENTITY|PARCEL_ID|ADDRESS|LEGAL_DESCRIPTION|PROPERTY_TYPE|ACREAGE|MARKET_VALUE|APPRAISED_VALUE|TAXABLE_VALUE|OWNERSHIP|PROPERTY_CHARACTERISTICS|GIS,UNREVIEWED,UNREVIEWED,UNREVIEWED,UNREVIEWED,UNREVIEWED,UNREVIEWED,UNREVIEWED,UNREVIEWED,UNREVIEWED,UNREVIEWED,UNREVIEWED,UNREVIEWED,LEGAL_REVIEW_REQUIRED,https://comptroller.texas.gov/taxes/property-tax/county-directory/caldwell.php,2026-09-16,DIRECTORY_LISTED by TX Comptroller. Site not fetched; terms not reviewed.
TX,Calhoun,County Appraisal District,www.calhouncad.org,PROPERTY_IDENTITY|PARCEL_ID|ADDRESS|LEGAL_DESCRIPTION|PROPERTY_TYPE|ACREAGE|MARKET_VALUE|APPRAISED_VALUE|TAXABLE_VALUE|OWNERSHIP|PROPERTY_CHARACTERISTICS|GIS,UNREVIEWED,UNREVIEWED,UNREVIEWED,UNREVIEWED,UNREVIEWED,UNREVIEWED,UNREVIEWED,UNREVIEWED,UNREVIEWED,UNREVIEWED,UNREVIEWED,UNREVIEWED,LEGAL_REVIEW_REQUIRED,https://comptroller.texas.gov/taxes/property-tax/county-directory/calhoun.php,2026-09-16,DIRECTORY_LISTED by TX Comptroller. Site not fetched; terms not reviewed.
TX,Calhoun,County Tax Assessor-Collector,www.calhouncotx.org,ANNUAL_TAX|DELINQUENT_TAX|PAYMENT_STATUS|TAX_SALE,UNREVIEWED,UNREVIEWED,UNREVIEWED,UNREVIEWED,UNREVIEWED,UNREVIEWED,UNREVIEWED,UNREVIEWED,UNREVIEWED,UNREVIEWED,UNREVIEWED,UNREVIEWED,LEGAL_REVIEW_REQUIRED,https://comptroller.texas.gov/taxes/property-tax/county-directory/calhoun.php,2026-09-16,DIRECTORY_LISTED by TX Comptroller. Site not fetched; terms not reviewed.
TX,Callahan,County Appraisal District,www.callahancad.org,PROPERTY_IDENTITY|PARCEL_ID|ADDRESS|LEGAL_DESCRIPTION|PROPERTY_TYPE|ACREAGE|MARKET_VALUE|APPRAISED_VALUE|TAXABLE_VALUE|OWNERSHIP|PROPERTY_CHARACTERISTICS|GIS,UNREVIEWED,UNREVIEWED,UNREVIEWED,UNREVIEWED,UNREVIEWED,UNREVIEWED,UNREVIEWED,UNREVIEWED,UNREVIEWED,UNREVIEWED,UNREVIEWED,UNREVIEWED,LEGAL_REVIEW_REQUIRED,https://comptroller.texas.gov/taxes/property-tax/county-directory/callahan.php,2026-09-16,DIRECTORY_LISTED by TX Comptroller. Site not fetched; terms not reviewed.
TX,Callahan,County Tax Assessor-Collector,www.co.callahan.tx.us,ANNUAL_TAX|DELINQUENT_TAX|PAYMENT_STATUS|TAX_SALE,UNREVIEWED,UNREVIEWED,UNREVIEWED,UNREVIEWED,UNREVIEWED,UNREVIEWED,UNREVIEWED,UNREVIEWED,UNREVIEWED,UNREVIEWED,UNREVIEWED,UNREVIEWED,LEGAL_REVIEW_REQUIRED,https://comptroller.texas.gov/taxes/property-tax/county-directory/callahan.php,2026-09-16,DIRECTORY_LISTED by TX Comptroller. Site not fetched; terms not reviewed.
TX,Cameron,County Appraisal District,www.cameroncad.org,PROPERTY_IDENTITY|PARCEL_ID|ADDRESS|LEGAL_DESCRIPTION|PROPERTY_TYPE|ACREAGE|MARKET_VALUE|APPRAISED_VALUE|TAXABLE_VALUE|OWNERSHIP|PROPERTY_CHARACTERISTICS|GIS,UNREVIEWED,UNREVIEWED,UNREVIEWED,UNREVIEWED,UNREVIEWED,UNREVIEWED,UNREVIEWED,UNREVIEWED,UNREVIEWED,UNREVIEWED,UNREVIEWED,UNREVIEWED,LEGAL_REVIEW_REQUIRED,https://comptroller.texas.gov/taxes/property-tax/county-directory/cameron.php,2026-09-16,DIRECTORY_LISTED by TX Comptroller. Site not fetched; terms not reviewed.
TX,Cameron,County Tax Assessor-Collector,www.cameroncountytx.gov,ANNUAL_TAX|DELINQUENT_TAX|PAYMENT_STATUS|TAX_SALE,UNREVIEWED,UNREVIEWED,UNREVIEWED,UNREVIEWED,UNREVIEWED,UNREVIEWED,UNREVIEWED,UNREVIEWED,UNREVIEWED,UNREVIEWED,UNREVIEWED,UNREVIEWED,LEGAL_REVIEW_REQUIRED,https://comptroller.texas.gov/taxes/property-tax/county-directory/cameron.php,2026-09-16,DIRECTORY_LISTED by TX Comptroller. Site not fetched; terms not reviewed.
TX,Camp,County Appraisal District,www.campcad.org,PROPERTY_IDENTITY|PARCEL_ID|ADDRESS|LEGAL_DESCRIPTION|PROPERTY_TYPE|ACREAGE|MARKET_VALUE|APPRAISED_VALUE|TAXABLE_VALUE|OWNERSHIP|PROPERTY_CHARACTERISTICS|GIS,UNREVIEWED,UNREVIEWED,UNREVIEWED,UNREVIEWED,UNREVIEWED,UNREVIEWED,UNREVIEWED,UNREVIEWED,UNREVIEWED,UNREVIEWED,UNREVIEWED,UNREVIEWED,LEGAL_REVIEW_REQUIRED,https://comptroller.texas.gov/taxes/property-tax/county-directory/camp.php,2026-09-16,DIRECTORY_LISTED by TX Comptroller. Site not fetched; terms not reviewed.
TX,Camp,County Tax Assessor-Collector,www.co.camp.tx.us,ANNUAL_TAX|DELINQUENT_TAX|PAYMENT_STATUS|TAX_SALE,UNREVIEWED,UNREVIEWED,UNREVIEWED,UNREVIEWED,UNREVIEWED,UNREVIEWED,UNREVIEWED,UNREVIEWED,UNREVIEWED,UNREVIEWED,UNREVIEWED,UNREVIEWED,LEGAL_REVIEW_REQUIRED,https://comptroller.texas.gov/taxes/property-tax/county-directory/camp.php,2026-09-16,DIRECTORY_LISTED by TX Comptroller. Site not fetched; terms not reviewed.
TX,Carson,County Appraisal District,www.carsoncad.org,PROPERTY_IDENTITY|PARCEL_ID|ADDRESS|LEGAL_DESCRIPTION|PROPERTY_TYPE|ACREAGE|MARKET_VALUE|APPRAISED_VALUE|TAXABLE_VALUE|OWNERSHIP|PROPERTY_CHARACTERISTICS|GIS,UNREVIEWED,UNREVIEWED,UNREVIEWED,UNREVIEWED,UNREVIEWED,UNREVIEWED,UNREVIEWED,UNREVIEWED,UNREVIEWED,UNREVIEWED,UNREVIEWED,UNREVIEWED,LEGAL_REVIEW_REQUIRED,https://comptroller.texas.gov/taxes/property-tax/county-directory/carson.php,2026-09-16,DIRECTORY_LISTED by TX Comptroller. Site not fetched; terms not reviewed.
TX,Carson,County Tax Assessor-Collector,www.carsoncountytax.org,ANNUAL_TAX|DELINQUENT_TAX|PAYMENT_STATUS|TAX_SALE,UNREVIEWED,UNREVIEWED,UNREVIEWED,UNREVIEWED,UNREVIEWED,UNREVIEWED,UNREVIEWED,UNREVIEWED,UNREVIEWED,UNREVIEWED,UNREVIEWED,UNREVIEWED,LEGAL_REVIEW_REQUIRED,https://comptroller.texas.gov/taxes/property-tax/county-directory/carson.php,2026-09-16,DIRECTORY_LISTED by TX Comptroller. Site not fetched; terms not reviewed.
TX,Cass,County Appraisal District,www.casscad.org,PROPERTY_IDENTITY|PARCEL_ID|ADDRESS|LEGAL_DESCRIPTION|PROPERTY_TYPE|ACREAGE|MARKET_VALUE|APPRAISED_VALUE|TAXABLE_VALUE|OWNERSHIP|PROPERTY_CHARACTERISTICS|GIS,UNREVIEWED,UNREVIEWED,UNREVIEWED,UNREVIEWED,UNREVIEWED,UNREVIEWED,UNREVIEWED,UNREVIEWED,UNREVIEWED,UNREVIEWED,UNREVIEWED,UNREVIEWED,LEGAL_REVIEW_REQUIRED,https://comptroller.texas.gov/taxes/property-tax/county-directory/cass.php,2026-09-16,DIRECTORY_LISTED by TX Comptroller. Site not fetched; terms not reviewed.
TX,Cass,County Tax Assessor-Collector,www.co.cass.tx.us,ANNUAL_TAX|DELINQUENT_TAX|PAYMENT_STATUS|TAX_SALE,UNREVIEWED,UNREVIEWED,UNREVIEWED,UNREVIEWED,UNREVIEWED,UNREVIEWED,UNREVIEWED,UNREVIEWED,UNREVIEWED,UNREVIEWED,UNREVIEWED,UNREVIEWED,LEGAL_REVIEW_REQUIRED,https://comptroller.texas.gov/taxes/property-tax/county-directory/cass.php,2026-09-16,DIRECTORY_LISTED by TX Comptroller. Site not fetched; terms not reviewed.
TX,Castro,County Appraisal District,https://castrocad.org/,PROPERTY_IDENTITY|PARCEL_ID|ADDRESS|LEGAL_DESCRIPTION|PROPERTY_TYPE|ACREAGE|MARKET_VALUE|APPRAISED_VALUE|TAXABLE_VALUE|OWNERSHIP|PROPERTY_CHARACTERISTICS|GIS,UNREVIEWED,UNREVIEWED,UNREVIEWED,UNREVIEWED,UNREVIEWED,UNREVIEWED,UNREVIEWED,UNREVIEWED,UNREVIEWED,UNREVIEWED,UNREVIEWED,UNREVIEWED,LEGAL_REVIEW_REQUIRED,https://comptroller.texas.gov/taxes/property-tax/county-directory/castro.php,2026-09-16,DIRECTORY_LISTED by TX Comptroller. Site not fetched; terms not reviewed.
TX,Castro,County Tax Assessor-Collector,www.co.castro.tx.us,ANNUAL_TAX|DELINQUENT_TAX|PAYMENT_STATUS|TAX_SALE,UNREVIEWED,UNREVIEWED,UNREVIEWED,UNREVIEWED,UNREVIEWED,UNREVIEWED,UNREVIEWED,UNREVIEWED,UNREVIEWED,UNREVIEWED,UNREVIEWED,UNREVIEWED,LEGAL_REVIEW_REQUIRED,https://comptroller.texas.gov/taxes/property-tax/county-directory/castro.php,2026-09-16,DIRECTORY_LISTED by TX Comptroller. Site not fetched; terms not reviewed.
TX,Chambers,County Appraisal District,www.chamberscad.org,PROPERTY_IDENTITY|PARCEL_ID|ADDRESS|LEGAL_DESCRIPTION|PROPERTY_TYPE|ACREAGE|MARKET_VALUE|APPRAISED_VALUE|TAXABLE_VALUE|OWNERSHIP|PROPERTY_CHARACTERISTICS|GIS,UNREVIEWED,UNREVIEWED,UNREVIEWED,UNREVIEWED,UNREVIEWED,UNREVIEWED,UNREVIEWED,UNREVIEWED,UNREVIEWED,UNREVIEWED,UNREVIEWED,UNREVIEWED,LEGAL_REVIEW_REQUIRED,https://comptroller.texas.gov/taxes/property-tax/county-directory/chambers.php,2026-09-16,DIRECTORY_LISTED by TX Comptroller. Site not fetched; terms not reviewed.
TX,Chambers,County Tax Assessor-Collector,www.chamberscountytx.gov,ANNUAL_TAX|DELINQUENT_TAX|PAYMENT_STATUS|TAX_SALE,UNREVIEWED,UNREVIEWED,UNREVIEWED,UNREVIEWED,UNREVIEWED,UNREVIEWED,UNREVIEWED,UNREVIEWED,UNREVIEWED,UNREVIEWED,UNREVIEWED,UNREVIEWED,LEGAL_REVIEW_REQUIRED,https://comptroller.texas.gov/taxes/property-tax/county-directory/chambers.php,2026-09-16,DIRECTORY_LISTED by TX Comptroller. Site not fetched; terms not reviewed.
TX,Cherokee,County Appraisal District,www.cherokeecad.com,PROPERTY_IDENTITY|PARCEL_ID|ADDRESS|LEGAL_DESCRIPTION|PROPERTY_TYPE|ACREAGE|MARKET_VALUE|APPRAISED_VALUE|TAXABLE_VALUE|OWNERSHIP|PROPERTY_CHARACTERISTICS|GIS,UNREVIEWED,UNREVIEWED,UNREVIEWED,UNREVIEWED,UNREVIEWED,UNREVIEWED,UNREVIEWED,UNREVIEWED,UNREVIEWED,UNREVIEWED,UNREVIEWED,UNREVIEWED,LEGAL_REVIEW_REQUIRED,https://comptroller.texas.gov/taxes/property-tax/county-directory/cherokee.php,2026-09-16,DIRECTORY_LISTED by TX Comptroller. Site not fetched; terms not reviewed.
TX,Cherokee,County Tax Assessor-Collector,www.co.cherokee.tx.us,ANNUAL_TAX|DELINQUENT_TAX|PAYMENT_STATUS|TAX_SALE,UNREVIEWED,UNREVIEWED,UNREVIEWED,UNREVIEWED,UNREVIEWED,UNREVIEWED,UNREVIEWED,UNREVIEWED,UNREVIEWED,UNREVIEWED,UNREVIEWED,UNREVIEWED,LEGAL_REVIEW_REQUIRED,https://comptroller.texas.gov/taxes/property-tax/county-directory/cherokee.php,2026-09-16,DIRECTORY_LISTED by TX Comptroller. Site not fetched; terms not reviewed.
TX,Childress,County Appraisal District,www.childresscad.org,PROPERTY_IDENTITY|PARCEL_ID|ADDRESS|LEGAL_DESCRIPTION|PROPERTY_TYPE|ACREAGE|MARKET_VALUE|APPRAISED_VALUE|TAXABLE_VALUE|OWNERSHIP|PROPERTY_CHARACTERISTICS|GIS,UNREVIEWED,UNREVIEWED,UNREVIEWED,UNREVIEWED,UNREVIEWED,UNREVIEWED,UNREVIEWED,UNREVIEWED,UNREVIEWED,UNREVIEWED,UNREVIEWED,UNREVIEWED,LEGAL_REVIEW_REQUIRED,https://comptroller.texas.gov/taxes/property-tax/county-directory/childress.php,2026-09-16,DIRECTORY_LISTED by TX Comptroller. Site not fetched; terms not reviewed.
TX,Childress,County Tax Assessor-Collector,www.childresstx.us,ANNUAL_TAX|DELINQUENT_TAX|PAYMENT_STATUS|TAX_SALE,UNREVIEWED,UNREVIEWED,UNREVIEWED,UNREVIEWED,UNREVIEWED,UNREVIEWED,UNREVIEWED,UNREVIEWED,UNREVIEWED,UNREVIEWED,UNREVIEWED,UNREVIEWED,LEGAL_REVIEW_REQUIRED,https://comptroller.texas.gov/taxes/property-tax/county-directory/childress.php,2026-09-16,DIRECTORY_LISTED by TX Comptroller. Site not fetched; terms not reviewed.
TX,Clay,County Appraisal District,www.claycad.org,PROPERTY_IDENTITY|PARCEL_ID|ADDRESS|LEGAL_DESCRIPTION|PROPERTY_TYPE|ACREAGE|MARKET_VALUE|APPRAISED_VALUE|TAXABLE_VALUE|OWNERSHIP|PROPERTY_CHARACTERISTICS|GIS,UNREVIEWED,UNREVIEWED,UNREVIEWED,UNREVIEWED,UNREVIEWED,UNREVIEWED,UNREVIEWED,UNREVIEWED,UNREVIEWED,UNREVIEWED,UNREVIEWED,UNREVIEWED,LEGAL_REVIEW_REQUIRED,https://comptroller.texas.gov/taxes/property-tax/county-directory/clay.php,2026-09-16,DIRECTORY_LISTED by TX Comptroller. Site not fetched; terms not reviewed.
TX,Clay,County Tax Assessor-Collector,www.claycountytx.net,ANNUAL_TAX|DELINQUENT_TAX|PAYMENT_STATUS|TAX_SALE,UNREVIEWED,UNREVIEWED,UNREVIEWED,UNREVIEWED,UNREVIEWED,UNREVIEWED,UNREVIEWED,UNREVIEWED,UNREVIEWED,UNREVIEWED,UNREVIEWED,UNREVIEWED,LEGAL_REVIEW_REQUIRED,https://comptroller.texas.gov/taxes/property-tax/county-directory/clay.php,2026-09-16,DIRECTORY_LISTED by TX Comptroller. Site not fetched; terms not reviewed.
TX,Cochran,County Appraisal District,www.cochrancad.com,PROPERTY_IDENTITY|PARCEL_ID|ADDRESS|LEGAL_DESCRIPTION|PROPERTY_TYPE|ACREAGE|MARKET_VALUE|APPRAISED_VALUE|TAXABLE_VALUE|OWNERSHIP|PROPERTY_CHARACTERISTICS|GIS,UNREVIEWED,UNREVIEWED,UNREVIEWED,UNREVIEWED,UNREVIEWED,UNREVIEWED,UNREVIEWED,UNREVIEWED,UNREVIEWED,UNREVIEWED,UNREVIEWED,UNREVIEWED,LEGAL_REVIEW_REQUIRED,https://comptroller.texas.gov/taxes/property-tax/county-directory/cochran.php,2026-09-16,DIRECTORY_LISTED by TX Comptroller. Site not fetched; terms not reviewed.
TX,Cochran,County Tax Assessor-Collector,www.co.cochran.tx.us,ANNUAL_TAX|DELINQUENT_TAX|PAYMENT_STATUS|TAX_SALE,UNREVIEWED,UNREVIEWED,UNREVIEWED,UNREVIEWED,UNREVIEWED,UNREVIEWED,UNREVIEWED,UNREVIEWED,UNREVIEWED,UNREVIEWED,UNREVIEWED,UNREVIEWED,LEGAL_REVIEW_REQUIRED,https://comptroller.texas.gov/taxes/property-tax/county-directory/cochran.php,2026-09-16,DIRECTORY_LISTED by TX Comptroller. Site not fetched; terms not reviewed.
TX,Coke,County Appraisal District,www.cokecad.org,PROPERTY_IDENTITY|PARCEL_ID|ADDRESS|LEGAL_DESCRIPTION|PROPERTY_TYPE|ACREAGE|MARKET_VALUE|APPRAISED_VALUE|TAXABLE_VALUE|OWNERSHIP|PROPERTY_CHARACTERISTICS|GIS,UNREVIEWED,UNREVIEWED,UNREVIEWED,UNREVIEWED,UNREVIEWED,UNREVIEWED,UNREVIEWED,UNREVIEWED,UNREVIEWED,UNREVIEWED,UNREVIEWED,UNREVIEWED,LEGAL_REVIEW_REQUIRED,https://comptroller.texas.gov/taxes/property-tax/county-directory/coke.php,2026-09-16,DIRECTORY_LISTED by TX Comptroller. Site not fetched; terms not reviewed.
TX,Coke,County Tax Assessor-Collector,www.co.coke.tx.us,ANNUAL_TAX|DELINQUENT_TAX|PAYMENT_STATUS|TAX_SALE,UNREVIEWED,UNREVIEWED,UNREVIEWED,UNREVIEWED,UNREVIEWED,UNREVIEWED,UNREVIEWED,UNREVIEWED,UNREVIEWED,UNREVIEWED,UNREVIEWED,UNREVIEWED,LEGAL_REVIEW_REQUIRED,https://comptroller.texas.gov/taxes/property-tax/county-directory/coke.php,2026-09-16,DIRECTORY_LISTED by TX Comptroller. Site not fetched; terms not reviewed.
TX,Coleman,County Appraisal District,www.colemancad.net,PROPERTY_IDENTITY|PARCEL_ID|ADDRESS|LEGAL_DESCRIPTION|PROPERTY_TYPE|ACREAGE|MARKET_VALUE|APPRAISED_VALUE|TAXABLE_VALUE|OWNERSHIP|PROPERTY_CHARACTERISTICS|GIS,UNREVIEWED,UNREVIEWED,UNREVIEWED,UNREVIEWED,UNREVIEWED,UNREVIEWED,UNREVIEWED,UNREVIEWED,UNREVIEWED,UNREVIEWED,UNREVIEWED,UNREVIEWED,LEGAL_REVIEW_REQUIRED,https://comptroller.texas.gov/taxes/property-tax/county-directory/coleman.php,2026-09-16,DIRECTORY_LISTED by TX Comptroller. Site not fetched; terms not reviewed.
TX,Coleman,County Tax Assessor-Collector,www.co.coleman.tx.us,ANNUAL_TAX|DELINQUENT_TAX|PAYMENT_STATUS|TAX_SALE,UNREVIEWED,UNREVIEWED,UNREVIEWED,UNREVIEWED,UNREVIEWED,UNREVIEWED,UNREVIEWED,UNREVIEWED,UNREVIEWED,UNREVIEWED,UNREVIEWED,UNREVIEWED,LEGAL_REVIEW_REQUIRED,https://comptroller.texas.gov/taxes/property-tax/county-directory/coleman.php,2026-09-16,DIRECTORY_LISTED by TX Comptroller. Site not fetched; terms not reviewed.
TX,Collin,County Appraisal District,www.collincad.org,PROPERTY_IDENTITY|PARCEL_ID|ADDRESS|LEGAL_DESCRIPTION|PROPERTY_TYPE|ACREAGE|MARKET_VALUE|APPRAISED_VALUE|TAXABLE_VALUE|OWNERSHIP|PROPERTY_CHARACTERISTICS|GIS,UNREVIEWED,UNREVIEWED,UNREVIEWED,UNREVIEWED,UNREVIEWED,UNREVIEWED,UNREVIEWED,UNREVIEWED,UNREVIEWED,UNREVIEWED,UNREVIEWED,UNREVIEWED,LEGAL_REVIEW_REQUIRED,https://comptroller.texas.gov/taxes/property-tax/county-directory/collin.php,2026-09-16,DIRECTORY_LISTED by TX Comptroller. Site not fetched; terms not reviewed.
TX,Collin,County Tax Assessor-Collector,www.collincountytx.gov,ANNUAL_TAX|DELINQUENT_TAX|PAYMENT_STATUS|TAX_SALE,UNREVIEWED,UNREVIEWED,UNREVIEWED,UNREVIEWED,UNREVIEWED,UNREVIEWED,UNREVIEWED,UNREVIEWED,UNREVIEWED,UNREVIEWED,UNREVIEWED,UNREVIEWED,LEGAL_REVIEW_REQUIRED,https://comptroller.texas.gov/taxes/property-tax/county-directory/collin.php,2026-09-16,DIRECTORY_LISTED by TX Comptroller. Site not fetched; terms not reviewed.
TX,Collingsworth,County Appraisal District,www.collingsworthcad.org,PROPERTY_IDENTITY|PARCEL_ID|ADDRESS|LEGAL_DESCRIPTION|PROPERTY_TYPE|ACREAGE|MARKET_VALUE|APPRAISED_VALUE|TAXABLE_VALUE|OWNERSHIP|PROPERTY_CHARACTERISTICS|GIS,UNREVIEWED,UNREVIEWED,UNREVIEWED,UNREVIEWED,UNREVIEWED,UNREVIEWED,UNREVIEWED,UNREVIEWED,UNREVIEWED,UNREVIEWED,UNREVIEWED,UNREVIEWED,LEGAL_REVIEW_REQUIRED,https://comptroller.texas.gov/taxes/property-tax/county-directory/collingsworth.php,2026-09-16,DIRECTORY_LISTED by TX Comptroller. Site not fetched; terms not reviewed.
TX,Collingsworth,County Tax Assessor-Collector,www.co.collingsworth.tx.us,ANNUAL_TAX|DELINQUENT_TAX|PAYMENT_STATUS|TAX_SALE,UNREVIEWED,UNREVIEWED,UNREVIEWED,UNREVIEWED,UNREVIEWED,UNREVIEWED,UNREVIEWED,UNREVIEWED,UNREVIEWED,UNREVIEWED,UNREVIEWED,UNREVIEWED,LEGAL_REVIEW_REQUIRED,https://comptroller.texas.gov/taxes/property-tax/county-directory/collingsworth.php,2026-09-16,DIRECTORY_LISTED by TX Comptroller. Site not fetched; terms not reviewed.
TX,Colorado,County Appraisal District,www.coloradocad.org,PROPERTY_IDENTITY|PARCEL_ID|ADDRESS|LEGAL_DESCRIPTION|PROPERTY_TYPE|ACREAGE|MARKET_VALUE|APPRAISED_VALUE|TAXABLE_VALUE|OWNERSHIP|PROPERTY_CHARACTERISTICS|GIS,UNREVIEWED,UNREVIEWED,UNREVIEWED,UNREVIEWED,UNREVIEWED,UNREVIEWED,UNREVIEWED,UNREVIEWED,UNREVIEWED,UNREVIEWED,UNREVIEWED,UNREVIEWED,LEGAL_REVIEW_REQUIRED,https://comptroller.texas.gov/taxes/property-tax/county-directory/colorado.php,2026-09-16,DIRECTORY_LISTED by TX Comptroller. Site not fetched; terms not reviewed.
TX,Colorado,County Tax Assessor-Collector,www.co.colorado.tx.us,ANNUAL_TAX|DELINQUENT_TAX|PAYMENT_STATUS|TAX_SALE,UNREVIEWED,UNREVIEWED,UNREVIEWED,UNREVIEWED,UNREVIEWED,UNREVIEWED,UNREVIEWED,UNREVIEWED,UNREVIEWED,UNREVIEWED,UNREVIEWED,UNREVIEWED,LEGAL_REVIEW_REQUIRED,https://comptroller.texas.gov/taxes/property-tax/county-directory/colorado.php,2026-09-16,DIRECTORY_LISTED by TX Comptroller. Site not fetched; terms not reviewed.
TX,Comal,County Appraisal District,www.comalad.org,PROPERTY_IDENTITY|PARCEL_ID|ADDRESS|LEGAL_DESCRIPTION|PROPERTY_TYPE|ACREAGE|MARKET_VALUE|APPRAISED_VALUE|TAXABLE_VALUE|OWNERSHIP|PROPERTY_CHARACTERISTICS|GIS,UNREVIEWED,UNREVIEWED,UNREVIEWED,UNREVIEWED,UNREVIEWED,UNREVIEWED,UNREVIEWED,UNREVIEWED,UNREVIEWED,UNREVIEWED,UNREVIEWED,UNREVIEWED,LEGAL_REVIEW_REQUIRED,https://comptroller.texas.gov/taxes/property-tax/county-directory/comal.php,2026-09-16,DIRECTORY_LISTED by TX Comptroller. Site not fetched; terms not reviewed.
TX,Comal,County Tax Assessor-Collector,www.co.comal.tx.us,ANNUAL_TAX|DELINQUENT_TAX|PAYMENT_STATUS|TAX_SALE,UNREVIEWED,UNREVIEWED,UNREVIEWED,UNREVIEWED,UNREVIEWED,UNREVIEWED,UNREVIEWED,UNREVIEWED,UNREVIEWED,UNREVIEWED,UNREVIEWED,UNREVIEWED,LEGAL_REVIEW_REQUIRED,https://comptroller.texas.gov/taxes/property-tax/county-directory/comal.php,2026-09-16,DIRECTORY_LISTED by TX Comptroller. Site not fetched; terms not reviewed.
TX,Comanche,County Appraisal District,www.comanchecad.org,PROPERTY_IDENTITY|PARCEL_ID|ADDRESS|LEGAL_DESCRIPTION|PROPERTY_TYPE|ACREAGE|MARKET_VALUE|APPRAISED_VALUE|TAXABLE_VALUE|OWNERSHIP|PROPERTY_CHARACTERISTICS|GIS,UNREVIEWED,UNREVIEWED,UNREVIEWED,UNREVIEWED,UNREVIEWED,UNREVIEWED,UNREVIEWED,UNREVIEWED,UNREVIEWED,UNREVIEWED,UNREVIEWED,UNREVIEWED,LEGAL_REVIEW_REQUIRED,https://comptroller.texas.gov/taxes/property-tax/county-directory/comanche.php,2026-09-16,DIRECTORY_LISTED by TX Comptroller. Site not fetched; terms not reviewed.
TX,Comanche,County Tax Assessor-Collector,www.co.comanche.tx.us,ANNUAL_TAX|DELINQUENT_TAX|PAYMENT_STATUS|TAX_SALE,UNREVIEWED,UNREVIEWED,UNREVIEWED,UNREVIEWED,UNREVIEWED,UNREVIEWED,UNREVIEWED,UNREVIEWED,UNREVIEWED,UNREVIEWED,UNREVIEWED,UNREVIEWED,LEGAL_REVIEW_REQUIRED,https://comptroller.texas.gov/taxes/property-tax/county-directory/comanche.php,2026-09-16,DIRECTORY_LISTED by TX Comptroller. Site not fetched; terms not reviewed.
TX,Concho,County Appraisal District,www.conchocad.org,PROPERTY_IDENTITY|PARCEL_ID|ADDRESS|LEGAL_DESCRIPTION|PROPERTY_TYPE|ACREAGE|MARKET_VALUE|APPRAISED_VALUE|TAXABLE_VALUE|OWNERSHIP|PROPERTY_CHARACTERISTICS|GIS,UNREVIEWED,UNREVIEWED,UNREVIEWED,UNREVIEWED,UNREVIEWED,UNREVIEWED,UNREVIEWED,UNREVIEWED,UNREVIEWED,UNREVIEWED,UNREVIEWED,UNREVIEWED,LEGAL_REVIEW_REQUIRED,https://comptroller.texas.gov/taxes/property-tax/county-directory/concho.php,2026-09-16,DIRECTORY_LISTED by TX Comptroller. Site not fetched; terms not reviewed.
TX,Concho,County Tax Assessor-Collector,www.co.concho.tx.us,ANNUAL_TAX|DELINQUENT_TAX|PAYMENT_STATUS|TAX_SALE,UNREVIEWED,UNREVIEWED,UNREVIEWED,UNREVIEWED,UNREVIEWED,UNREVIEWED,UNREVIEWED,UNREVIEWED,UNREVIEWED,UNREVIEWED,UNREVIEWED,UNREVIEWED,LEGAL_REVIEW_REQUIRED,https://comptroller.texas.gov/taxes/property-tax/county-directory/concho.php,2026-09-16,DIRECTORY_LISTED by TX Comptroller. Site not fetched; terms not reviewed.
TX,Cooke,County Appraisal District,www.cookecad.org,PROPERTY_IDENTITY|PARCEL_ID|ADDRESS|LEGAL_DESCRIPTION|PROPERTY_TYPE|ACREAGE|MARKET_VALUE|APPRAISED_VALUE|TAXABLE_VALUE|OWNERSHIP|PROPERTY_CHARACTERISTICS|GIS,UNREVIEWED,UNREVIEWED,UNREVIEWED,UNREVIEWED,UNREVIEWED,UNREVIEWED,UNREVIEWED,UNREVIEWED,UNREVIEWED,UNREVIEWED,UNREVIEWED,UNREVIEWED,LEGAL_REVIEW_REQUIRED,https://comptroller.texas.gov/taxes/property-tax/county-directory/cooke.php,2026-09-16,DIRECTORY_LISTED by TX Comptroller. Site not fetched; terms not reviewed.
TX,Cooke,County Tax Assessor-Collector,www.co.cooke.tx.us,ANNUAL_TAX|DELINQUENT_TAX|PAYMENT_STATUS|TAX_SALE,UNREVIEWED,UNREVIEWED,UNREVIEWED,UNREVIEWED,UNREVIEWED,UNREVIEWED,UNREVIEWED,UNREVIEWED,UNREVIEWED,UNREVIEWED,UNREVIEWED,UNREVIEWED,LEGAL_REVIEW_REQUIRED,https://comptroller.texas.gov/taxes/property-tax/county-directory/cooke.php,2026-09-16,DIRECTORY_LISTED by TX Comptroller. Site not fetched; terms not reviewed.
TX,Coryell,County Appraisal District,www.coryellcad.org,PROPERTY_IDENTITY|PARCEL_ID|ADDRESS|LEGAL_DESCRIPTION|PROPERTY_TYPE|ACREAGE|MARKET_VALUE|APPRAISED_VALUE|TAXABLE_VALUE|OWNERSHIP|PROPERTY_CHARACTERISTICS|GIS,UNREVIEWED,UNREVIEWED,UNREVIEWED,UNREVIEWED,UNREVIEWED,UNREVIEWED,UNREVIEWED,UNREVIEWED,UNREVIEWED,UNREVIEWED,UNREVIEWED,UNREVIEWED,LEGAL_REVIEW_REQUIRED,https://comptroller.texas.gov/taxes/property-tax/county-directory/coryell.php,2026-09-16,DIRECTORY_LISTED by TX Comptroller. Site not fetched; terms not reviewed.
TX,Coryell,County Tax Assessor-Collector,www.coryellcountytax.com,ANNUAL_TAX|DELINQUENT_TAX|PAYMENT_STATUS|TAX_SALE,UNREVIEWED,UNREVIEWED,UNREVIEWED,UNREVIEWED,UNREVIEWED,UNREVIEWED,UNREVIEWED,UNREVIEWED,UNREVIEWED,UNREVIEWED,UNREVIEWED,UNREVIEWED,LEGAL_REVIEW_REQUIRED,https://comptroller.texas.gov/taxes/property-tax/county-directory/coryell.php,2026-09-16,DIRECTORY_LISTED by TX Comptroller. Site not fetched; terms not reviewed.
TX,Cottle,County Appraisal District,www.cottlecad.org,PROPERTY_IDENTITY|PARCEL_ID|ADDRESS|LEGAL_DESCRIPTION|PROPERTY_TYPE|ACREAGE|MARKET_VALUE|APPRAISED_VALUE|TAXABLE_VALUE|OWNERSHIP|PROPERTY_CHARACTERISTICS|GIS,UNREVIEWED,UNREVIEWED,UNREVIEWED,UNREVIEWED,UNREVIEWED,UNREVIEWED,UNREVIEWED,UNREVIEWED,UNREVIEWED,UNREVIEWED,UNREVIEWED,UNREVIEWED,LEGAL_REVIEW_REQUIRED,https://comptroller.texas.gov/taxes/property-tax/county-directory/cottle.php,2026-09-16,DIRECTORY_LISTED by TX Comptroller. Site not fetched; terms not reviewed.
TX,Cottle,County Tax Assessor-Collector,www.co.cottle.tx.us,ANNUAL_TAX|DELINQUENT_TAX|PAYMENT_STATUS|TAX_SALE,UNREVIEWED,UNREVIEWED,UNREVIEWED,UNREVIEWED,UNREVIEWED,UNREVIEWED,UNREVIEWED,UNREVIEWED,UNREVIEWED,UNREVIEWED,UNREVIEWED,UNREVIEWED,LEGAL_REVIEW_REQUIRED,https://comptroller.texas.gov/taxes/property-tax/county-directory/cottle.php,2026-09-16,DIRECTORY_LISTED by TX Comptroller. Site not fetched; terms not reviewed.
TX,Crane,County Appraisal District,www.cranecad.org,PROPERTY_IDENTITY|PARCEL_ID|ADDRESS|LEGAL_DESCRIPTION|PROPERTY_TYPE|ACREAGE|MARKET_VALUE|APPRAISED_VALUE|TAXABLE_VALUE|OWNERSHIP|PROPERTY_CHARACTERISTICS|GIS,UNREVIEWED,UNREVIEWED,UNREVIEWED,UNREVIEWED,UNREVIEWED,UNREVIEWED,UNREVIEWED,UNREVIEWED,UNREVIEWED,UNREVIEWED,UNREVIEWED,UNREVIEWED,LEGAL_REVIEW_REQUIRED,https://comptroller.texas.gov/taxes/property-tax/county-directory/crane.php,2026-09-16,DIRECTORY_LISTED by TX Comptroller. Site not fetched; terms not reviewed.
TX,Crane,County Tax Assessor-Collector,www.co.crane.tx.us,ANNUAL_TAX|DELINQUENT_TAX|PAYMENT_STATUS|TAX_SALE,UNREVIEWED,UNREVIEWED,UNREVIEWED,UNREVIEWED,UNREVIEWED,UNREVIEWED,UNREVIEWED,UNREVIEWED,UNREVIEWED,UNREVIEWED,UNREVIEWED,UNREVIEWED,LEGAL_REVIEW_REQUIRED,https://comptroller.texas.gov/taxes/property-tax/county-directory/crane.php,2026-09-16,DIRECTORY_LISTED by TX Comptroller. Site not fetched; terms not reviewed.
TX,Crockett,County Tax Assessor-Collector,www.co.crockett.tx.us,ANNUAL_TAX|DELINQUENT_TAX|PAYMENT_STATUS|TAX_SALE,UNREVIEWED,UNREVIEWED,UNREVIEWED,UNREVIEWED,UNREVIEWED,UNREVIEWED,UNREVIEWED,UNREVIEWED,UNREVIEWED,UNREVIEWED,UNREVIEWED,UNREVIEWED,LEGAL_REVIEW_REQUIRED,https://comptroller.texas.gov/taxes/property-tax/county-directory/crockett.php,2026-09-16,DIRECTORY_LISTED by TX Comptroller. Site not fetched; terms not reviewed.
TX,Crosby,County Appraisal District,www.crosbycentral.org,PROPERTY_IDENTITY|PARCEL_ID|ADDRESS|LEGAL_DESCRIPTION|PROPERTY_TYPE|ACREAGE|MARKET_VALUE|APPRAISED_VALUE|TAXABLE_VALUE|OWNERSHIP|PROPERTY_CHARACTERISTICS|GIS,UNREVIEWED,UNREVIEWED,UNREVIEWED,UNREVIEWED,UNREVIEWED,UNREVIEWED,UNREVIEWED,UNREVIEWED,UNREVIEWED,UNREVIEWED,UNREVIEWED,UNREVIEWED,LEGAL_REVIEW_REQUIRED,https://comptroller.texas.gov/taxes/property-tax/county-directory/crosby.php,2026-09-16,DIRECTORY_LISTED by TX Comptroller. Site not fetched; terms not reviewed.
TX,Crosby,County Tax Assessor-Collector,www.co.crosby.tx.us,ANNUAL_TAX|DELINQUENT_TAX|PAYMENT_STATUS|TAX_SALE,UNREVIEWED,UNREVIEWED,UNREVIEWED,UNREVIEWED,UNREVIEWED,UNREVIEWED,UNREVIEWED,UNREVIEWED,UNREVIEWED,UNREVIEWED,UNREVIEWED,UNREVIEWED,LEGAL_REVIEW_REQUIRED,https://comptroller.texas.gov/taxes/property-tax/county-directory/crosby.php,2026-09-16,DIRECTORY_LISTED by TX Comptroller. Site not fetched; terms not reviewed.
TX,Culberson,County Appraisal District,www.culbersoncad.org,PROPERTY_IDENTITY|PARCEL_ID|ADDRESS|LEGAL_DESCRIPTION|PROPERTY_TYPE|ACREAGE|MARKET_VALUE|APPRAISED_VALUE|TAXABLE_VALUE|OWNERSHIP|PROPERTY_CHARACTERISTICS|GIS,UNREVIEWED,UNREVIEWED,UNREVIEWED,UNREVIEWED,UNREVIEWED,UNREVIEWED,UNREVIEWED,UNREVIEWED,UNREVIEWED,UNREVIEWED,UNREVIEWED,UNREVIEWED,LEGAL_REVIEW_REQUIRED,https://comptroller.texas.gov/taxes/property-tax/county-directory/culberson.php,2026-09-16,DIRECTORY_LISTED by TX Comptroller. Site not fetched; terms not reviewed.
TX,Culberson,County Tax Assessor-Collector,www.co.culberson.tx.us,ANNUAL_TAX|DELINQUENT_TAX|PAYMENT_STATUS|TAX_SALE,UNREVIEWED,UNREVIEWED,UNREVIEWED,UNREVIEWED,UNREVIEWED,UNREVIEWED,UNREVIEWED,UNREVIEWED,UNREVIEWED,UNREVIEWED,UNREVIEWED,UNREVIEWED,LEGAL_REVIEW_REQUIRED,https://comptroller.texas.gov/taxes/property-tax/county-directory/culberson.php,2026-09-16,DIRECTORY_LISTED by TX Comptroller. Site not fetched; terms not reviewed.
TX,Dallam,County Appraisal District,www.dallamcad.org,PROPERTY_IDENTITY|PARCEL_ID|ADDRESS|LEGAL_DESCRIPTION|PROPERTY_TYPE|ACREAGE|MARKET_VALUE|APPRAISED_VALUE|TAXABLE_VALUE|OWNERSHIP|PROPERTY_CHARACTERISTICS|GIS,UNREVIEWED,UNREVIEWED,UNREVIEWED,UNREVIEWED,UNREVIEWED,UNREVIEWED,UNREVIEWED,UNREVIEWED,UNREVIEWED,UNREVIEWED,UNREVIEWED,UNREVIEWED,LEGAL_REVIEW_REQUIRED,https://comptroller.texas.gov/taxes/property-tax/county-directory/dallam.php,2026-09-16,DIRECTORY_LISTED by TX Comptroller. Site not fetched; terms not reviewed.
TX,Dallam,County Tax Assessor-Collector,www.dallam.org,ANNUAL_TAX|DELINQUENT_TAX|PAYMENT_STATUS|TAX_SALE,UNREVIEWED,UNREVIEWED,UNREVIEWED,UNREVIEWED,UNREVIEWED,UNREVIEWED,UNREVIEWED,UNREVIEWED,UNREVIEWED,UNREVIEWED,UNREVIEWED,UNREVIEWED,LEGAL_REVIEW_REQUIRED,https://comptroller.texas.gov/taxes/property-tax/county-directory/dallam.php,2026-09-16,DIRECTORY_LISTED by TX Comptroller. Site not fetched; terms not reviewed.
TX,Dallas,County Appraisal District,www.dallascad.org,PROPERTY_IDENTITY|PARCEL_ID|ADDRESS|LEGAL_DESCRIPTION|PROPERTY_TYPE|ACREAGE|MARKET_VALUE|APPRAISED_VALUE|TAXABLE_VALUE|OWNERSHIP|PROPERTY_CHARACTERISTICS|GIS,UNREVIEWED,UNREVIEWED,UNREVIEWED,UNREVIEWED,UNREVIEWED,UNREVIEWED,UNREVIEWED,UNREVIEWED,UNREVIEWED,UNREVIEWED,UNREVIEWED,UNREVIEWED,LEGAL_REVIEW_REQUIRED,https://comptroller.texas.gov/taxes/property-tax/county-directory/dallas.php,2026-09-16,DIRECTORY_LISTED by TX Comptroller. Site not fetched; terms not reviewed.
TX,Dallas,County Tax Assessor-Collector,www.dallascounty.org/tax,ANNUAL_TAX|DELINQUENT_TAX|PAYMENT_STATUS|TAX_SALE,UNREVIEWED,UNREVIEWED,UNREVIEWED,UNREVIEWED,UNREVIEWED,UNREVIEWED,UNREVIEWED,UNREVIEWED,UNREVIEWED,UNREVIEWED,UNREVIEWED,UNREVIEWED,LEGAL_REVIEW_REQUIRED,https://comptroller.texas.gov/taxes/property-tax/county-directory/dallas.php,2026-09-16,DIRECTORY_LISTED by TX Comptroller. Site not fetched; terms not reviewed.
TX,Dawson,County Appraisal District,www.dawsoncad.org,PROPERTY_IDENTITY|PARCEL_ID|ADDRESS|LEGAL_DESCRIPTION|PROPERTY_TYPE|ACREAGE|MARKET_VALUE|APPRAISED_VALUE|TAXABLE_VALUE|OWNERSHIP|PROPERTY_CHARACTERISTICS|GIS,UNREVIEWED,UNREVIEWED,UNREVIEWED,UNREVIEWED,UNREVIEWED,UNREVIEWED,UNREVIEWED,UNREVIEWED,UNREVIEWED,UNREVIEWED,UNREVIEWED,UNREVIEWED,LEGAL_REVIEW_REQUIRED,https://comptroller.texas.gov/taxes/property-tax/county-directory/dawson.php,2026-09-16,DIRECTORY_LISTED by TX Comptroller. Site not fetched; terms not reviewed.
TX,Dawson,County Tax Assessor-Collector,www.co.dawson.tx.us,ANNUAL_TAX|DELINQUENT_TAX|PAYMENT_STATUS|TAX_SALE,UNREVIEWED,UNREVIEWED,UNREVIEWED,UNREVIEWED,UNREVIEWED,UNREVIEWED,UNREVIEWED,UNREVIEWED,UNREVIEWED,UNREVIEWED,UNREVIEWED,UNREVIEWED,LEGAL_REVIEW_REQUIRED,https://comptroller.texas.gov/taxes/property-tax/county-directory/dawson.php,2026-09-16,DIRECTORY_LISTED by TX Comptroller. Site not fetched; terms not reviewed.
TX,Deaf Smith,County Appraisal District,www.deafsmithcad.org,PROPERTY_IDENTITY|PARCEL_ID|ADDRESS|LEGAL_DESCRIPTION|PROPERTY_TYPE|ACREAGE|MARKET_VALUE|APPRAISED_VALUE|TAXABLE_VALUE|OWNERSHIP|PROPERTY_CHARACTERISTICS|GIS,UNREVIEWED,UNREVIEWED,UNREVIEWED,UNREVIEWED,UNREVIEWED,UNREVIEWED,UNREVIEWED,UNREVIEWED,UNREVIEWED,UNREVIEWED,UNREVIEWED,UNREVIEWED,LEGAL_REVIEW_REQUIRED,https://comptroller.texas.gov/taxes/property-tax/county-directory/deafsmith.php,2026-09-16,DIRECTORY_LISTED by TX Comptroller. Site not fetched; terms not reviewed.
TX,Deaf Smith,County Tax Assessor-Collector,www.co.deaf-smith.tx.us,ANNUAL_TAX|DELINQUENT_TAX|PAYMENT_STATUS|TAX_SALE,UNREVIEWED,UNREVIEWED,UNREVIEWED,UNREVIEWED,UNREVIEWED,UNREVIEWED,UNREVIEWED,UNREVIEWED,UNREVIEWED,UNREVIEWED,UNREVIEWED,UNREVIEWED,LEGAL_REVIEW_REQUIRED,https://comptroller.texas.gov/taxes/property-tax/county-directory/deafsmith.php,2026-09-16,DIRECTORY_LISTED by TX Comptroller. Site not fetched; terms not reviewed.
TX,Delta,County Appraisal District,www.delta-cad.org,PROPERTY_IDENTITY|PARCEL_ID|ADDRESS|LEGAL_DESCRIPTION|PROPERTY_TYPE|ACREAGE|MARKET_VALUE|APPRAISED_VALUE|TAXABLE_VALUE|OWNERSHIP|PROPERTY_CHARACTERISTICS|GIS,UNREVIEWED,UNREVIEWED,UNREVIEWED,UNREVIEWED,UNREVIEWED,UNREVIEWED,UNREVIEWED,UNREVIEWED,UNREVIEWED,UNREVIEWED,UNREVIEWED,UNREVIEWED,LEGAL_REVIEW_REQUIRED,https://comptroller.texas.gov/taxes/property-tax/county-directory/delta.php,2026-09-16,DIRECTORY_LISTED by TX Comptroller. Site not fetched; terms not reviewed.
TX,Delta,County Tax Assessor-Collector,www.deltacountytx.com,ANNUAL_TAX|DELINQUENT_TAX|PAYMENT_STATUS|TAX_SALE,UNREVIEWED,UNREVIEWED,UNREVIEWED,UNREVIEWED,UNREVIEWED,UNREVIEWED,UNREVIEWED,UNREVIEWED,UNREVIEWED,UNREVIEWED,UNREVIEWED,UNREVIEWED,LEGAL_REVIEW_REQUIRED,https://comptroller.texas.gov/taxes/property-tax/county-directory/delta.php,2026-09-16,DIRECTORY_LISTED by TX Comptroller. Site not fetched; terms not reviewed.
TX,Denton,County Appraisal District,www.dentoncad.com,PROPERTY_IDENTITY|PARCEL_ID|ADDRESS|LEGAL_DESCRIPTION|PROPERTY_TYPE|ACREAGE|MARKET_VALUE|APPRAISED_VALUE|TAXABLE_VALUE|OWNERSHIP|PROPERTY_CHARACTERISTICS|GIS,UNREVIEWED,UNREVIEWED,UNREVIEWED,UNREVIEWED,UNREVIEWED,UNREVIEWED,UNREVIEWED,UNREVIEWED,UNREVIEWED,UNREVIEWED,UNREVIEWED,UNREVIEWED,LEGAL_REVIEW_REQUIRED,https://comptroller.texas.gov/taxes/property-tax/county-directory/denton.php,2026-09-16,DIRECTORY_LISTED by TX Comptroller. Site not fetched; terms not reviewed.
TX,Denton,County Tax Assessor-Collector,www.dentoncounty.gov/778/Tax-Assessor-Collector,ANNUAL_TAX|DELINQUENT_TAX|PAYMENT_STATUS|TAX_SALE,UNREVIEWED,UNREVIEWED,UNREVIEWED,UNREVIEWED,UNREVIEWED,UNREVIEWED,UNREVIEWED,UNREVIEWED,UNREVIEWED,UNREVIEWED,UNREVIEWED,UNREVIEWED,LEGAL_REVIEW_REQUIRED,https://comptroller.texas.gov/taxes/property-tax/county-directory/denton.php,2026-09-16,DIRECTORY_LISTED by TX Comptroller. Site not fetched; terms not reviewed.
TX,DeWitt,County Appraisal District,www.dewittcad.org,PROPERTY_IDENTITY|PARCEL_ID|ADDRESS|LEGAL_DESCRIPTION|PROPERTY_TYPE|ACREAGE|MARKET_VALUE|APPRAISED_VALUE|TAXABLE_VALUE|OWNERSHIP|PROPERTY_CHARACTERISTICS|GIS,UNREVIEWED,UNREVIEWED,UNREVIEWED,UNREVIEWED,UNREVIEWED,UNREVIEWED,UNREVIEWED,UNREVIEWED,UNREVIEWED,UNREVIEWED,UNREVIEWED,UNREVIEWED,LEGAL_REVIEW_REQUIRED,https://comptroller.texas.gov/taxes/property-tax/county-directory/dewitt.php,2026-09-16,DIRECTORY_LISTED by TX Comptroller. Site not fetched; terms not reviewed.
TX,DeWitt,County Tax Assessor-Collector,www.co.dewitt.tx.us,ANNUAL_TAX|DELINQUENT_TAX|PAYMENT_STATUS|TAX_SALE,UNREVIEWED,UNREVIEWED,UNREVIEWED,UNREVIEWED,UNREVIEWED,UNREVIEWED,UNREVIEWED,UNREVIEWED,UNREVIEWED,UNREVIEWED,UNREVIEWED,UNREVIEWED,LEGAL_REVIEW_REQUIRED,https://comptroller.texas.gov/taxes/property-tax/county-directory/dewitt.php,2026-09-16,DIRECTORY_LISTED by TX Comptroller. Site not fetched; terms not reviewed.
TX,Dickens,County Tax Assessor-Collector,www.co.dickens.tx.us,ANNUAL_TAX|DELINQUENT_TAX|PAYMENT_STATUS|TAX_SALE,UNREVIEWED,UNREVIEWED,UNREVIEWED,UNREVIEWED,UNREVIEWED,UNREVIEWED,UNREVIEWED,UNREVIEWED,UNREVIEWED,UNREVIEWED,UNREVIEWED,UNREVIEWED,LEGAL_REVIEW_REQUIRED,https://comptroller.texas.gov/taxes/property-tax/county-directory/dickens.php,2026-09-16,DIRECTORY_LISTED by TX Comptroller. Site not fetched; terms not reviewed.
TX,Dimmit,County Appraisal District,www.dimmit-cad.org,PROPERTY_IDENTITY|PARCEL_ID|ADDRESS|LEGAL_DESCRIPTION|PROPERTY_TYPE|ACREAGE|MARKET_VALUE|APPRAISED_VALUE|TAXABLE_VALUE|OWNERSHIP|PROPERTY_CHARACTERISTICS|GIS,UNREVIEWED,UNREVIEWED,UNREVIEWED,UNREVIEWED,UNREVIEWED,UNREVIEWED,UNREVIEWED,UNREVIEWED,UNREVIEWED,UNREVIEWED,UNREVIEWED,UNREVIEWED,LEGAL_REVIEW_REQUIRED,https://comptroller.texas.gov/taxes/property-tax/county-directory/dimmit.php,2026-09-16,DIRECTORY_LISTED by TX Comptroller. Site not fetched; terms not reviewed.
TX,Dimmit,County Tax Assessor-Collector,www.dimmitcounty.org,ANNUAL_TAX|DELINQUENT_TAX|PAYMENT_STATUS|TAX_SALE,UNREVIEWED,UNREVIEWED,UNREVIEWED,UNREVIEWED,UNREVIEWED,UNREVIEWED,UNREVIEWED,UNREVIEWED,UNREVIEWED,UNREVIEWED,UNREVIEWED,UNREVIEWED,LEGAL_REVIEW_REQUIRED,https://comptroller.texas.gov/taxes/property-tax/county-directory/dimmit.php,2026-09-16,DIRECTORY_LISTED by TX Comptroller. Site not fetched; terms not reviewed.
TX,Donley,County Appraisal District,www.donleycad.org,PROPERTY_IDENTITY|PARCEL_ID|ADDRESS|LEGAL_DESCRIPTION|PROPERTY_TYPE|ACREAGE|MARKET_VALUE|APPRAISED_VALUE|TAXABLE_VALUE|OWNERSHIP|PROPERTY_CHARACTERISTICS|GIS,UNREVIEWED,UNREVIEWED,UNREVIEWED,UNREVIEWED,UNREVIEWED,UNREVIEWED,UNREVIEWED,UNREVIEWED,UNREVIEWED,UNREVIEWED,UNREVIEWED,UNREVIEWED,LEGAL_REVIEW_REQUIRED,https://comptroller.texas.gov/taxes/property-tax/county-directory/donley.php,2026-09-16,DIRECTORY_LISTED by TX Comptroller. Site not fetched; terms not reviewed.
TX,Donley,County Tax Assessor-Collector,www.co.donley.tx.us,ANNUAL_TAX|DELINQUENT_TAX|PAYMENT_STATUS|TAX_SALE,UNREVIEWED,UNREVIEWED,UNREVIEWED,UNREVIEWED,UNREVIEWED,UNREVIEWED,UNREVIEWED,UNREVIEWED,UNREVIEWED,UNREVIEWED,UNREVIEWED,UNREVIEWED,LEGAL_REVIEW_REQUIRED,https://comptroller.texas.gov/taxes/property-tax/county-directory/donley.php,2026-09-16,DIRECTORY_LISTED by TX Comptroller. Site not fetched; terms not reviewed.
TX,Duval,County Appraisal District,www.duvalcad.org,PROPERTY_IDENTITY|PARCEL_ID|ADDRESS|LEGAL_DESCRIPTION|PROPERTY_TYPE|ACREAGE|MARKET_VALUE|APPRAISED_VALUE|TAXABLE_VALUE|OWNERSHIP|PROPERTY_CHARACTERISTICS|GIS,UNREVIEWED,UNREVIEWED,UNREVIEWED,UNREVIEWED,UNREVIEWED,UNREVIEWED,UNREVIEWED,UNREVIEWED,UNREVIEWED,UNREVIEWED,UNREVIEWED,UNREVIEWED,LEGAL_REVIEW_REQUIRED,https://comptroller.texas.gov/taxes/property-tax/county-directory/duval.php,2026-09-16,DIRECTORY_LISTED by TX Comptroller. Site not fetched; terms not reviewed.
TX,Duval,County Tax Assessor-Collector,www.co.duval.tx.us,ANNUAL_TAX|DELINQUENT_TAX|PAYMENT_STATUS|TAX_SALE,UNREVIEWED,UNREVIEWED,UNREVIEWED,UNREVIEWED,UNREVIEWED,UNREVIEWED,UNREVIEWED,UNREVIEWED,UNREVIEWED,UNREVIEWED,UNREVIEWED,UNREVIEWED,LEGAL_REVIEW_REQUIRED,https://comptroller.texas.gov/taxes/property-tax/county-directory/duval.php,2026-09-16,DIRECTORY_LISTED by TX Comptroller. Site not fetched; terms not reviewed.
TX,Eastland,County Appraisal District,www.eastlandcad.org,PROPERTY_IDENTITY|PARCEL_ID|ADDRESS|LEGAL_DESCRIPTION|PROPERTY_TYPE|ACREAGE|MARKET_VALUE|APPRAISED_VALUE|TAXABLE_VALUE|OWNERSHIP|PROPERTY_CHARACTERISTICS|GIS,UNREVIEWED,UNREVIEWED,UNREVIEWED,UNREVIEWED,UNREVIEWED,UNREVIEWED,UNREVIEWED,UNREVIEWED,UNREVIEWED,UNREVIEWED,UNREVIEWED,UNREVIEWED,LEGAL_REVIEW_REQUIRED,https://comptroller.texas.gov/taxes/property-tax/county-directory/eastland.php,2026-09-16,DIRECTORY_LISTED by TX Comptroller. Site not fetched; terms not reviewed.
TX,Eastland,County Tax Assessor-Collector,www.eastlandcountytexas.com,ANNUAL_TAX|DELINQUENT_TAX|PAYMENT_STATUS|TAX_SALE,UNREVIEWED,UNREVIEWED,UNREVIEWED,UNREVIEWED,UNREVIEWED,UNREVIEWED,UNREVIEWED,UNREVIEWED,UNREVIEWED,UNREVIEWED,UNREVIEWED,UNREVIEWED,LEGAL_REVIEW_REQUIRED,https://comptroller.texas.gov/taxes/property-tax/county-directory/eastland.php,2026-09-16,DIRECTORY_LISTED by TX Comptroller. Site not fetched; terms not reviewed.
TX,Ector,County Appraisal District,www.ectorcad.org,PROPERTY_IDENTITY|PARCEL_ID|ADDRESS|LEGAL_DESCRIPTION|PROPERTY_TYPE|ACREAGE|MARKET_VALUE|APPRAISED_VALUE|TAXABLE_VALUE|OWNERSHIP|PROPERTY_CHARACTERISTICS|GIS,UNREVIEWED,UNREVIEWED,UNREVIEWED,UNREVIEWED,UNREVIEWED,UNREVIEWED,UNREVIEWED,UNREVIEWED,UNREVIEWED,UNREVIEWED,UNREVIEWED,UNREVIEWED,LEGAL_REVIEW_REQUIRED,https://comptroller.texas.gov/taxes/property-tax/county-directory/ector.php,2026-09-16,DIRECTORY_LISTED by TX Comptroller. Site not fetched; terms not reviewed.
TX,Ector,County Tax Assessor-Collector,www.co.ector.tx.us,ANNUAL_TAX|DELINQUENT_TAX|PAYMENT_STATUS|TAX_SALE,UNREVIEWED,UNREVIEWED,UNREVIEWED,UNREVIEWED,UNREVIEWED,UNREVIEWED,UNREVIEWED,UNREVIEWED,UNREVIEWED,UNREVIEWED,UNREVIEWED,UNREVIEWED,LEGAL_REVIEW_REQUIRED,https://comptroller.texas.gov/taxes/property-tax/county-directory/ector.php,2026-09-16,DIRECTORY_LISTED by TX Comptroller. Site not fetched; terms not reviewed.
TX,Edwards,County Appraisal District,edwardscad.org,PROPERTY_IDENTITY|PARCEL_ID|ADDRESS|LEGAL_DESCRIPTION|PROPERTY_TYPE|ACREAGE|MARKET_VALUE|APPRAISED_VALUE|TAXABLE_VALUE|OWNERSHIP|PROPERTY_CHARACTERISTICS|GIS,UNREVIEWED,UNREVIEWED,UNREVIEWED,UNREVIEWED,UNREVIEWED,UNREVIEWED,UNREVIEWED,UNREVIEWED,UNREVIEWED,UNREVIEWED,UNREVIEWED,UNREVIEWED,LEGAL_REVIEW_REQUIRED,https://comptroller.texas.gov/taxes/property-tax/county-directory/edwards.php,2026-09-16,DIRECTORY_LISTED by TX Comptroller. Site not fetched; terms not reviewed.
TX,Edwards,County Tax Assessor-Collector,www.co.edwards.tx.us,ANNUAL_TAX|DELINQUENT_TAX|PAYMENT_STATUS|TAX_SALE,UNREVIEWED,UNREVIEWED,UNREVIEWED,UNREVIEWED,UNREVIEWED,UNREVIEWED,UNREVIEWED,UNREVIEWED,UNREVIEWED,UNREVIEWED,UNREVIEWED,UNREVIEWED,LEGAL_REVIEW_REQUIRED,https://comptroller.texas.gov/taxes/property-tax/county-directory/edwards.php,2026-09-16,DIRECTORY_LISTED by TX Comptroller. Site not fetched; terms not reviewed.
TX,Ellis,County Appraisal District,www.elliscad.org,PROPERTY_IDENTITY|PARCEL_ID|ADDRESS|LEGAL_DESCRIPTION|PROPERTY_TYPE|ACREAGE|MARKET_VALUE|APPRAISED_VALUE|TAXABLE_VALUE|OWNERSHIP|PROPERTY_CHARACTERISTICS|GIS,UNREVIEWED,UNREVIEWED,UNREVIEWED,UNREVIEWED,UNREVIEWED,UNREVIEWED,UNREVIEWED,UNREVIEWED,UNREVIEWED,UNREVIEWED,UNREVIEWED,UNREVIEWED,LEGAL_REVIEW_REQUIRED,https://comptroller.texas.gov/taxes/property-tax/county-directory/ellis.php,2026-09-16,DIRECTORY_LISTED by TX Comptroller. Site not fetched; terms not reviewed.
TX,Ellis,County Tax Assessor-Collector,www.ellistaxoffice.com,ANNUAL_TAX|DELINQUENT_TAX|PAYMENT_STATUS|TAX_SALE,UNREVIEWED,UNREVIEWED,UNREVIEWED,UNREVIEWED,UNREVIEWED,UNREVIEWED,UNREVIEWED,UNREVIEWED,UNREVIEWED,UNREVIEWED,UNREVIEWED,UNREVIEWED,LEGAL_REVIEW_REQUIRED,https://comptroller.texas.gov/taxes/property-tax/county-directory/ellis.php,2026-09-16,DIRECTORY_LISTED by TX Comptroller. Site not fetched; terms not reviewed.
TX,El Paso,County Appraisal District,www.epcad.org,PROPERTY_IDENTITY|PARCEL_ID|ADDRESS|LEGAL_DESCRIPTION|PROPERTY_TYPE|ACREAGE|MARKET_VALUE|APPRAISED_VALUE|TAXABLE_VALUE|OWNERSHIP|PROPERTY_CHARACTERISTICS|GIS,UNREVIEWED,UNREVIEWED,UNREVIEWED,UNREVIEWED,UNREVIEWED,UNREVIEWED,UNREVIEWED,UNREVIEWED,UNREVIEWED,UNREVIEWED,UNREVIEWED,UNREVIEWED,LEGAL_REVIEW_REQUIRED,https://comptroller.texas.gov/taxes/property-tax/county-directory/elpaso.php,2026-09-16,DIRECTORY_LISTED by TX Comptroller. Site not fetched; terms not reviewed.
TX,El Paso,County Tax Assessor-Collector,www.epcounty.com/taxoffice/,ANNUAL_TAX|DELINQUENT_TAX|PAYMENT_STATUS|TAX_SALE,UNREVIEWED,UNREVIEWED,UNREVIEWED,UNREVIEWED,UNREVIEWED,UNREVIEWED,UNREVIEWED,UNREVIEWED,UNREVIEWED,UNREVIEWED,UNREVIEWED,UNREVIEWED,LEGAL_REVIEW_REQUIRED,https://comptroller.texas.gov/taxes/property-tax/county-directory/elpaso.php,2026-09-16,DIRECTORY_LISTED by TX Comptroller. Site not fetched; terms not reviewed.
TX,Erath,County Appraisal District,www.erath-cad.com,PROPERTY_IDENTITY|PARCEL_ID|ADDRESS|LEGAL_DESCRIPTION|PROPERTY_TYPE|ACREAGE|MARKET_VALUE|APPRAISED_VALUE|TAXABLE_VALUE|OWNERSHIP|PROPERTY_CHARACTERISTICS|GIS,UNREVIEWED,UNREVIEWED,UNREVIEWED,UNREVIEWED,UNREVIEWED,UNREVIEWED,UNREVIEWED,UNREVIEWED,UNREVIEWED,UNREVIEWED,UNREVIEWED,UNREVIEWED,LEGAL_REVIEW_REQUIRED,https://comptroller.texas.gov/taxes/property-tax/county-directory/erath.php,2026-09-16,DIRECTORY_LISTED by TX Comptroller. Site not fetched; terms not reviewed.
TX,Erath,County Tax Assessor-Collector,www.co.erath.tx.us,ANNUAL_TAX|DELINQUENT_TAX|PAYMENT_STATUS|TAX_SALE,UNREVIEWED,UNREVIEWED,UNREVIEWED,UNREVIEWED,UNREVIEWED,UNREVIEWED,UNREVIEWED,UNREVIEWED,UNREVIEWED,UNREVIEWED,UNREVIEWED,UNREVIEWED,LEGAL_REVIEW_REQUIRED,https://comptroller.texas.gov/taxes/property-tax/county-directory/erath.php,2026-09-16,DIRECTORY_LISTED by TX Comptroller. Site not fetched; terms not reviewed.
TX,Falls,County Appraisal District,www.fallscad.net,PROPERTY_IDENTITY|PARCEL_ID|ADDRESS|LEGAL_DESCRIPTION|PROPERTY_TYPE|ACREAGE|MARKET_VALUE|APPRAISED_VALUE|TAXABLE_VALUE|OWNERSHIP|PROPERTY_CHARACTERISTICS|GIS,UNREVIEWED,UNREVIEWED,UNREVIEWED,UNREVIEWED,UNREVIEWED,UNREVIEWED,UNREVIEWED,UNREVIEWED,UNREVIEWED,UNREVIEWED,UNREVIEWED,UNREVIEWED,LEGAL_REVIEW_REQUIRED,https://comptroller.texas.gov/taxes/property-tax/county-directory/falls.php,2026-09-16,DIRECTORY_LISTED by TX Comptroller. Site not fetched; terms not reviewed.
TX,Falls,County Tax Assessor-Collector,www.co.falls.tx.us,ANNUAL_TAX|DELINQUENT_TAX|PAYMENT_STATUS|TAX_SALE,UNREVIEWED,UNREVIEWED,UNREVIEWED,UNREVIEWED,UNREVIEWED,UNREVIEWED,UNREVIEWED,UNREVIEWED,UNREVIEWED,UNREVIEWED,UNREVIEWED,UNREVIEWED,LEGAL_REVIEW_REQUIRED,https://comptroller.texas.gov/taxes/property-tax/county-directory/falls.php,2026-09-16,DIRECTORY_LISTED by TX Comptroller. Site not fetched; terms not reviewed.
TX,Fannin,County Appraisal District,www.fannincad.org,PROPERTY_IDENTITY|PARCEL_ID|ADDRESS|LEGAL_DESCRIPTION|PROPERTY_TYPE|ACREAGE|MARKET_VALUE|APPRAISED_VALUE|TAXABLE_VALUE|OWNERSHIP|PROPERTY_CHARACTERISTICS|GIS,UNREVIEWED,UNREVIEWED,UNREVIEWED,UNREVIEWED,UNREVIEWED,UNREVIEWED,UNREVIEWED,UNREVIEWED,UNREVIEWED,UNREVIEWED,UNREVIEWED,UNREVIEWED,LEGAL_REVIEW_REQUIRED,https://comptroller.texas.gov/taxes/property-tax/county-directory/fannin.php,2026-09-16,DIRECTORY_LISTED by TX Comptroller. Site not fetched; terms not reviewed.
TX,Fannin,County Tax Assessor-Collector,www.co.fannin.tx.us,ANNUAL_TAX|DELINQUENT_TAX|PAYMENT_STATUS|TAX_SALE,UNREVIEWED,UNREVIEWED,UNREVIEWED,UNREVIEWED,UNREVIEWED,UNREVIEWED,UNREVIEWED,UNREVIEWED,UNREVIEWED,UNREVIEWED,UNREVIEWED,UNREVIEWED,LEGAL_REVIEW_REQUIRED,https://comptroller.texas.gov/taxes/property-tax/county-directory/fannin.php,2026-09-16,DIRECTORY_LISTED by TX Comptroller. Site not fetched; terms not reviewed.
TX,Fayette,County Appraisal District,www.fayettecad.org,PROPERTY_IDENTITY|PARCEL_ID|ADDRESS|LEGAL_DESCRIPTION|PROPERTY_TYPE|ACREAGE|MARKET_VALUE|APPRAISED_VALUE|TAXABLE_VALUE|OWNERSHIP|PROPERTY_CHARACTERISTICS|GIS,UNREVIEWED,UNREVIEWED,UNREVIEWED,UNREVIEWED,UNREVIEWED,UNREVIEWED,UNREVIEWED,UNREVIEWED,UNREVIEWED,UNREVIEWED,UNREVIEWED,UNREVIEWED,LEGAL_REVIEW_REQUIRED,https://comptroller.texas.gov/taxes/property-tax/county-directory/fayette.php,2026-09-16,DIRECTORY_LISTED by TX Comptroller. Site not fetched; terms not reviewed.
TX,Fayette,County Tax Assessor-Collector,www.co.fayette.tx.us,ANNUAL_TAX|DELINQUENT_TAX|PAYMENT_STATUS|TAX_SALE,UNREVIEWED,UNREVIEWED,UNREVIEWED,UNREVIEWED,UNREVIEWED,UNREVIEWED,UNREVIEWED,UNREVIEWED,UNREVIEWED,UNREVIEWED,UNREVIEWED,UNREVIEWED,LEGAL_REVIEW_REQUIRED,https://comptroller.texas.gov/taxes/property-tax/county-directory/fayette.php,2026-09-16,DIRECTORY_LISTED by TX Comptroller. Site not fetched; terms not reviewed.
TX,Fisher,County Appraisal District,www.fishercad.org,PROPERTY_IDENTITY|PARCEL_ID|ADDRESS|LEGAL_DESCRIPTION|PROPERTY_TYPE|ACREAGE|MARKET_VALUE|APPRAISED_VALUE|TAXABLE_VALUE|OWNERSHIP|PROPERTY_CHARACTERISTICS|GIS,UNREVIEWED,UNREVIEWED,UNREVIEWED,UNREVIEWED,UNREVIEWED,UNREVIEWED,UNREVIEWED,UNREVIEWED,UNREVIEWED,UNREVIEWED,UNREVIEWED,UNREVIEWED,LEGAL_REVIEW_REQUIRED,https://comptroller.texas.gov/taxes/property-tax/county-directory/fisher.php,2026-09-16,DIRECTORY_LISTED by TX Comptroller. Site not fetched; terms not reviewed.
TX,Fisher,County Tax Assessor-Collector,www.fishercounty.org,ANNUAL_TAX|DELINQUENT_TAX|PAYMENT_STATUS|TAX_SALE,UNREVIEWED,UNREVIEWED,UNREVIEWED,UNREVIEWED,UNREVIEWED,UNREVIEWED,UNREVIEWED,UNREVIEWED,UNREVIEWED,UNREVIEWED,UNREVIEWED,UNREVIEWED,LEGAL_REVIEW_REQUIRED,https://comptroller.texas.gov/taxes/property-tax/county-directory/fisher.php,2026-09-16,DIRECTORY_LISTED by TX Comptroller. Site not fetched; terms not reviewed.
TX,Floyd,County Appraisal District,www.floydcad.org,PROPERTY_IDENTITY|PARCEL_ID|ADDRESS|LEGAL_DESCRIPTION|PROPERTY_TYPE|ACREAGE|MARKET_VALUE|APPRAISED_VALUE|TAXABLE_VALUE|OWNERSHIP|PROPERTY_CHARACTERISTICS|GIS,UNREVIEWED,UNREVIEWED,UNREVIEWED,UNREVIEWED,UNREVIEWED,UNREVIEWED,UNREVIEWED,UNREVIEWED,UNREVIEWED,UNREVIEWED,UNREVIEWED,UNREVIEWED,LEGAL_REVIEW_REQUIRED,https://comptroller.texas.gov/taxes/property-tax/county-directory/floyd.php,2026-09-16,DIRECTORY_LISTED by TX Comptroller. Site not fetched; terms not reviewed.
TX,Floyd,County Tax Assessor-Collector,www.co.floyd.tx.us,ANNUAL_TAX|DELINQUENT_TAX|PAYMENT_STATUS|TAX_SALE,UNREVIEWED,UNREVIEWED,UNREVIEWED,UNREVIEWED,UNREVIEWED,UNREVIEWED,UNREVIEWED,UNREVIEWED,UNREVIEWED,UNREVIEWED,UNREVIEWED,UNREVIEWED,LEGAL_REVIEW_REQUIRED,https://comptroller.texas.gov/taxes/property-tax/county-directory/floyd.php,2026-09-16,DIRECTORY_LISTED by TX Comptroller. Site not fetched; terms not reviewed.
TX,Foard,County Appraisal District,www.foardcad.org,PROPERTY_IDENTITY|PARCEL_ID|ADDRESS|LEGAL_DESCRIPTION|PROPERTY_TYPE|ACREAGE|MARKET_VALUE|APPRAISED_VALUE|TAXABLE_VALUE|OWNERSHIP|PROPERTY_CHARACTERISTICS|GIS,UNREVIEWED,UNREVIEWED,UNREVIEWED,UNREVIEWED,UNREVIEWED,UNREVIEWED,UNREVIEWED,UNREVIEWED,UNREVIEWED,UNREVIEWED,UNREVIEWED,UNREVIEWED,LEGAL_REVIEW_REQUIRED,https://comptroller.texas.gov/taxes/property-tax/county-directory/foard.php,2026-09-16,DIRECTORY_LISTED by TX Comptroller. Site not fetched; terms not reviewed.
TX,Foard,County Tax Assessor-Collector,www.foardcounty.texas.gov,ANNUAL_TAX|DELINQUENT_TAX|PAYMENT_STATUS|TAX_SALE,UNREVIEWED,UNREVIEWED,UNREVIEWED,UNREVIEWED,UNREVIEWED,UNREVIEWED,UNREVIEWED,UNREVIEWED,UNREVIEWED,UNREVIEWED,UNREVIEWED,UNREVIEWED,LEGAL_REVIEW_REQUIRED,https://comptroller.texas.gov/taxes/property-tax/county-directory/foard.php,2026-09-16,DIRECTORY_LISTED by TX Comptroller. Site not fetched; terms not reviewed.
TX,Fort Bend,County Appraisal District,www.fbcad.org,PROPERTY_IDENTITY|PARCEL_ID|ADDRESS|LEGAL_DESCRIPTION|PROPERTY_TYPE|ACREAGE|MARKET_VALUE|APPRAISED_VALUE|TAXABLE_VALUE|OWNERSHIP|PROPERTY_CHARACTERISTICS|GIS,UNREVIEWED,UNREVIEWED,UNREVIEWED,UNREVIEWED,UNREVIEWED,UNREVIEWED,UNREVIEWED,UNREVIEWED,UNREVIEWED,UNREVIEWED,UNREVIEWED,UNREVIEWED,LEGAL_REVIEW_REQUIRED,https://comptroller.texas.gov/taxes/property-tax/county-directory/fortbend.php,2026-09-16,DIRECTORY_LISTED by TX Comptroller. Site not fetched; terms not reviewed.
TX,Fort Bend,County Tax Assessor-Collector,www.fortbendcountytx.gov,ANNUAL_TAX|DELINQUENT_TAX|PAYMENT_STATUS|TAX_SALE,UNREVIEWED,UNREVIEWED,UNREVIEWED,UNREVIEWED,UNREVIEWED,UNREVIEWED,UNREVIEWED,UNREVIEWED,UNREVIEWED,UNREVIEWED,UNREVIEWED,UNREVIEWED,LEGAL_REVIEW_REQUIRED,https://comptroller.texas.gov/taxes/property-tax/county-directory/fortbend.php,2026-09-16,DIRECTORY_LISTED by TX Comptroller. Site not fetched; terms not reviewed.
TX,Franklin,County Appraisal District,www.franklin-cad.org,PROPERTY_IDENTITY|PARCEL_ID|ADDRESS|LEGAL_DESCRIPTION|PROPERTY_TYPE|ACREAGE|MARKET_VALUE|APPRAISED_VALUE|TAXABLE_VALUE|OWNERSHIP|PROPERTY_CHARACTERISTICS|GIS,UNREVIEWED,UNREVIEWED,UNREVIEWED,UNREVIEWED,UNREVIEWED,UNREVIEWED,UNREVIEWED,UNREVIEWED,UNREVIEWED,UNREVIEWED,UNREVIEWED,UNREVIEWED,LEGAL_REVIEW_REQUIRED,https://comptroller.texas.gov/taxes/property-tax/county-directory/franklin.php,2026-09-16,DIRECTORY_LISTED by TX Comptroller. Site not fetched; terms not reviewed.
TX,Franklin,County Tax Assessor-Collector,www.co.franklin.tx.us,ANNUAL_TAX|DELINQUENT_TAX|PAYMENT_STATUS|TAX_SALE,UNREVIEWED,UNREVIEWED,UNREVIEWED,UNREVIEWED,UNREVIEWED,UNREVIEWED,UNREVIEWED,UNREVIEWED,UNREVIEWED,UNREVIEWED,UNREVIEWED,UNREVIEWED,LEGAL_REVIEW_REQUIRED,https://comptroller.texas.gov/taxes/property-tax/county-directory/franklin.php,2026-09-16,DIRECTORY_LISTED by TX Comptroller. Site not fetched; terms not reviewed.
TX,Freestone,County Appraisal District,www.freestonecad.org,PROPERTY_IDENTITY|PARCEL_ID|ADDRESS|LEGAL_DESCRIPTION|PROPERTY_TYPE|ACREAGE|MARKET_VALUE|APPRAISED_VALUE|TAXABLE_VALUE|OWNERSHIP|PROPERTY_CHARACTERISTICS|GIS,UNREVIEWED,UNREVIEWED,UNREVIEWED,UNREVIEWED,UNREVIEWED,UNREVIEWED,UNREVIEWED,UNREVIEWED,UNREVIEWED,UNREVIEWED,UNREVIEWED,UNREVIEWED,LEGAL_REVIEW_REQUIRED,https://comptroller.texas.gov/taxes/property-tax/county-directory/freestone.php,2026-09-16,DIRECTORY_LISTED by TX Comptroller. Site not fetched; terms not reviewed.
TX,Freestone,County Tax Assessor-Collector,www.co.freestone.tx.us,ANNUAL_TAX|DELINQUENT_TAX|PAYMENT_STATUS|TAX_SALE,UNREVIEWED,UNREVIEWED,UNREVIEWED,UNREVIEWED,UNREVIEWED,UNREVIEWED,UNREVIEWED,UNREVIEWED,UNREVIEWED,UNREVIEWED,UNREVIEWED,UNREVIEWED,LEGAL_REVIEW_REQUIRED,https://comptroller.texas.gov/taxes/property-tax/county-directory/freestone.php,2026-09-16,DIRECTORY_LISTED by TX Comptroller. Site not fetched; terms not reviewed.
TX,Frio,County Appraisal District,www.friocad.org,PROPERTY_IDENTITY|PARCEL_ID|ADDRESS|LEGAL_DESCRIPTION|PROPERTY_TYPE|ACREAGE|MARKET_VALUE|APPRAISED_VALUE|TAXABLE_VALUE|OWNERSHIP|PROPERTY_CHARACTERISTICS|GIS,UNREVIEWED,UNREVIEWED,UNREVIEWED,UNREVIEWED,UNREVIEWED,UNREVIEWED,UNREVIEWED,UNREVIEWED,UNREVIEWED,UNREVIEWED,UNREVIEWED,UNREVIEWED,LEGAL_REVIEW_REQUIRED,https://comptroller.texas.gov/taxes/property-tax/county-directory/frio.php,2026-09-16,DIRECTORY_LISTED by TX Comptroller. Site not fetched; terms not reviewed.
TX,Frio,County Tax Assessor-Collector,www.co.frio.tx.us,ANNUAL_TAX|DELINQUENT_TAX|PAYMENT_STATUS|TAX_SALE,UNREVIEWED,UNREVIEWED,UNREVIEWED,UNREVIEWED,UNREVIEWED,UNREVIEWED,UNREVIEWED,UNREVIEWED,UNREVIEWED,UNREVIEWED,UNREVIEWED,UNREVIEWED,LEGAL_REVIEW_REQUIRED,https://comptroller.texas.gov/taxes/property-tax/county-directory/frio.php,2026-09-16,DIRECTORY_LISTED by TX Comptroller. Site not fetched; terms not reviewed.
TX,Gaines,County Appraisal District,www.gainescad.org,PROPERTY_IDENTITY|PARCEL_ID|ADDRESS|LEGAL_DESCRIPTION|PROPERTY_TYPE|ACREAGE|MARKET_VALUE|APPRAISED_VALUE|TAXABLE_VALUE|OWNERSHIP|PROPERTY_CHARACTERISTICS|GIS,UNREVIEWED,UNREVIEWED,UNREVIEWED,UNREVIEWED,UNREVIEWED,UNREVIEWED,UNREVIEWED,UNREVIEWED,UNREVIEWED,UNREVIEWED,UNREVIEWED,UNREVIEWED,LEGAL_REVIEW_REQUIRED,https://comptroller.texas.gov/taxes/property-tax/county-directory/gaines.php,2026-09-16,DIRECTORY_LISTED by TX Comptroller. Site not fetched; terms not reviewed.
TX,Gaines,County Tax Assessor-Collector,www.co.gaines.tx.us,ANNUAL_TAX|DELINQUENT_TAX|PAYMENT_STATUS|TAX_SALE,UNREVIEWED,UNREVIEWED,UNREVIEWED,UNREVIEWED,UNREVIEWED,UNREVIEWED,UNREVIEWED,UNREVIEWED,UNREVIEWED,UNREVIEWED,UNREVIEWED,UNREVIEWED,LEGAL_REVIEW_REQUIRED,https://comptroller.texas.gov/taxes/property-tax/county-directory/gaines.php,2026-09-16,DIRECTORY_LISTED by TX Comptroller. Site not fetched; terms not reviewed.
TX,Galveston,County Appraisal District,www.galvestoncad.org,PROPERTY_IDENTITY|PARCEL_ID|ADDRESS|LEGAL_DESCRIPTION|PROPERTY_TYPE|ACREAGE|MARKET_VALUE|APPRAISED_VALUE|TAXABLE_VALUE|OWNERSHIP|PROPERTY_CHARACTERISTICS|GIS,UNREVIEWED,UNREVIEWED,UNREVIEWED,UNREVIEWED,UNREVIEWED,UNREVIEWED,UNREVIEWED,UNREVIEWED,UNREVIEWED,UNREVIEWED,UNREVIEWED,UNREVIEWED,LEGAL_REVIEW_REQUIRED,https://comptroller.texas.gov/taxes/property-tax/county-directory/galveston.php,2026-09-16,DIRECTORY_LISTED by TX Comptroller. Site not fetched; terms not reviewed.
TX,Galveston,County Tax Assessor-Collector,www.galcotax.com,ANNUAL_TAX|DELINQUENT_TAX|PAYMENT_STATUS|TAX_SALE,UNREVIEWED,UNREVIEWED,UNREVIEWED,UNREVIEWED,UNREVIEWED,UNREVIEWED,UNREVIEWED,UNREVIEWED,UNREVIEWED,UNREVIEWED,UNREVIEWED,UNREVIEWED,LEGAL_REVIEW_REQUIRED,https://comptroller.texas.gov/taxes/property-tax/county-directory/galveston.php,2026-09-16,DIRECTORY_LISTED by TX Comptroller. Site not fetched; terms not reviewed.
TX,Garza,County Appraisal District,www.garzacad.org,PROPERTY_IDENTITY|PARCEL_ID|ADDRESS|LEGAL_DESCRIPTION|PROPERTY_TYPE|ACREAGE|MARKET_VALUE|APPRAISED_VALUE|TAXABLE_VALUE|OWNERSHIP|PROPERTY_CHARACTERISTICS|GIS,UNREVIEWED,UNREVIEWED,UNREVIEWED,UNREVIEWED,UNREVIEWED,UNREVIEWED,UNREVIEWED,UNREVIEWED,UNREVIEWED,UNREVIEWED,UNREVIEWED,UNREVIEWED,LEGAL_REVIEW_REQUIRED,https://comptroller.texas.gov/taxes/property-tax/county-directory/garza.php,2026-09-16,DIRECTORY_LISTED by TX Comptroller. Site not fetched; terms not reviewed.
TX,Garza,County Tax Assessor-Collector,www.garzacounty.net,ANNUAL_TAX|DELINQUENT_TAX|PAYMENT_STATUS|TAX_SALE,UNREVIEWED,UNREVIEWED,UNREVIEWED,UNREVIEWED,UNREVIEWED,UNREVIEWED,UNREVIEWED,UNREVIEWED,UNREVIEWED,UNREVIEWED,UNREVIEWED,UNREVIEWED,LEGAL_REVIEW_REQUIRED,https://comptroller.texas.gov/taxes/property-tax/county-directory/garza.php,2026-09-16,DIRECTORY_LISTED by TX Comptroller. Site not fetched; terms not reviewed.
TX,Gillespie,County Appraisal District,www.gillespiecad.org,PROPERTY_IDENTITY|PARCEL_ID|ADDRESS|LEGAL_DESCRIPTION|PROPERTY_TYPE|ACREAGE|MARKET_VALUE|APPRAISED_VALUE|TAXABLE_VALUE|OWNERSHIP|PROPERTY_CHARACTERISTICS|GIS,UNREVIEWED,UNREVIEWED,UNREVIEWED,UNREVIEWED,UNREVIEWED,UNREVIEWED,UNREVIEWED,UNREVIEWED,UNREVIEWED,UNREVIEWED,UNREVIEWED,UNREVIEWED,LEGAL_REVIEW_REQUIRED,https://comptroller.texas.gov/taxes/property-tax/county-directory/gillespie.php,2026-09-16,DIRECTORY_LISTED by TX Comptroller. Site not fetched; terms not reviewed.
TX,Gillespie,County Tax Assessor-Collector,www.gillespiecounty.org,ANNUAL_TAX|DELINQUENT_TAX|PAYMENT_STATUS|TAX_SALE,UNREVIEWED,UNREVIEWED,UNREVIEWED,UNREVIEWED,UNREVIEWED,UNREVIEWED,UNREVIEWED,UNREVIEWED,UNREVIEWED,UNREVIEWED,UNREVIEWED,UNREVIEWED,LEGAL_REVIEW_REQUIRED,https://comptroller.texas.gov/taxes/property-tax/county-directory/gillespie.php,2026-09-16,DIRECTORY_LISTED by TX Comptroller. Site not fetched; terms not reviewed.
TX,Glasscock,County Appraisal District,www.glasscockcad.org,PROPERTY_IDENTITY|PARCEL_ID|ADDRESS|LEGAL_DESCRIPTION|PROPERTY_TYPE|ACREAGE|MARKET_VALUE|APPRAISED_VALUE|TAXABLE_VALUE|OWNERSHIP|PROPERTY_CHARACTERISTICS|GIS,UNREVIEWED,UNREVIEWED,UNREVIEWED,UNREVIEWED,UNREVIEWED,UNREVIEWED,UNREVIEWED,UNREVIEWED,UNREVIEWED,UNREVIEWED,UNREVIEWED,UNREVIEWED,LEGAL_REVIEW_REQUIRED,https://comptroller.texas.gov/taxes/property-tax/county-directory/glasscock.php,2026-09-16,DIRECTORY_LISTED by TX Comptroller. Site not fetched; terms not reviewed.
TX,Glasscock,County Tax Assessor-Collector,www.co.glasscock.tx.us,ANNUAL_TAX|DELINQUENT_TAX|PAYMENT_STATUS|TAX_SALE,UNREVIEWED,UNREVIEWED,UNREVIEWED,UNREVIEWED,UNREVIEWED,UNREVIEWED,UNREVIEWED,UNREVIEWED,UNREVIEWED,UNREVIEWED,UNREVIEWED,UNREVIEWED,LEGAL_REVIEW_REQUIRED,https://comptroller.texas.gov/taxes/property-tax/county-directory/glasscock.php,2026-09-16,DIRECTORY_LISTED by TX Comptroller. Site not fetched; terms not reviewed.
TX,Goliad,County Appraisal District,http://goliadcad.org,PROPERTY_IDENTITY|PARCEL_ID|ADDRESS|LEGAL_DESCRIPTION|PROPERTY_TYPE|ACREAGE|MARKET_VALUE|APPRAISED_VALUE|TAXABLE_VALUE|OWNERSHIP|PROPERTY_CHARACTERISTICS|GIS,UNREVIEWED,UNREVIEWED,UNREVIEWED,UNREVIEWED,UNREVIEWED,UNREVIEWED,UNREVIEWED,UNREVIEWED,UNREVIEWED,UNREVIEWED,UNREVIEWED,UNREVIEWED,LEGAL_REVIEW_REQUIRED,https://comptroller.texas.gov/taxes/property-tax/county-directory/goliad.php,2026-09-16,DIRECTORY_LISTED by TX Comptroller. Site not fetched; terms not reviewed.
TX,Goliad,County Tax Assessor-Collector,www.co.goliad.tx.us,ANNUAL_TAX|DELINQUENT_TAX|PAYMENT_STATUS|TAX_SALE,UNREVIEWED,UNREVIEWED,UNREVIEWED,UNREVIEWED,UNREVIEWED,UNREVIEWED,UNREVIEWED,UNREVIEWED,UNREVIEWED,UNREVIEWED,UNREVIEWED,UNREVIEWED,LEGAL_REVIEW_REQUIRED,https://comptroller.texas.gov/taxes/property-tax/county-directory/goliad.php,2026-09-16,DIRECTORY_LISTED by TX Comptroller. Site not fetched; terms not reviewed.
TX,Gonzales,County Appraisal District,www.gonzalescad.org,PROPERTY_IDENTITY|PARCEL_ID|ADDRESS|LEGAL_DESCRIPTION|PROPERTY_TYPE|ACREAGE|MARKET_VALUE|APPRAISED_VALUE|TAXABLE_VALUE|OWNERSHIP|PROPERTY_CHARACTERISTICS|GIS,UNREVIEWED,UNREVIEWED,UNREVIEWED,UNREVIEWED,UNREVIEWED,UNREVIEWED,UNREVIEWED,UNREVIEWED,UNREVIEWED,UNREVIEWED,UNREVIEWED,UNREVIEWED,LEGAL_REVIEW_REQUIRED,https://comptroller.texas.gov/taxes/property-tax/county-directory/gonzales.php,2026-09-16,DIRECTORY_LISTED by TX Comptroller. Site not fetched; terms not reviewed.
TX,Gonzales,County Tax Assessor-Collector,www.co.gonzales.tx.us,ANNUAL_TAX|DELINQUENT_TAX|PAYMENT_STATUS|TAX_SALE,UNREVIEWED,UNREVIEWED,UNREVIEWED,UNREVIEWED,UNREVIEWED,UNREVIEWED,UNREVIEWED,UNREVIEWED,UNREVIEWED,UNREVIEWED,UNREVIEWED,UNREVIEWED,LEGAL_REVIEW_REQUIRED,https://comptroller.texas.gov/taxes/property-tax/county-directory/gonzales.php,2026-09-16,DIRECTORY_LISTED by TX Comptroller. Site not fetched; terms not reviewed.
TX,Gray,County Appraisal District,www.graycad.org,PROPERTY_IDENTITY|PARCEL_ID|ADDRESS|LEGAL_DESCRIPTION|PROPERTY_TYPE|ACREAGE|MARKET_VALUE|APPRAISED_VALUE|TAXABLE_VALUE|OWNERSHIP|PROPERTY_CHARACTERISTICS|GIS,UNREVIEWED,UNREVIEWED,UNREVIEWED,UNREVIEWED,UNREVIEWED,UNREVIEWED,UNREVIEWED,UNREVIEWED,UNREVIEWED,UNREVIEWED,UNREVIEWED,UNREVIEWED,LEGAL_REVIEW_REQUIRED,https://comptroller.texas.gov/taxes/property-tax/county-directory/gray.php,2026-09-16,DIRECTORY_LISTED by TX Comptroller. Site not fetched; terms not reviewed.
TX,Gray,County Tax Assessor-Collector,www.co.gray.tx.us,ANNUAL_TAX|DELINQUENT_TAX|PAYMENT_STATUS|TAX_SALE,UNREVIEWED,UNREVIEWED,UNREVIEWED,UNREVIEWED,UNREVIEWED,UNREVIEWED,UNREVIEWED,UNREVIEWED,UNREVIEWED,UNREVIEWED,UNREVIEWED,UNREVIEWED,LEGAL_REVIEW_REQUIRED,https://comptroller.texas.gov/taxes/property-tax/county-directory/gray.php,2026-09-16,DIRECTORY_LISTED by TX Comptroller. Site not fetched; terms not reviewed.
TX,Grayson,County Appraisal District,www.graysonappraisal.org,PROPERTY_IDENTITY|PARCEL_ID|ADDRESS|LEGAL_DESCRIPTION|PROPERTY_TYPE|ACREAGE|MARKET_VALUE|APPRAISED_VALUE|TAXABLE_VALUE|OWNERSHIP|PROPERTY_CHARACTERISTICS|GIS,UNREVIEWED,UNREVIEWED,UNREVIEWED,UNREVIEWED,UNREVIEWED,UNREVIEWED,UNREVIEWED,UNREVIEWED,UNREVIEWED,UNREVIEWED,UNREVIEWED,UNREVIEWED,LEGAL_REVIEW_REQUIRED,https://comptroller.texas.gov/taxes/property-tax/county-directory/grayson.php,2026-09-16,DIRECTORY_LISTED by TX Comptroller. Site not fetched; terms not reviewed.
TX,Grayson,County Tax Assessor-Collector,www.co.grayson.tx.us,ANNUAL_TAX|DELINQUENT_TAX|PAYMENT_STATUS|TAX_SALE,UNREVIEWED,UNREVIEWED,UNREVIEWED,UNREVIEWED,UNREVIEWED,UNREVIEWED,UNREVIEWED,UNREVIEWED,UNREVIEWED,UNREVIEWED,UNREVIEWED,UNREVIEWED,LEGAL_REVIEW_REQUIRED,https://comptroller.texas.gov/taxes/property-tax/county-directory/grayson.php,2026-09-16,DIRECTORY_LISTED by TX Comptroller. Site not fetched; terms not reviewed.
TX,Gregg,County Appraisal District,www.gcad.org,PROPERTY_IDENTITY|PARCEL_ID|ADDRESS|LEGAL_DESCRIPTION|PROPERTY_TYPE|ACREAGE|MARKET_VALUE|APPRAISED_VALUE|TAXABLE_VALUE|OWNERSHIP|PROPERTY_CHARACTERISTICS|GIS,UNREVIEWED,UNREVIEWED,UNREVIEWED,UNREVIEWED,UNREVIEWED,UNREVIEWED,UNREVIEWED,UNREVIEWED,UNREVIEWED,UNREVIEWED,UNREVIEWED,UNREVIEWED,LEGAL_REVIEW_REQUIRED,https://comptroller.texas.gov/taxes/property-tax/county-directory/gregg.php,2026-09-16,DIRECTORY_LISTED by TX Comptroller. Site not fetched; terms not reviewed.
TX,Gregg,County Tax Assessor-Collector,www.greggcounty.texas.gov,ANNUAL_TAX|DELINQUENT_TAX|PAYMENT_STATUS|TAX_SALE,UNREVIEWED,UNREVIEWED,UNREVIEWED,UNREVIEWED,UNREVIEWED,UNREVIEWED,UNREVIEWED,UNREVIEWED,UNREVIEWED,UNREVIEWED,UNREVIEWED,UNREVIEWED,LEGAL_REVIEW_REQUIRED,https://comptroller.texas.gov/taxes/property-tax/county-directory/gregg.php,2026-09-16,DIRECTORY_LISTED by TX Comptroller. Site not fetched; terms not reviewed.
TX,Grimes,County Appraisal District,www.grimescad.org,PROPERTY_IDENTITY|PARCEL_ID|ADDRESS|LEGAL_DESCRIPTION|PROPERTY_TYPE|ACREAGE|MARKET_VALUE|APPRAISED_VALUE|TAXABLE_VALUE|OWNERSHIP|PROPERTY_CHARACTERISTICS|GIS,UNREVIEWED,UNREVIEWED,UNREVIEWED,UNREVIEWED,UNREVIEWED,UNREVIEWED,UNREVIEWED,UNREVIEWED,UNREVIEWED,UNREVIEWED,UNREVIEWED,UNREVIEWED,LEGAL_REVIEW_REQUIRED,https://comptroller.texas.gov/taxes/property-tax/county-directory/grimes.php,2026-09-16,DIRECTORY_LISTED by TX Comptroller. Site not fetched; terms not reviewed.
TX,Grimes,County Tax Assessor-Collector,www.grimescountytexas.gov,ANNUAL_TAX|DELINQUENT_TAX|PAYMENT_STATUS|TAX_SALE,UNREVIEWED,UNREVIEWED,UNREVIEWED,UNREVIEWED,UNREVIEWED,UNREVIEWED,UNREVIEWED,UNREVIEWED,UNREVIEWED,UNREVIEWED,UNREVIEWED,UNREVIEWED,LEGAL_REVIEW_REQUIRED,https://comptroller.texas.gov/taxes/property-tax/county-directory/grimes.php,2026-09-16,DIRECTORY_LISTED by TX Comptroller. Site not fetched; terms not reviewed.
TX,Guadalupe,County Appraisal District,www.guadalupead.org,PROPERTY_IDENTITY|PARCEL_ID|ADDRESS|LEGAL_DESCRIPTION|PROPERTY_TYPE|ACREAGE|MARKET_VALUE|APPRAISED_VALUE|TAXABLE_VALUE|OWNERSHIP|PROPERTY_CHARACTERISTICS|GIS,UNREVIEWED,UNREVIEWED,UNREVIEWED,UNREVIEWED,UNREVIEWED,UNREVIEWED,UNREVIEWED,UNREVIEWED,UNREVIEWED,UNREVIEWED,UNREVIEWED,UNREVIEWED,LEGAL_REVIEW_REQUIRED,https://comptroller.texas.gov/taxes/property-tax/county-directory/guadalupe.php,2026-09-16,DIRECTORY_LISTED by TX Comptroller. Site not fetched; terms not reviewed.
TX,Guadalupe,County Tax Assessor-Collector,www.co.guadalupe.tx.us,ANNUAL_TAX|DELINQUENT_TAX|PAYMENT_STATUS|TAX_SALE,UNREVIEWED,UNREVIEWED,UNREVIEWED,UNREVIEWED,UNREVIEWED,UNREVIEWED,UNREVIEWED,UNREVIEWED,UNREVIEWED,UNREVIEWED,UNREVIEWED,UNREVIEWED,LEGAL_REVIEW_REQUIRED,https://comptroller.texas.gov/taxes/property-tax/county-directory/guadalupe.php,2026-09-16,DIRECTORY_LISTED by TX Comptroller. Site not fetched; terms not reviewed.
TX,Hale,County Appraisal District,www.halecad.org,PROPERTY_IDENTITY|PARCEL_ID|ADDRESS|LEGAL_DESCRIPTION|PROPERTY_TYPE|ACREAGE|MARKET_VALUE|APPRAISED_VALUE|TAXABLE_VALUE|OWNERSHIP|PROPERTY_CHARACTERISTICS|GIS,UNREVIEWED,UNREVIEWED,UNREVIEWED,UNREVIEWED,UNREVIEWED,UNREVIEWED,UNREVIEWED,UNREVIEWED,UNREVIEWED,UNREVIEWED,UNREVIEWED,UNREVIEWED,LEGAL_REVIEW_REQUIRED,https://comptroller.texas.gov/taxes/property-tax/county-directory/hale.php,2026-09-16,DIRECTORY_LISTED by TX Comptroller. Site not fetched; terms not reviewed.
TX,Hale,County Tax Assessor-Collector,www.halecounty.org,ANNUAL_TAX|DELINQUENT_TAX|PAYMENT_STATUS|TAX_SALE,UNREVIEWED,UNREVIEWED,UNREVIEWED,UNREVIEWED,UNREVIEWED,UNREVIEWED,UNREVIEWED,UNREVIEWED,UNREVIEWED,UNREVIEWED,UNREVIEWED,UNREVIEWED,LEGAL_REVIEW_REQUIRED,https://comptroller.texas.gov/taxes/property-tax/county-directory/hale.php,2026-09-16,DIRECTORY_LISTED by TX Comptroller. Site not fetched; terms not reviewed.
TX,Hall,County Appraisal District,www.hallcad.org,PROPERTY_IDENTITY|PARCEL_ID|ADDRESS|LEGAL_DESCRIPTION|PROPERTY_TYPE|ACREAGE|MARKET_VALUE|APPRAISED_VALUE|TAXABLE_VALUE|OWNERSHIP|PROPERTY_CHARACTERISTICS|GIS,UNREVIEWED,UNREVIEWED,UNREVIEWED,UNREVIEWED,UNREVIEWED,UNREVIEWED,UNREVIEWED,UNREVIEWED,UNREVIEWED,UNREVIEWED,UNREVIEWED,UNREVIEWED,LEGAL_REVIEW_REQUIRED,https://comptroller.texas.gov/taxes/property-tax/county-directory/hall.php,2026-09-16,DIRECTORY_LISTED by TX Comptroller. Site not fetched; terms not reviewed.
TX,Hall,County Tax Assessor-Collector,www.co.hall.tx.us,ANNUAL_TAX|DELINQUENT_TAX|PAYMENT_STATUS|TAX_SALE,UNREVIEWED,UNREVIEWED,UNREVIEWED,UNREVIEWED,UNREVIEWED,UNREVIEWED,UNREVIEWED,UNREVIEWED,UNREVIEWED,UNREVIEWED,UNREVIEWED,UNREVIEWED,LEGAL_REVIEW_REQUIRED,https://comptroller.texas.gov/taxes/property-tax/county-directory/hall.php,2026-09-16,DIRECTORY_LISTED by TX Comptroller. Site not fetched; terms not reviewed.
TX,Hamilton,County Appraisal District,www.hamiltoncad.org,PROPERTY_IDENTITY|PARCEL_ID|ADDRESS|LEGAL_DESCRIPTION|PROPERTY_TYPE|ACREAGE|MARKET_VALUE|APPRAISED_VALUE|TAXABLE_VALUE|OWNERSHIP|PROPERTY_CHARACTERISTICS|GIS,UNREVIEWED,UNREVIEWED,UNREVIEWED,UNREVIEWED,UNREVIEWED,UNREVIEWED,UNREVIEWED,UNREVIEWED,UNREVIEWED,UNREVIEWED,UNREVIEWED,UNREVIEWED,LEGAL_REVIEW_REQUIRED,https://comptroller.texas.gov/taxes/property-tax/county-directory/hamilton.php,2026-09-16,DIRECTORY_LISTED by TX Comptroller. Site not fetched; terms not reviewed.
TX,Hamilton,County Tax Assessor-Collector,www.co.hamilton.tx.us,ANNUAL_TAX|DELINQUENT_TAX|PAYMENT_STATUS|TAX_SALE,UNREVIEWED,UNREVIEWED,UNREVIEWED,UNREVIEWED,UNREVIEWED,UNREVIEWED,UNREVIEWED,UNREVIEWED,UNREVIEWED,UNREVIEWED,UNREVIEWED,UNREVIEWED,LEGAL_REVIEW_REQUIRED,https://comptroller.texas.gov/taxes/property-tax/county-directory/hamilton.php,2026-09-16,DIRECTORY_LISTED by TX Comptroller. Site not fetched; terms not reviewed.
TX,Hansford,County Appraisal District,www.hansfordcad.org,PROPERTY_IDENTITY|PARCEL_ID|ADDRESS|LEGAL_DESCRIPTION|PROPERTY_TYPE|ACREAGE|MARKET_VALUE|APPRAISED_VALUE|TAXABLE_VALUE|OWNERSHIP|PROPERTY_CHARACTERISTICS|GIS,UNREVIEWED,UNREVIEWED,UNREVIEWED,UNREVIEWED,UNREVIEWED,UNREVIEWED,UNREVIEWED,UNREVIEWED,UNREVIEWED,UNREVIEWED,UNREVIEWED,UNREVIEWED,LEGAL_REVIEW_REQUIRED,https://comptroller.texas.gov/taxes/property-tax/county-directory/hansford.php,2026-09-16,DIRECTORY_LISTED by TX Comptroller. Site not fetched; terms not reviewed.
TX,Hansford,County Tax Assessor-Collector,www.co.hansford.tx.us,ANNUAL_TAX|DELINQUENT_TAX|PAYMENT_STATUS|TAX_SALE,UNREVIEWED,UNREVIEWED,UNREVIEWED,UNREVIEWED,UNREVIEWED,UNREVIEWED,UNREVIEWED,UNREVIEWED,UNREVIEWED,UNREVIEWED,UNREVIEWED,UNREVIEWED,LEGAL_REVIEW_REQUIRED,https://comptroller.texas.gov/taxes/property-tax/county-directory/hansford.php,2026-09-16,DIRECTORY_LISTED by TX Comptroller. Site not fetched; terms not reviewed.
TX,Hardeman,County Appraisal District,www.hardemancad.org,PROPERTY_IDENTITY|PARCEL_ID|ADDRESS|LEGAL_DESCRIPTION|PROPERTY_TYPE|ACREAGE|MARKET_VALUE|APPRAISED_VALUE|TAXABLE_VALUE|OWNERSHIP|PROPERTY_CHARACTERISTICS|GIS,UNREVIEWED,UNREVIEWED,UNREVIEWED,UNREVIEWED,UNREVIEWED,UNREVIEWED,UNREVIEWED,UNREVIEWED,UNREVIEWED,UNREVIEWED,UNREVIEWED,UNREVIEWED,LEGAL_REVIEW_REQUIRED,https://comptroller.texas.gov/taxes/property-tax/county-directory/hardeman.php,2026-09-16,DIRECTORY_LISTED by TX Comptroller. Site not fetched; terms not reviewed.
TX,Hardeman,County Tax Assessor-Collector,www.co.hardeman.tx.us,ANNUAL_TAX|DELINQUENT_TAX|PAYMENT_STATUS|TAX_SALE,UNREVIEWED,UNREVIEWED,UNREVIEWED,UNREVIEWED,UNREVIEWED,UNREVIEWED,UNREVIEWED,UNREVIEWED,UNREVIEWED,UNREVIEWED,UNREVIEWED,UNREVIEWED,LEGAL_REVIEW_REQUIRED,https://comptroller.texas.gov/taxes/property-tax/county-directory/hardeman.php,2026-09-16,DIRECTORY_LISTED by TX Comptroller. Site not fetched; terms not reviewed.
TX,Hardin,County Appraisal District,http://hardin-cad.org,PROPERTY_IDENTITY|PARCEL_ID|ADDRESS|LEGAL_DESCRIPTION|PROPERTY_TYPE|ACREAGE|MARKET_VALUE|APPRAISED_VALUE|TAXABLE_VALUE|OWNERSHIP|PROPERTY_CHARACTERISTICS|GIS,UNREVIEWED,UNREVIEWED,UNREVIEWED,UNREVIEWED,UNREVIEWED,UNREVIEWED,UNREVIEWED,UNREVIEWED,UNREVIEWED,UNREVIEWED,UNREVIEWED,UNREVIEWED,LEGAL_REVIEW_REQUIRED,https://comptroller.texas.gov/taxes/property-tax/county-directory/hardin.php,2026-09-16,DIRECTORY_LISTED by TX Comptroller. Site not fetched; terms not reviewed.
TX,Hardin,County Tax Assessor-Collector,www.co.hardin.tx.us,ANNUAL_TAX|DELINQUENT_TAX|PAYMENT_STATUS|TAX_SALE,UNREVIEWED,UNREVIEWED,UNREVIEWED,UNREVIEWED,UNREVIEWED,UNREVIEWED,UNREVIEWED,UNREVIEWED,UNREVIEWED,UNREVIEWED,UNREVIEWED,UNREVIEWED,LEGAL_REVIEW_REQUIRED,https://comptroller.texas.gov/taxes/property-tax/county-directory/hardin.php,2026-09-16,DIRECTORY_LISTED by TX Comptroller. Site not fetched; terms not reviewed.
TX,Harris,County Appraisal District,www.hcad.org,PROPERTY_IDENTITY|PARCEL_ID|ADDRESS|LEGAL_DESCRIPTION|PROPERTY_TYPE|ACREAGE|MARKET_VALUE|APPRAISED_VALUE|TAXABLE_VALUE|OWNERSHIP|PROPERTY_CHARACTERISTICS|GIS,UNREVIEWED,UNREVIEWED,UNREVIEWED,UNREVIEWED,UNREVIEWED,UNREVIEWED,UNREVIEWED,UNREVIEWED,UNREVIEWED,UNREVIEWED,UNREVIEWED,UNREVIEWED,LEGAL_REVIEW_REQUIRED,https://comptroller.texas.gov/taxes/property-tax/county-directory/harris.php,2026-09-16,DIRECTORY_LISTED by TX Comptroller. Site not fetched; terms not reviewed.
TX,Harris,County Tax Assessor-Collector,www.hctax.net,ANNUAL_TAX|DELINQUENT_TAX|PAYMENT_STATUS|TAX_SALE,UNREVIEWED,UNREVIEWED,UNREVIEWED,UNREVIEWED,UNREVIEWED,UNREVIEWED,UNREVIEWED,UNREVIEWED,UNREVIEWED,UNREVIEWED,UNREVIEWED,UNREVIEWED,LEGAL_REVIEW_REQUIRED,https://comptroller.texas.gov/taxes/property-tax/county-directory/harris.php,2026-09-16,DIRECTORY_LISTED by TX Comptroller. Site not fetched; terms not reviewed.
TX,Harrison,County Appraisal District,www.harrisoncad.net,PROPERTY_IDENTITY|PARCEL_ID|ADDRESS|LEGAL_DESCRIPTION|PROPERTY_TYPE|ACREAGE|MARKET_VALUE|APPRAISED_VALUE|TAXABLE_VALUE|OWNERSHIP|PROPERTY_CHARACTERISTICS|GIS,UNREVIEWED,UNREVIEWED,UNREVIEWED,UNREVIEWED,UNREVIEWED,UNREVIEWED,UNREVIEWED,UNREVIEWED,UNREVIEWED,UNREVIEWED,UNREVIEWED,UNREVIEWED,LEGAL_REVIEW_REQUIRED,https://comptroller.texas.gov/taxes/property-tax/county-directory/harrison.php,2026-09-16,DIRECTORY_LISTED by TX Comptroller. Site not fetched; terms not reviewed.
TX,Harrison,County Tax Assessor-Collector,www.harrisoncountytexas.gov,ANNUAL_TAX|DELINQUENT_TAX|PAYMENT_STATUS|TAX_SALE,UNREVIEWED,UNREVIEWED,UNREVIEWED,UNREVIEWED,UNREVIEWED,UNREVIEWED,UNREVIEWED,UNREVIEWED,UNREVIEWED,UNREVIEWED,UNREVIEWED,UNREVIEWED,LEGAL_REVIEW_REQUIRED,https://comptroller.texas.gov/taxes/property-tax/county-directory/harrison.php,2026-09-16,DIRECTORY_LISTED by TX Comptroller. Site not fetched; terms not reviewed.
TX,Hartley,County Appraisal District,www.hartleycad.org,PROPERTY_IDENTITY|PARCEL_ID|ADDRESS|LEGAL_DESCRIPTION|PROPERTY_TYPE|ACREAGE|MARKET_VALUE|APPRAISED_VALUE|TAXABLE_VALUE|OWNERSHIP|PROPERTY_CHARACTERISTICS|GIS,UNREVIEWED,UNREVIEWED,UNREVIEWED,UNREVIEWED,UNREVIEWED,UNREVIEWED,UNREVIEWED,UNREVIEWED,UNREVIEWED,UNREVIEWED,UNREVIEWED,UNREVIEWED,LEGAL_REVIEW_REQUIRED,https://comptroller.texas.gov/taxes/property-tax/county-directory/hartley.php,2026-09-16,DIRECTORY_LISTED by TX Comptroller. Site not fetched; terms not reviewed.
TX,Hartley,County Tax Assessor-Collector,www.co.hartley.tx.us,ANNUAL_TAX|DELINQUENT_TAX|PAYMENT_STATUS|TAX_SALE,UNREVIEWED,UNREVIEWED,UNREVIEWED,UNREVIEWED,UNREVIEWED,UNREVIEWED,UNREVIEWED,UNREVIEWED,UNREVIEWED,UNREVIEWED,UNREVIEWED,UNREVIEWED,LEGAL_REVIEW_REQUIRED,https://comptroller.texas.gov/taxes/property-tax/county-directory/hartley.php,2026-09-16,DIRECTORY_LISTED by TX Comptroller. Site not fetched; terms not reviewed.
TX,Haskell,County Appraisal District,www.haskellcad.com,PROPERTY_IDENTITY|PARCEL_ID|ADDRESS|LEGAL_DESCRIPTION|PROPERTY_TYPE|ACREAGE|MARKET_VALUE|APPRAISED_VALUE|TAXABLE_VALUE|OWNERSHIP|PROPERTY_CHARACTERISTICS|GIS,UNREVIEWED,UNREVIEWED,UNREVIEWED,UNREVIEWED,UNREVIEWED,UNREVIEWED,UNREVIEWED,UNREVIEWED,UNREVIEWED,UNREVIEWED,UNREVIEWED,UNREVIEWED,LEGAL_REVIEW_REQUIRED,https://comptroller.texas.gov/taxes/property-tax/county-directory/haskell.php,2026-09-16,DIRECTORY_LISTED by TX Comptroller. Site not fetched; terms not reviewed.
TX,Hays,County Appraisal District,www.hayscad.com,PROPERTY_IDENTITY|PARCEL_ID|ADDRESS|LEGAL_DESCRIPTION|PROPERTY_TYPE|ACREAGE|MARKET_VALUE|APPRAISED_VALUE|TAXABLE_VALUE|OWNERSHIP|PROPERTY_CHARACTERISTICS|GIS,UNREVIEWED,UNREVIEWED,UNREVIEWED,UNREVIEWED,UNREVIEWED,UNREVIEWED,UNREVIEWED,UNREVIEWED,UNREVIEWED,UNREVIEWED,UNREVIEWED,UNREVIEWED,LEGAL_REVIEW_REQUIRED,https://comptroller.texas.gov/taxes/property-tax/county-directory/hays.php,2026-09-16,DIRECTORY_LISTED by TX Comptroller. Site not fetched; terms not reviewed.
TX,Hays,County Tax Assessor-Collector,www.hayscountytx.gov,ANNUAL_TAX|DELINQUENT_TAX|PAYMENT_STATUS|TAX_SALE,UNREVIEWED,UNREVIEWED,UNREVIEWED,UNREVIEWED,UNREVIEWED,UNREVIEWED,UNREVIEWED,UNREVIEWED,UNREVIEWED,UNREVIEWED,UNREVIEWED,UNREVIEWED,LEGAL_REVIEW_REQUIRED,https://comptroller.texas.gov/taxes/property-tax/county-directory/hays.php,2026-09-16,DIRECTORY_LISTED by TX Comptroller. Site not fetched; terms not reviewed.
TX,Hemphill,County Appraisal District,hemphillcad.org,PROPERTY_IDENTITY|PARCEL_ID|ADDRESS|LEGAL_DESCRIPTION|PROPERTY_TYPE|ACREAGE|MARKET_VALUE|APPRAISED_VALUE|TAXABLE_VALUE|OWNERSHIP|PROPERTY_CHARACTERISTICS|GIS,UNREVIEWED,UNREVIEWED,UNREVIEWED,UNREVIEWED,UNREVIEWED,UNREVIEWED,UNREVIEWED,UNREVIEWED,UNREVIEWED,UNREVIEWED,UNREVIEWED,UNREVIEWED,LEGAL_REVIEW_REQUIRED,https://comptroller.texas.gov/taxes/property-tax/county-directory/hemphill.php,2026-09-16,DIRECTORY_LISTED by TX Comptroller. Site not fetched; terms not reviewed.
TX,Hemphill,County Tax Assessor-Collector,www.co.hemphill.tx.us,ANNUAL_TAX|DELINQUENT_TAX|PAYMENT_STATUS|TAX_SALE,UNREVIEWED,UNREVIEWED,UNREVIEWED,UNREVIEWED,UNREVIEWED,UNREVIEWED,UNREVIEWED,UNREVIEWED,UNREVIEWED,UNREVIEWED,UNREVIEWED,UNREVIEWED,LEGAL_REVIEW_REQUIRED,https://comptroller.texas.gov/taxes/property-tax/county-directory/hemphill.php,2026-09-16,DIRECTORY_LISTED by TX Comptroller. Site not fetched; terms not reviewed.
TX,Henderson,County Appraisal District,www.henderson-cad.org,PROPERTY_IDENTITY|PARCEL_ID|ADDRESS|LEGAL_DESCRIPTION|PROPERTY_TYPE|ACREAGE|MARKET_VALUE|APPRAISED_VALUE|TAXABLE_VALUE|OWNERSHIP|PROPERTY_CHARACTERISTICS|GIS,UNREVIEWED,UNREVIEWED,UNREVIEWED,UNREVIEWED,UNREVIEWED,UNREVIEWED,UNREVIEWED,UNREVIEWED,UNREVIEWED,UNREVIEWED,UNREVIEWED,UNREVIEWED,LEGAL_REVIEW_REQUIRED,https://comptroller.texas.gov/taxes/property-tax/county-directory/henderson.php,2026-09-16,DIRECTORY_LISTED by TX Comptroller. Site not fetched; terms not reviewed.
TX,Henderson,County Tax Assessor-Collector,www.henderson-county.com/,ANNUAL_TAX|DELINQUENT_TAX|PAYMENT_STATUS|TAX_SALE,UNREVIEWED,UNREVIEWED,UNREVIEWED,UNREVIEWED,UNREVIEWED,UNREVIEWED,UNREVIEWED,UNREVIEWED,UNREVIEWED,UNREVIEWED,UNREVIEWED,UNREVIEWED,LEGAL_REVIEW_REQUIRED,https://comptroller.texas.gov/taxes/property-tax/county-directory/henderson.php,2026-09-16,DIRECTORY_LISTED by TX Comptroller. Site not fetched; terms not reviewed.
TX,Hidalgo,County Appraisal District,www.hidalgoad.org,PROPERTY_IDENTITY|PARCEL_ID|ADDRESS|LEGAL_DESCRIPTION|PROPERTY_TYPE|ACREAGE|MARKET_VALUE|APPRAISED_VALUE|TAXABLE_VALUE|OWNERSHIP|PROPERTY_CHARACTERISTICS|GIS,UNREVIEWED,UNREVIEWED,UNREVIEWED,UNREVIEWED,UNREVIEWED,UNREVIEWED,UNREVIEWED,UNREVIEWED,UNREVIEWED,UNREVIEWED,UNREVIEWED,UNREVIEWED,LEGAL_REVIEW_REQUIRED,https://comptroller.texas.gov/taxes/property-tax/county-directory/hidalgo.php,2026-09-16,DIRECTORY_LISTED by TX Comptroller. Site not fetched; terms not reviewed.
TX,Hidalgo,County Tax Assessor-Collector,www.hidalgocounty.us,ANNUAL_TAX|DELINQUENT_TAX|PAYMENT_STATUS|TAX_SALE,UNREVIEWED,UNREVIEWED,UNREVIEWED,UNREVIEWED,UNREVIEWED,UNREVIEWED,UNREVIEWED,UNREVIEWED,UNREVIEWED,UNREVIEWED,UNREVIEWED,UNREVIEWED,LEGAL_REVIEW_REQUIRED,https://comptroller.texas.gov/taxes/property-tax/county-directory/hidalgo.php,2026-09-16,DIRECTORY_LISTED by TX Comptroller. Site not fetched; terms not reviewed.
TX,Hill,County Appraisal District,www.hillcad.org,PROPERTY_IDENTITY|PARCEL_ID|ADDRESS|LEGAL_DESCRIPTION|PROPERTY_TYPE|ACREAGE|MARKET_VALUE|APPRAISED_VALUE|TAXABLE_VALUE|OWNERSHIP|PROPERTY_CHARACTERISTICS|GIS,UNREVIEWED,UNREVIEWED,UNREVIEWED,UNREVIEWED,UNREVIEWED,UNREVIEWED,UNREVIEWED,UNREVIEWED,UNREVIEWED,UNREVIEWED,UNREVIEWED,UNREVIEWED,LEGAL_REVIEW_REQUIRED,https://comptroller.texas.gov/taxes/property-tax/county-directory/hill.php,2026-09-16,DIRECTORY_LISTED by TX Comptroller. Site not fetched; terms not reviewed.
TX,Hill,County Tax Assessor-Collector,www.hilltax.org,ANNUAL_TAX|DELINQUENT_TAX|PAYMENT_STATUS|TAX_SALE,UNREVIEWED,UNREVIEWED,UNREVIEWED,UNREVIEWED,UNREVIEWED,UNREVIEWED,UNREVIEWED,UNREVIEWED,UNREVIEWED,UNREVIEWED,UNREVIEWED,UNREVIEWED,LEGAL_REVIEW_REQUIRED,https://comptroller.texas.gov/taxes/property-tax/county-directory/hill.php,2026-09-16,DIRECTORY_LISTED by TX Comptroller. Site not fetched; terms not reviewed.
TX,Hockley,County Appraisal District,www.hockleycad.org,PROPERTY_IDENTITY|PARCEL_ID|ADDRESS|LEGAL_DESCRIPTION|PROPERTY_TYPE|ACREAGE|MARKET_VALUE|APPRAISED_VALUE|TAXABLE_VALUE|OWNERSHIP|PROPERTY_CHARACTERISTICS|GIS,UNREVIEWED,UNREVIEWED,UNREVIEWED,UNREVIEWED,UNREVIEWED,UNREVIEWED,UNREVIEWED,UNREVIEWED,UNREVIEWED,UNREVIEWED,UNREVIEWED,UNREVIEWED,LEGAL_REVIEW_REQUIRED,https://comptroller.texas.gov/taxes/property-tax/county-directory/hockley.php,2026-09-16,DIRECTORY_LISTED by TX Comptroller. Site not fetched; terms not reviewed.
TX,Hockley,County Tax Assessor-Collector,www.co.hockley.tx.us,ANNUAL_TAX|DELINQUENT_TAX|PAYMENT_STATUS|TAX_SALE,UNREVIEWED,UNREVIEWED,UNREVIEWED,UNREVIEWED,UNREVIEWED,UNREVIEWED,UNREVIEWED,UNREVIEWED,UNREVIEWED,UNREVIEWED,UNREVIEWED,UNREVIEWED,LEGAL_REVIEW_REQUIRED,https://comptroller.texas.gov/taxes/property-tax/county-directory/hockley.php,2026-09-16,DIRECTORY_LISTED by TX Comptroller. Site not fetched; terms not reviewed.
TX,Hood,County Appraisal District,www.hoodcad.net,PROPERTY_IDENTITY|PARCEL_ID|ADDRESS|LEGAL_DESCRIPTION|PROPERTY_TYPE|ACREAGE|MARKET_VALUE|APPRAISED_VALUE|TAXABLE_VALUE|OWNERSHIP|PROPERTY_CHARACTERISTICS|GIS,UNREVIEWED,UNREVIEWED,UNREVIEWED,UNREVIEWED,UNREVIEWED,UNREVIEWED,UNREVIEWED,UNREVIEWED,UNREVIEWED,UNREVIEWED,UNREVIEWED,UNREVIEWED,LEGAL_REVIEW_REQUIRED,https://comptroller.texas.gov/taxes/property-tax/county-directory/hood.php,2026-09-16,DIRECTORY_LISTED by TX Comptroller. Site not fetched; terms not reviewed.
TX,Hood,County Tax Assessor-Collector,www.hoodcounty.texas.gov,ANNUAL_TAX|DELINQUENT_TAX|PAYMENT_STATUS|TAX_SALE,UNREVIEWED,UNREVIEWED,UNREVIEWED,UNREVIEWED,UNREVIEWED,UNREVIEWED,UNREVIEWED,UNREVIEWED,UNREVIEWED,UNREVIEWED,UNREVIEWED,UNREVIEWED,LEGAL_REVIEW_REQUIRED,https://comptroller.texas.gov/taxes/property-tax/county-directory/hood.php,2026-09-16,DIRECTORY_LISTED by TX Comptroller. Site not fetched; terms not reviewed.
TX,Hopkins,County Appraisal District,www.hopkinscad.com,PROPERTY_IDENTITY|PARCEL_ID|ADDRESS|LEGAL_DESCRIPTION|PROPERTY_TYPE|ACREAGE|MARKET_VALUE|APPRAISED_VALUE|TAXABLE_VALUE|OWNERSHIP|PROPERTY_CHARACTERISTICS|GIS,UNREVIEWED,UNREVIEWED,UNREVIEWED,UNREVIEWED,UNREVIEWED,UNREVIEWED,UNREVIEWED,UNREVIEWED,UNREVIEWED,UNREVIEWED,UNREVIEWED,UNREVIEWED,LEGAL_REVIEW_REQUIRED,https://comptroller.texas.gov/taxes/property-tax/county-directory/hopkins.php,2026-09-16,DIRECTORY_LISTED by TX Comptroller. Site not fetched; terms not reviewed.
TX,Hopkins,County Tax Assessor-Collector,www.hopkinscountytx.org,ANNUAL_TAX|DELINQUENT_TAX|PAYMENT_STATUS|TAX_SALE,UNREVIEWED,UNREVIEWED,UNREVIEWED,UNREVIEWED,UNREVIEWED,UNREVIEWED,UNREVIEWED,UNREVIEWED,UNREVIEWED,UNREVIEWED,UNREVIEWED,UNREVIEWED,LEGAL_REVIEW_REQUIRED,https://comptroller.texas.gov/taxes/property-tax/county-directory/hopkins.php,2026-09-16,DIRECTORY_LISTED by TX Comptroller. Site not fetched; terms not reviewed.
TX,Houston,County Appraisal District,www.houstoncad.org,PROPERTY_IDENTITY|PARCEL_ID|ADDRESS|LEGAL_DESCRIPTION|PROPERTY_TYPE|ACREAGE|MARKET_VALUE|APPRAISED_VALUE|TAXABLE_VALUE|OWNERSHIP|PROPERTY_CHARACTERISTICS|GIS,UNREVIEWED,UNREVIEWED,UNREVIEWED,UNREVIEWED,UNREVIEWED,UNREVIEWED,UNREVIEWED,UNREVIEWED,UNREVIEWED,UNREVIEWED,UNREVIEWED,UNREVIEWED,LEGAL_REVIEW_REQUIRED,https://comptroller.texas.gov/taxes/property-tax/county-directory/houston.php,2026-09-16,DIRECTORY_LISTED by TX Comptroller. Site not fetched; terms not reviewed.
TX,Houston,County Tax Assessor-Collector,www.houstoncountytaxoffice.com,ANNUAL_TAX|DELINQUENT_TAX|PAYMENT_STATUS|TAX_SALE,UNREVIEWED,UNREVIEWED,UNREVIEWED,UNREVIEWED,UNREVIEWED,UNREVIEWED,UNREVIEWED,UNREVIEWED,UNREVIEWED,UNREVIEWED,UNREVIEWED,UNREVIEWED,LEGAL_REVIEW_REQUIRED,https://comptroller.texas.gov/taxes/property-tax/county-directory/houston.php,2026-09-16,DIRECTORY_LISTED by TX Comptroller. Site not fetched; terms not reviewed.
TX,Howard,County Appraisal District,http://www.howardcad.org,PROPERTY_IDENTITY|PARCEL_ID|ADDRESS|LEGAL_DESCRIPTION|PROPERTY_TYPE|ACREAGE|MARKET_VALUE|APPRAISED_VALUE|TAXABLE_VALUE|OWNERSHIP|PROPERTY_CHARACTERISTICS|GIS,UNREVIEWED,UNREVIEWED,UNREVIEWED,UNREVIEWED,UNREVIEWED,UNREVIEWED,UNREVIEWED,UNREVIEWED,UNREVIEWED,UNREVIEWED,UNREVIEWED,UNREVIEWED,LEGAL_REVIEW_REQUIRED,https://comptroller.texas.gov/taxes/property-tax/county-directory/howard.php,2026-09-16,DIRECTORY_LISTED by TX Comptroller. Site not fetched; terms not reviewed.
TX,Howard,County Tax Assessor-Collector,www.co.howard.tx.us,ANNUAL_TAX|DELINQUENT_TAX|PAYMENT_STATUS|TAX_SALE,UNREVIEWED,UNREVIEWED,UNREVIEWED,UNREVIEWED,UNREVIEWED,UNREVIEWED,UNREVIEWED,UNREVIEWED,UNREVIEWED,UNREVIEWED,UNREVIEWED,UNREVIEWED,LEGAL_REVIEW_REQUIRED,https://comptroller.texas.gov/taxes/property-tax/county-directory/howard.php,2026-09-16,DIRECTORY_LISTED by TX Comptroller. Site not fetched; terms not reviewed.
TX,Hudspeth,County Appraisal District,www.hudspethcad.org,PROPERTY_IDENTITY|PARCEL_ID|ADDRESS|LEGAL_DESCRIPTION|PROPERTY_TYPE|ACREAGE|MARKET_VALUE|APPRAISED_VALUE|TAXABLE_VALUE|OWNERSHIP|PROPERTY_CHARACTERISTICS|GIS,UNREVIEWED,UNREVIEWED,UNREVIEWED,UNREVIEWED,UNREVIEWED,UNREVIEWED,UNREVIEWED,UNREVIEWED,UNREVIEWED,UNREVIEWED,UNREVIEWED,UNREVIEWED,LEGAL_REVIEW_REQUIRED,https://comptroller.texas.gov/taxes/property-tax/county-directory/hudspeth.php,2026-09-16,DIRECTORY_LISTED by TX Comptroller. Site not fetched; terms not reviewed.
TX,Hudspeth,County Tax Assessor-Collector,www.co.hudspeth.tx.us,ANNUAL_TAX|DELINQUENT_TAX|PAYMENT_STATUS|TAX_SALE,UNREVIEWED,UNREVIEWED,UNREVIEWED,UNREVIEWED,UNREVIEWED,UNREVIEWED,UNREVIEWED,UNREVIEWED,UNREVIEWED,UNREVIEWED,UNREVIEWED,UNREVIEWED,LEGAL_REVIEW_REQUIRED,https://comptroller.texas.gov/taxes/property-tax/county-directory/hudspeth.php,2026-09-16,DIRECTORY_LISTED by TX Comptroller. Site not fetched; terms not reviewed.
TX,Hunt,County Appraisal District,www.hunt-cad.org,PROPERTY_IDENTITY|PARCEL_ID|ADDRESS|LEGAL_DESCRIPTION|PROPERTY_TYPE|ACREAGE|MARKET_VALUE|APPRAISED_VALUE|TAXABLE_VALUE|OWNERSHIP|PROPERTY_CHARACTERISTICS|GIS,UNREVIEWED,UNREVIEWED,UNREVIEWED,UNREVIEWED,UNREVIEWED,UNREVIEWED,UNREVIEWED,UNREVIEWED,UNREVIEWED,UNREVIEWED,UNREVIEWED,UNREVIEWED,LEGAL_REVIEW_REQUIRED,https://comptroller.texas.gov/taxes/property-tax/county-directory/hunt.php,2026-09-16,DIRECTORY_LISTED by TX Comptroller. Site not fetched; terms not reviewed.
TX,Hutchinson,County Appraisal District,www.hutchinsoncad.org,PROPERTY_IDENTITY|PARCEL_ID|ADDRESS|LEGAL_DESCRIPTION|PROPERTY_TYPE|ACREAGE|MARKET_VALUE|APPRAISED_VALUE|TAXABLE_VALUE|OWNERSHIP|PROPERTY_CHARACTERISTICS|GIS,UNREVIEWED,UNREVIEWED,UNREVIEWED,UNREVIEWED,UNREVIEWED,UNREVIEWED,UNREVIEWED,UNREVIEWED,UNREVIEWED,UNREVIEWED,UNREVIEWED,UNREVIEWED,LEGAL_REVIEW_REQUIRED,https://comptroller.texas.gov/taxes/property-tax/county-directory/hutchinson.php,2026-09-16,DIRECTORY_LISTED by TX Comptroller. Site not fetched; terms not reviewed.
TX,Hutchinson,County Tax Assessor-Collector,www.co.hutchinson.tx.us,ANNUAL_TAX|DELINQUENT_TAX|PAYMENT_STATUS|TAX_SALE,UNREVIEWED,UNREVIEWED,UNREVIEWED,UNREVIEWED,UNREVIEWED,UNREVIEWED,UNREVIEWED,UNREVIEWED,UNREVIEWED,UNREVIEWED,UNREVIEWED,UNREVIEWED,LEGAL_REVIEW_REQUIRED,https://comptroller.texas.gov/taxes/property-tax/county-directory/hutchinson.php,2026-09-16,DIRECTORY_LISTED by TX Comptroller. Site not fetched; terms not reviewed.
TX,Irion,County Appraisal District,www.irioncad.org,PROPERTY_IDENTITY|PARCEL_ID|ADDRESS|LEGAL_DESCRIPTION|PROPERTY_TYPE|ACREAGE|MARKET_VALUE|APPRAISED_VALUE|TAXABLE_VALUE|OWNERSHIP|PROPERTY_CHARACTERISTICS|GIS,UNREVIEWED,UNREVIEWED,UNREVIEWED,UNREVIEWED,UNREVIEWED,UNREVIEWED,UNREVIEWED,UNREVIEWED,UNREVIEWED,UNREVIEWED,UNREVIEWED,UNREVIEWED,LEGAL_REVIEW_REQUIRED,https://comptroller.texas.gov/taxes/property-tax/county-directory/irion.php,2026-09-16,DIRECTORY_LISTED by TX Comptroller. Site not fetched; terms not reviewed.
TX,Irion,County Tax Assessor-Collector,www.co.irion.tx.us,ANNUAL_TAX|DELINQUENT_TAX|PAYMENT_STATUS|TAX_SALE,UNREVIEWED,UNREVIEWED,UNREVIEWED,UNREVIEWED,UNREVIEWED,UNREVIEWED,UNREVIEWED,UNREVIEWED,UNREVIEWED,UNREVIEWED,UNREVIEWED,UNREVIEWED,LEGAL_REVIEW_REQUIRED,https://comptroller.texas.gov/taxes/property-tax/county-directory/irion.php,2026-09-16,DIRECTORY_LISTED by TX Comptroller. Site not fetched; terms not reviewed.
TX,Jack,County Appraisal District,www.jackcad.org,PROPERTY_IDENTITY|PARCEL_ID|ADDRESS|LEGAL_DESCRIPTION|PROPERTY_TYPE|ACREAGE|MARKET_VALUE|APPRAISED_VALUE|TAXABLE_VALUE|OWNERSHIP|PROPERTY_CHARACTERISTICS|GIS,UNREVIEWED,UNREVIEWED,UNREVIEWED,UNREVIEWED,UNREVIEWED,UNREVIEWED,UNREVIEWED,UNREVIEWED,UNREVIEWED,UNREVIEWED,UNREVIEWED,UNREVIEWED,LEGAL_REVIEW_REQUIRED,https://comptroller.texas.gov/taxes/property-tax/county-directory/jack.php,2026-09-16,DIRECTORY_LISTED by TX Comptroller. Site not fetched; terms not reviewed.
TX,Jack,County Tax Assessor-Collector,www.jackcounty.org,ANNUAL_TAX|DELINQUENT_TAX|PAYMENT_STATUS|TAX_SALE,UNREVIEWED,UNREVIEWED,UNREVIEWED,UNREVIEWED,UNREVIEWED,UNREVIEWED,UNREVIEWED,UNREVIEWED,UNREVIEWED,UNREVIEWED,UNREVIEWED,UNREVIEWED,LEGAL_REVIEW_REQUIRED,https://comptroller.texas.gov/taxes/property-tax/county-directory/jack.php,2026-09-16,DIRECTORY_LISTED by TX Comptroller. Site not fetched; terms not reviewed.
TX,Jackson,County Appraisal District,www.jacksoncad.org,PROPERTY_IDENTITY|PARCEL_ID|ADDRESS|LEGAL_DESCRIPTION|PROPERTY_TYPE|ACREAGE|MARKET_VALUE|APPRAISED_VALUE|TAXABLE_VALUE|OWNERSHIP|PROPERTY_CHARACTERISTICS|GIS,UNREVIEWED,UNREVIEWED,UNREVIEWED,UNREVIEWED,UNREVIEWED,UNREVIEWED,UNREVIEWED,UNREVIEWED,UNREVIEWED,UNREVIEWED,UNREVIEWED,UNREVIEWED,LEGAL_REVIEW_REQUIRED,https://comptroller.texas.gov/taxes/property-tax/county-directory/jackson.php,2026-09-16,DIRECTORY_LISTED by TX Comptroller. Site not fetched; terms not reviewed.
TX,Jackson,County Tax Assessor-Collector,www.co.jackson.tx.us,ANNUAL_TAX|DELINQUENT_TAX|PAYMENT_STATUS|TAX_SALE,UNREVIEWED,UNREVIEWED,UNREVIEWED,UNREVIEWED,UNREVIEWED,UNREVIEWED,UNREVIEWED,UNREVIEWED,UNREVIEWED,UNREVIEWED,UNREVIEWED,UNREVIEWED,LEGAL_REVIEW_REQUIRED,https://comptroller.texas.gov/taxes/property-tax/county-directory/jackson.php,2026-09-16,DIRECTORY_LISTED by TX Comptroller. Site not fetched; terms not reviewed.
TX,Jasper,County Appraisal District,www.jaspercad.org,PROPERTY_IDENTITY|PARCEL_ID|ADDRESS|LEGAL_DESCRIPTION|PROPERTY_TYPE|ACREAGE|MARKET_VALUE|APPRAISED_VALUE|TAXABLE_VALUE|OWNERSHIP|PROPERTY_CHARACTERISTICS|GIS,UNREVIEWED,UNREVIEWED,UNREVIEWED,UNREVIEWED,UNREVIEWED,UNREVIEWED,UNREVIEWED,UNREVIEWED,UNREVIEWED,UNREVIEWED,UNREVIEWED,UNREVIEWED,LEGAL_REVIEW_REQUIRED,https://comptroller.texas.gov/taxes/property-tax/county-directory/jasper.php,2026-09-16,DIRECTORY_LISTED by TX Comptroller. Site not fetched; terms not reviewed.
TX,Jasper,County Tax Assessor-Collector,www.co.jasper.tx.us,ANNUAL_TAX|DELINQUENT_TAX|PAYMENT_STATUS|TAX_SALE,UNREVIEWED,UNREVIEWED,UNREVIEWED,UNREVIEWED,UNREVIEWED,UNREVIEWED,UNREVIEWED,UNREVIEWED,UNREVIEWED,UNREVIEWED,UNREVIEWED,UNREVIEWED,LEGAL_REVIEW_REQUIRED,https://comptroller.texas.gov/taxes/property-tax/county-directory/jasper.php,2026-09-16,DIRECTORY_LISTED by TX Comptroller. Site not fetched; terms not reviewed.
TX,Jeff Davis,County Appraisal District,www.jeffdaviscad.org,PROPERTY_IDENTITY|PARCEL_ID|ADDRESS|LEGAL_DESCRIPTION|PROPERTY_TYPE|ACREAGE|MARKET_VALUE|APPRAISED_VALUE|TAXABLE_VALUE|OWNERSHIP|PROPERTY_CHARACTERISTICS|GIS,UNREVIEWED,UNREVIEWED,UNREVIEWED,UNREVIEWED,UNREVIEWED,UNREVIEWED,UNREVIEWED,UNREVIEWED,UNREVIEWED,UNREVIEWED,UNREVIEWED,UNREVIEWED,LEGAL_REVIEW_REQUIRED,https://comptroller.texas.gov/taxes/property-tax/county-directory/jeffdavis.php,2026-09-16,DIRECTORY_LISTED by TX Comptroller. Site not fetched; terms not reviewed.
TX,Jeff Davis,County Tax Assessor-Collector,www.jeffdaviscounty.texas.gov,ANNUAL_TAX|DELINQUENT_TAX|PAYMENT_STATUS|TAX_SALE,UNREVIEWED,UNREVIEWED,UNREVIEWED,UNREVIEWED,UNREVIEWED,UNREVIEWED,UNREVIEWED,UNREVIEWED,UNREVIEWED,UNREVIEWED,UNREVIEWED,UNREVIEWED,LEGAL_REVIEW_REQUIRED,https://comptroller.texas.gov/taxes/property-tax/county-directory/jeffdavis.php,2026-09-16,DIRECTORY_LISTED by TX Comptroller. Site not fetched; terms not reviewed.
TX,Jefferson,County Appraisal District,www.jcad.org,PROPERTY_IDENTITY|PARCEL_ID|ADDRESS|LEGAL_DESCRIPTION|PROPERTY_TYPE|ACREAGE|MARKET_VALUE|APPRAISED_VALUE|TAXABLE_VALUE|OWNERSHIP|PROPERTY_CHARACTERISTICS|GIS,UNREVIEWED,UNREVIEWED,UNREVIEWED,UNREVIEWED,UNREVIEWED,UNREVIEWED,UNREVIEWED,UNREVIEWED,UNREVIEWED,UNREVIEWED,UNREVIEWED,UNREVIEWED,LEGAL_REVIEW_REQUIRED,https://comptroller.texas.gov/taxes/property-tax/county-directory/jefferson.php,2026-09-16,DIRECTORY_LISTED by TX Comptroller. Site not fetched; terms not reviewed.
TX,Jefferson,County Tax Assessor-Collector,www.jeffcotax.com,ANNUAL_TAX|DELINQUENT_TAX|PAYMENT_STATUS|TAX_SALE,UNREVIEWED,UNREVIEWED,UNREVIEWED,UNREVIEWED,UNREVIEWED,UNREVIEWED,UNREVIEWED,UNREVIEWED,UNREVIEWED,UNREVIEWED,UNREVIEWED,UNREVIEWED,LEGAL_REVIEW_REQUIRED,https://comptroller.texas.gov/taxes/property-tax/county-directory/jefferson.php,2026-09-16,DIRECTORY_LISTED by TX Comptroller. Site not fetched; terms not reviewed.
TX,Jim Hogg,County Appraisal District,www.jimhogg-cad.org,PROPERTY_IDENTITY|PARCEL_ID|ADDRESS|LEGAL_DESCRIPTION|PROPERTY_TYPE|ACREAGE|MARKET_VALUE|APPRAISED_VALUE|TAXABLE_VALUE|OWNERSHIP|PROPERTY_CHARACTERISTICS|GIS,UNREVIEWED,UNREVIEWED,UNREVIEWED,UNREVIEWED,UNREVIEWED,UNREVIEWED,UNREVIEWED,UNREVIEWED,UNREVIEWED,UNREVIEWED,UNREVIEWED,UNREVIEWED,LEGAL_REVIEW_REQUIRED,https://comptroller.texas.gov/taxes/property-tax/county-directory/jimhogg.php,2026-09-16,DIRECTORY_LISTED by TX Comptroller. Site not fetched; terms not reviewed.
TX,Jim Hogg,County Tax Assessor-Collector,www.jimhoggcountytax.org,ANNUAL_TAX|DELINQUENT_TAX|PAYMENT_STATUS|TAX_SALE,UNREVIEWED,UNREVIEWED,UNREVIEWED,UNREVIEWED,UNREVIEWED,UNREVIEWED,UNREVIEWED,UNREVIEWED,UNREVIEWED,UNREVIEWED,UNREVIEWED,UNREVIEWED,LEGAL_REVIEW_REQUIRED,https://comptroller.texas.gov/taxes/property-tax/county-directory/jimhogg.php,2026-09-16,DIRECTORY_LISTED by TX Comptroller. Site not fetched; terms not reviewed.
TX,Jim Wells,County Appraisal District,www.jimwellscad.org,PROPERTY_IDENTITY|PARCEL_ID|ADDRESS|LEGAL_DESCRIPTION|PROPERTY_TYPE|ACREAGE|MARKET_VALUE|APPRAISED_VALUE|TAXABLE_VALUE|OWNERSHIP|PROPERTY_CHARACTERISTICS|GIS,UNREVIEWED,UNREVIEWED,UNREVIEWED,UNREVIEWED,UNREVIEWED,UNREVIEWED,UNREVIEWED,UNREVIEWED,UNREVIEWED,UNREVIEWED,UNREVIEWED,UNREVIEWED,LEGAL_REVIEW_REQUIRED,https://comptroller.texas.gov/taxes/property-tax/county-directory/jimwells.php,2026-09-16,DIRECTORY_LISTED by TX Comptroller. Site not fetched; terms not reviewed.
TX,Jim Wells,County Tax Assessor-Collector,www.co.jim-wells.tx.us,ANNUAL_TAX|DELINQUENT_TAX|PAYMENT_STATUS|TAX_SALE,UNREVIEWED,UNREVIEWED,UNREVIEWED,UNREVIEWED,UNREVIEWED,UNREVIEWED,UNREVIEWED,UNREVIEWED,UNREVIEWED,UNREVIEWED,UNREVIEWED,UNREVIEWED,LEGAL_REVIEW_REQUIRED,https://comptroller.texas.gov/taxes/property-tax/county-directory/jimwells.php,2026-09-16,DIRECTORY_LISTED by TX Comptroller. Site not fetched; terms not reviewed.
TX,Johnson,County Appraisal District,www.johnsoncad.com,PROPERTY_IDENTITY|PARCEL_ID|ADDRESS|LEGAL_DESCRIPTION|PROPERTY_TYPE|ACREAGE|MARKET_VALUE|APPRAISED_VALUE|TAXABLE_VALUE|OWNERSHIP|PROPERTY_CHARACTERISTICS|GIS,UNREVIEWED,UNREVIEWED,UNREVIEWED,UNREVIEWED,UNREVIEWED,UNREVIEWED,UNREVIEWED,UNREVIEWED,UNREVIEWED,UNREVIEWED,UNREVIEWED,UNREVIEWED,LEGAL_REVIEW_REQUIRED,https://comptroller.texas.gov/taxes/property-tax/county-directory/johnson.php,2026-09-16,DIRECTORY_LISTED by TX Comptroller. Site not fetched; terms not reviewed.
TX,Johnson,County Tax Assessor-Collector,www.johnsoncountytaxoffice.org,ANNUAL_TAX|DELINQUENT_TAX|PAYMENT_STATUS|TAX_SALE,UNREVIEWED,UNREVIEWED,UNREVIEWED,UNREVIEWED,UNREVIEWED,UNREVIEWED,UNREVIEWED,UNREVIEWED,UNREVIEWED,UNREVIEWED,UNREVIEWED,UNREVIEWED,LEGAL_REVIEW_REQUIRED,https://comptroller.texas.gov/taxes/property-tax/county-directory/johnson.php,2026-09-16,DIRECTORY_LISTED by TX Comptroller. Site not fetched; terms not reviewed.
TX,Jones,County Appraisal District,www.jonescad.org,PROPERTY_IDENTITY|PARCEL_ID|ADDRESS|LEGAL_DESCRIPTION|PROPERTY_TYPE|ACREAGE|MARKET_VALUE|APPRAISED_VALUE|TAXABLE_VALUE|OWNERSHIP|PROPERTY_CHARACTERISTICS|GIS,UNREVIEWED,UNREVIEWED,UNREVIEWED,UNREVIEWED,UNREVIEWED,UNREVIEWED,UNREVIEWED,UNREVIEWED,UNREVIEWED,UNREVIEWED,UNREVIEWED,UNREVIEWED,LEGAL_REVIEW_REQUIRED,https://comptroller.texas.gov/taxes/property-tax/county-directory/jones.php,2026-09-16,DIRECTORY_LISTED by TX Comptroller. Site not fetched; terms not reviewed.
TX,Jones,County Tax Assessor-Collector,www.co.jones.tx.us,ANNUAL_TAX|DELINQUENT_TAX|PAYMENT_STATUS|TAX_SALE,UNREVIEWED,UNREVIEWED,UNREVIEWED,UNREVIEWED,UNREVIEWED,UNREVIEWED,UNREVIEWED,UNREVIEWED,UNREVIEWED,UNREVIEWED,UNREVIEWED,UNREVIEWED,LEGAL_REVIEW_REQUIRED,https://comptroller.texas.gov/taxes/property-tax/county-directory/jones.php,2026-09-16,DIRECTORY_LISTED by TX Comptroller. Site not fetched; terms not reviewed.
TX,Karnes,County Appraisal District,www.karnescad.org,PROPERTY_IDENTITY|PARCEL_ID|ADDRESS|LEGAL_DESCRIPTION|PROPERTY_TYPE|ACREAGE|MARKET_VALUE|APPRAISED_VALUE|TAXABLE_VALUE|OWNERSHIP|PROPERTY_CHARACTERISTICS|GIS,UNREVIEWED,UNREVIEWED,UNREVIEWED,UNREVIEWED,UNREVIEWED,UNREVIEWED,UNREVIEWED,UNREVIEWED,UNREVIEWED,UNREVIEWED,UNREVIEWED,UNREVIEWED,LEGAL_REVIEW_REQUIRED,https://comptroller.texas.gov/taxes/property-tax/county-directory/karnes.php,2026-09-16,DIRECTORY_LISTED by TX Comptroller. Site not fetched; terms not reviewed.
TX,Karnes,County Tax Assessor-Collector,www.co.karnes.tx.us,ANNUAL_TAX|DELINQUENT_TAX|PAYMENT_STATUS|TAX_SALE,UNREVIEWED,UNREVIEWED,UNREVIEWED,UNREVIEWED,UNREVIEWED,UNREVIEWED,UNREVIEWED,UNREVIEWED,UNREVIEWED,UNREVIEWED,UNREVIEWED,UNREVIEWED,LEGAL_REVIEW_REQUIRED,https://comptroller.texas.gov/taxes/property-tax/county-directory/karnes.php,2026-09-16,DIRECTORY_LISTED by TX Comptroller. Site not fetched; terms not reviewed.
TX,Kaufman,County Tax Assessor-Collector,www.kaufmancounty.net/247/Tax-Assessor,ANNUAL_TAX|DELINQUENT_TAX|PAYMENT_STATUS|TAX_SALE,UNREVIEWED,UNREVIEWED,UNREVIEWED,UNREVIEWED,UNREVIEWED,UNREVIEWED,UNREVIEWED,UNREVIEWED,UNREVIEWED,UNREVIEWED,UNREVIEWED,UNREVIEWED,LEGAL_REVIEW_REQUIRED,https://comptroller.texas.gov/taxes/property-tax/county-directory/kaufman.php,2026-09-16,DIRECTORY_LISTED by TX Comptroller. Site not fetched; terms not reviewed.
TX,Kendall,County Appraisal District,www.kendallad.org,PROPERTY_IDENTITY|PARCEL_ID|ADDRESS|LEGAL_DESCRIPTION|PROPERTY_TYPE|ACREAGE|MARKET_VALUE|APPRAISED_VALUE|TAXABLE_VALUE|OWNERSHIP|PROPERTY_CHARACTERISTICS|GIS,UNREVIEWED,UNREVIEWED,UNREVIEWED,UNREVIEWED,UNREVIEWED,UNREVIEWED,UNREVIEWED,UNREVIEWED,UNREVIEWED,UNREVIEWED,UNREVIEWED,UNREVIEWED,LEGAL_REVIEW_REQUIRED,https://comptroller.texas.gov/taxes/property-tax/county-directory/kendall.php,2026-09-16,DIRECTORY_LISTED by TX Comptroller. Site not fetched; terms not reviewed.
TX,Kendall,County Tax Assessor-Collector,www.co.kendall.tx.us,ANNUAL_TAX|DELINQUENT_TAX|PAYMENT_STATUS|TAX_SALE,UNREVIEWED,UNREVIEWED,UNREVIEWED,UNREVIEWED,UNREVIEWED,UNREVIEWED,UNREVIEWED,UNREVIEWED,UNREVIEWED,UNREVIEWED,UNREVIEWED,UNREVIEWED,LEGAL_REVIEW_REQUIRED,https://comptroller.texas.gov/taxes/property-tax/county-directory/kendall.php,2026-09-16,DIRECTORY_LISTED by TX Comptroller. Site not fetched; terms not reviewed.
TX,Kenedy,County Appraisal District,www.kenedycad.org,PROPERTY_IDENTITY|PARCEL_ID|ADDRESS|LEGAL_DESCRIPTION|PROPERTY_TYPE|ACREAGE|MARKET_VALUE|APPRAISED_VALUE|TAXABLE_VALUE|OWNERSHIP|PROPERTY_CHARACTERISTICS|GIS,UNREVIEWED,UNREVIEWED,UNREVIEWED,UNREVIEWED,UNREVIEWED,UNREVIEWED,UNREVIEWED,UNREVIEWED,UNREVIEWED,UNREVIEWED,UNREVIEWED,UNREVIEWED,LEGAL_REVIEW_REQUIRED,https://comptroller.texas.gov/taxes/property-tax/county-directory/kenedy.php,2026-09-16,DIRECTORY_LISTED by TX Comptroller. Site not fetched; terms not reviewed.
TX,Kenedy,County Tax Assessor-Collector,www.kenedycountytx.gov,ANNUAL_TAX|DELINQUENT_TAX|PAYMENT_STATUS|TAX_SALE,UNREVIEWED,UNREVIEWED,UNREVIEWED,UNREVIEWED,UNREVIEWED,UNREVIEWED,UNREVIEWED,UNREVIEWED,UNREVIEWED,UNREVIEWED,UNREVIEWED,UNREVIEWED,LEGAL_REVIEW_REQUIRED,https://comptroller.texas.gov/taxes/property-tax/county-directory/kenedy.php,2026-09-16,DIRECTORY_LISTED by TX Comptroller. Site not fetched; terms not reviewed.
TX,Kent,County Appraisal District,www.kentcad.org,PROPERTY_IDENTITY|PARCEL_ID|ADDRESS|LEGAL_DESCRIPTION|PROPERTY_TYPE|ACREAGE|MARKET_VALUE|APPRAISED_VALUE|TAXABLE_VALUE|OWNERSHIP|PROPERTY_CHARACTERISTICS|GIS,UNREVIEWED,UNREVIEWED,UNREVIEWED,UNREVIEWED,UNREVIEWED,UNREVIEWED,UNREVIEWED,UNREVIEWED,UNREVIEWED,UNREVIEWED,UNREVIEWED,UNREVIEWED,LEGAL_REVIEW_REQUIRED,https://comptroller.texas.gov/taxes/property-tax/county-directory/kent.php,2026-09-16,DIRECTORY_LISTED by TX Comptroller. Site not fetched; terms not reviewed.
TX,Kent,County Tax Assessor-Collector,www.co.kent.tx.us,ANNUAL_TAX|DELINQUENT_TAX|PAYMENT_STATUS|TAX_SALE,UNREVIEWED,UNREVIEWED,UNREVIEWED,UNREVIEWED,UNREVIEWED,UNREVIEWED,UNREVIEWED,UNREVIEWED,UNREVIEWED,UNREVIEWED,UNREVIEWED,UNREVIEWED,LEGAL_REVIEW_REQUIRED,https://comptroller.texas.gov/taxes/property-tax/county-directory/kent.php,2026-09-16,DIRECTORY_LISTED by TX Comptroller. Site not fetched; terms not reviewed.
TX,Kerr,County Appraisal District,www.kerrcad.org,PROPERTY_IDENTITY|PARCEL_ID|ADDRESS|LEGAL_DESCRIPTION|PROPERTY_TYPE|ACREAGE|MARKET_VALUE|APPRAISED_VALUE|TAXABLE_VALUE|OWNERSHIP|PROPERTY_CHARACTERISTICS|GIS,UNREVIEWED,UNREVIEWED,UNREVIEWED,UNREVIEWED,UNREVIEWED,UNREVIEWED,UNREVIEWED,UNREVIEWED,UNREVIEWED,UNREVIEWED,UNREVIEWED,UNREVIEWED,LEGAL_REVIEW_REQUIRED,https://comptroller.texas.gov/taxes/property-tax/county-directory/kerr.php,2026-09-16,DIRECTORY_LISTED by TX Comptroller. Site not fetched; terms not reviewed.
TX,Kerr,County Tax Assessor-Collector,www.co.kerr.tx.us,ANNUAL_TAX|DELINQUENT_TAX|PAYMENT_STATUS|TAX_SALE,UNREVIEWED,UNREVIEWED,UNREVIEWED,UNREVIEWED,UNREVIEWED,UNREVIEWED,UNREVIEWED,UNREVIEWED,UNREVIEWED,UNREVIEWED,UNREVIEWED,UNREVIEWED,LEGAL_REVIEW_REQUIRED,https://comptroller.texas.gov/taxes/property-tax/county-directory/kerr.php,2026-09-16,DIRECTORY_LISTED by TX Comptroller. Site not fetched; terms not reviewed.
TX,Kimble,County Appraisal District,www.kimblecad.org,PROPERTY_IDENTITY|PARCEL_ID|ADDRESS|LEGAL_DESCRIPTION|PROPERTY_TYPE|ACREAGE|MARKET_VALUE|APPRAISED_VALUE|TAXABLE_VALUE|OWNERSHIP|PROPERTY_CHARACTERISTICS|GIS,UNREVIEWED,UNREVIEWED,UNREVIEWED,UNREVIEWED,UNREVIEWED,UNREVIEWED,UNREVIEWED,UNREVIEWED,UNREVIEWED,UNREVIEWED,UNREVIEWED,UNREVIEWED,LEGAL_REVIEW_REQUIRED,https://comptroller.texas.gov/taxes/property-tax/county-directory/kimble.php,2026-09-16,DIRECTORY_LISTED by TX Comptroller. Site not fetched; terms not reviewed.
TX,Kimble,County Tax Assessor-Collector,www.co.kimble.tx.us,ANNUAL_TAX|DELINQUENT_TAX|PAYMENT_STATUS|TAX_SALE,UNREVIEWED,UNREVIEWED,UNREVIEWED,UNREVIEWED,UNREVIEWED,UNREVIEWED,UNREVIEWED,UNREVIEWED,UNREVIEWED,UNREVIEWED,UNREVIEWED,UNREVIEWED,LEGAL_REVIEW_REQUIRED,https://comptroller.texas.gov/taxes/property-tax/county-directory/kimble.php,2026-09-16,DIRECTORY_LISTED by TX Comptroller. Site not fetched; terms not reviewed.
TX,King,County Appraisal District,www.kingcad.org,PROPERTY_IDENTITY|PARCEL_ID|ADDRESS|LEGAL_DESCRIPTION|PROPERTY_TYPE|ACREAGE|MARKET_VALUE|APPRAISED_VALUE|TAXABLE_VALUE|OWNERSHIP|PROPERTY_CHARACTERISTICS|GIS,UNREVIEWED,UNREVIEWED,UNREVIEWED,UNREVIEWED,UNREVIEWED,UNREVIEWED,UNREVIEWED,UNREVIEWED,UNREVIEWED,UNREVIEWED,UNREVIEWED,UNREVIEWED,LEGAL_REVIEW_REQUIRED,https://comptroller.texas.gov/taxes/property-tax/county-directory/king.php,2026-09-16,DIRECTORY_LISTED by TX Comptroller. Site not fetched; terms not reviewed.
TX,King,County Tax Assessor-Collector,www.co.king.tx.us/page/king.Assessor.Collector,ANNUAL_TAX|DELINQUENT_TAX|PAYMENT_STATUS|TAX_SALE,UNREVIEWED,UNREVIEWED,UNREVIEWED,UNREVIEWED,UNREVIEWED,UNREVIEWED,UNREVIEWED,UNREVIEWED,UNREVIEWED,UNREVIEWED,UNREVIEWED,UNREVIEWED,LEGAL_REVIEW_REQUIRED,https://comptroller.texas.gov/taxes/property-tax/county-directory/king.php,2026-09-16,DIRECTORY_LISTED by TX Comptroller. Site not fetched; terms not reviewed.
TX,Kinney,County Appraisal District,www.kinneycad.org,PROPERTY_IDENTITY|PARCEL_ID|ADDRESS|LEGAL_DESCRIPTION|PROPERTY_TYPE|ACREAGE|MARKET_VALUE|APPRAISED_VALUE|TAXABLE_VALUE|OWNERSHIP|PROPERTY_CHARACTERISTICS|GIS,UNREVIEWED,UNREVIEWED,UNREVIEWED,UNREVIEWED,UNREVIEWED,UNREVIEWED,UNREVIEWED,UNREVIEWED,UNREVIEWED,UNREVIEWED,UNREVIEWED,UNREVIEWED,LEGAL_REVIEW_REQUIRED,https://comptroller.texas.gov/taxes/property-tax/county-directory/kinney.php,2026-09-16,DIRECTORY_LISTED by TX Comptroller. Site not fetched; terms not reviewed.
TX,Kinney,County Tax Assessor-Collector,www.co.kinney.tx.us,ANNUAL_TAX|DELINQUENT_TAX|PAYMENT_STATUS|TAX_SALE,UNREVIEWED,UNREVIEWED,UNREVIEWED,UNREVIEWED,UNREVIEWED,UNREVIEWED,UNREVIEWED,UNREVIEWED,UNREVIEWED,UNREVIEWED,UNREVIEWED,UNREVIEWED,LEGAL_REVIEW_REQUIRED,https://comptroller.texas.gov/taxes/property-tax/county-directory/kinney.php,2026-09-16,DIRECTORY_LISTED by TX Comptroller. Site not fetched; terms not reviewed.
TX,Kleberg,County Tax Assessor-Collector,www.co.kleberg.tx.us,ANNUAL_TAX|DELINQUENT_TAX|PAYMENT_STATUS|TAX_SALE,UNREVIEWED,UNREVIEWED,UNREVIEWED,UNREVIEWED,UNREVIEWED,UNREVIEWED,UNREVIEWED,UNREVIEWED,UNREVIEWED,UNREVIEWED,UNREVIEWED,UNREVIEWED,LEGAL_REVIEW_REQUIRED,https://comptroller.texas.gov/taxes/property-tax/county-directory/kleberg.php,2026-09-16,DIRECTORY_LISTED by TX Comptroller. Site not fetched; terms not reviewed.
TX,Knox,County Appraisal District,www.knoxcad.com,PROPERTY_IDENTITY|PARCEL_ID|ADDRESS|LEGAL_DESCRIPTION|PROPERTY_TYPE|ACREAGE|MARKET_VALUE|APPRAISED_VALUE|TAXABLE_VALUE|OWNERSHIP|PROPERTY_CHARACTERISTICS|GIS,UNREVIEWED,UNREVIEWED,UNREVIEWED,UNREVIEWED,UNREVIEWED,UNREVIEWED,UNREVIEWED,UNREVIEWED,UNREVIEWED,UNREVIEWED,UNREVIEWED,UNREVIEWED,LEGAL_REVIEW_REQUIRED,https://comptroller.texas.gov/taxes/property-tax/county-directory/knox.php,2026-09-16,DIRECTORY_LISTED by TX Comptroller. Site not fetched; terms not reviewed.
TX,Knox,County Tax Assessor-Collector,www.knoxcountytexas.org,ANNUAL_TAX|DELINQUENT_TAX|PAYMENT_STATUS|TAX_SALE,UNREVIEWED,UNREVIEWED,UNREVIEWED,UNREVIEWED,UNREVIEWED,UNREVIEWED,UNREVIEWED,UNREVIEWED,UNREVIEWED,UNREVIEWED,UNREVIEWED,UNREVIEWED,LEGAL_REVIEW_REQUIRED,https://comptroller.texas.gov/taxes/property-tax/county-directory/knox.php,2026-09-16,DIRECTORY_LISTED by TX Comptroller. Site not fetched; terms not reviewed.
TX,Lamar,County Appraisal District,www.lamarcad.org,PROPERTY_IDENTITY|PARCEL_ID|ADDRESS|LEGAL_DESCRIPTION|PROPERTY_TYPE|ACREAGE|MARKET_VALUE|APPRAISED_VALUE|TAXABLE_VALUE|OWNERSHIP|PROPERTY_CHARACTERISTICS|GIS,UNREVIEWED,UNREVIEWED,UNREVIEWED,UNREVIEWED,UNREVIEWED,UNREVIEWED,UNREVIEWED,UNREVIEWED,UNREVIEWED,UNREVIEWED,UNREVIEWED,UNREVIEWED,LEGAL_REVIEW_REQUIRED,https://comptroller.texas.gov/taxes/property-tax/county-directory/lamar.php,2026-09-16,DIRECTORY_LISTED by TX Comptroller. Site not fetched; terms not reviewed.
TX,Lamar,County Tax Assessor-Collector,www.co.lamar.tx.us,ANNUAL_TAX|DELINQUENT_TAX|PAYMENT_STATUS|TAX_SALE,UNREVIEWED,UNREVIEWED,UNREVIEWED,UNREVIEWED,UNREVIEWED,UNREVIEWED,UNREVIEWED,UNREVIEWED,UNREVIEWED,UNREVIEWED,UNREVIEWED,UNREVIEWED,LEGAL_REVIEW_REQUIRED,https://comptroller.texas.gov/taxes/property-tax/county-directory/lamar.php,2026-09-16,DIRECTORY_LISTED by TX Comptroller. Site not fetched; terms not reviewed.
TX,Lamb,County Appraisal District,www.lambcad.org,PROPERTY_IDENTITY|PARCEL_ID|ADDRESS|LEGAL_DESCRIPTION|PROPERTY_TYPE|ACREAGE|MARKET_VALUE|APPRAISED_VALUE|TAXABLE_VALUE|OWNERSHIP|PROPERTY_CHARACTERISTICS|GIS,UNREVIEWED,UNREVIEWED,UNREVIEWED,UNREVIEWED,UNREVIEWED,UNREVIEWED,UNREVIEWED,UNREVIEWED,UNREVIEWED,UNREVIEWED,UNREVIEWED,UNREVIEWED,LEGAL_REVIEW_REQUIRED,https://comptroller.texas.gov/taxes/property-tax/county-directory/lamb.php,2026-09-16,DIRECTORY_LISTED by TX Comptroller. Site not fetched; terms not reviewed.
TX,Lamb,County Tax Assessor-Collector,www.co.lamb.tx.us,ANNUAL_TAX|DELINQUENT_TAX|PAYMENT_STATUS|TAX_SALE,UNREVIEWED,UNREVIEWED,UNREVIEWED,UNREVIEWED,UNREVIEWED,UNREVIEWED,UNREVIEWED,UNREVIEWED,UNREVIEWED,UNREVIEWED,UNREVIEWED,UNREVIEWED,LEGAL_REVIEW_REQUIRED,https://comptroller.texas.gov/taxes/property-tax/county-directory/lamb.php,2026-09-16,DIRECTORY_LISTED by TX Comptroller. Site not fetched; terms not reviewed.
TX,Lampasas,County Appraisal District,www.lampasascad.com,PROPERTY_IDENTITY|PARCEL_ID|ADDRESS|LEGAL_DESCRIPTION|PROPERTY_TYPE|ACREAGE|MARKET_VALUE|APPRAISED_VALUE|TAXABLE_VALUE|OWNERSHIP|PROPERTY_CHARACTERISTICS|GIS,UNREVIEWED,UNREVIEWED,UNREVIEWED,UNREVIEWED,UNREVIEWED,UNREVIEWED,UNREVIEWED,UNREVIEWED,UNREVIEWED,UNREVIEWED,UNREVIEWED,UNREVIEWED,LEGAL_REVIEW_REQUIRED,https://comptroller.texas.gov/taxes/property-tax/county-directory/lampasas.php,2026-09-16,DIRECTORY_LISTED by TX Comptroller. Site not fetched; terms not reviewed.
TX,Lampasas,County Tax Assessor-Collector,www.co.lampasas.tx.us,ANNUAL_TAX|DELINQUENT_TAX|PAYMENT_STATUS|TAX_SALE,UNREVIEWED,UNREVIEWED,UNREVIEWED,UNREVIEWED,UNREVIEWED,UNREVIEWED,UNREVIEWED,UNREVIEWED,UNREVIEWED,UNREVIEWED,UNREVIEWED,UNREVIEWED,LEGAL_REVIEW_REQUIRED,https://comptroller.texas.gov/taxes/property-tax/county-directory/lampasas.php,2026-09-16,DIRECTORY_LISTED by TX Comptroller. Site not fetched; terms not reviewed.
TX,La Salle,County Appraisal District,www.lasallecad.com,PROPERTY_IDENTITY|PARCEL_ID|ADDRESS|LEGAL_DESCRIPTION|PROPERTY_TYPE|ACREAGE|MARKET_VALUE|APPRAISED_VALUE|TAXABLE_VALUE|OWNERSHIP|PROPERTY_CHARACTERISTICS|GIS,UNREVIEWED,UNREVIEWED,UNREVIEWED,UNREVIEWED,UNREVIEWED,UNREVIEWED,UNREVIEWED,UNREVIEWED,UNREVIEWED,UNREVIEWED,UNREVIEWED,UNREVIEWED,LEGAL_REVIEW_REQUIRED,https://comptroller.texas.gov/taxes/property-tax/county-directory/lasalle.php,2026-09-16,DIRECTORY_LISTED by TX Comptroller. Site not fetched; terms not reviewed.
TX,La Salle,County Tax Assessor-Collector,www.lasallecountytxtax.org,ANNUAL_TAX|DELINQUENT_TAX|PAYMENT_STATUS|TAX_SALE,UNREVIEWED,UNREVIEWED,UNREVIEWED,UNREVIEWED,UNREVIEWED,UNREVIEWED,UNREVIEWED,UNREVIEWED,UNREVIEWED,UNREVIEWED,UNREVIEWED,UNREVIEWED,LEGAL_REVIEW_REQUIRED,https://comptroller.texas.gov/taxes/property-tax/county-directory/lasalle.php,2026-09-16,DIRECTORY_LISTED by TX Comptroller. Site not fetched; terms not reviewed.
TX,Lavaca,County Appraisal District,www.lavacacad.com,PROPERTY_IDENTITY|PARCEL_ID|ADDRESS|LEGAL_DESCRIPTION|PROPERTY_TYPE|ACREAGE|MARKET_VALUE|APPRAISED_VALUE|TAXABLE_VALUE|OWNERSHIP|PROPERTY_CHARACTERISTICS|GIS,UNREVIEWED,UNREVIEWED,UNREVIEWED,UNREVIEWED,UNREVIEWED,UNREVIEWED,UNREVIEWED,UNREVIEWED,UNREVIEWED,UNREVIEWED,UNREVIEWED,UNREVIEWED,LEGAL_REVIEW_REQUIRED,https://comptroller.texas.gov/taxes/property-tax/county-directory/lavaca.php,2026-09-16,DIRECTORY_LISTED by TX Comptroller. Site not fetched; terms not reviewed.
TX,Lavaca,County Tax Assessor-Collector,www.co.lavaca.tx.us,ANNUAL_TAX|DELINQUENT_TAX|PAYMENT_STATUS|TAX_SALE,UNREVIEWED,UNREVIEWED,UNREVIEWED,UNREVIEWED,UNREVIEWED,UNREVIEWED,UNREVIEWED,UNREVIEWED,UNREVIEWED,UNREVIEWED,UNREVIEWED,UNREVIEWED,LEGAL_REVIEW_REQUIRED,https://comptroller.texas.gov/taxes/property-tax/county-directory/lavaca.php,2026-09-16,DIRECTORY_LISTED by TX Comptroller. Site not fetched; terms not reviewed.
TX,Lee,County Appraisal District,www.lee-cad.org,PROPERTY_IDENTITY|PARCEL_ID|ADDRESS|LEGAL_DESCRIPTION|PROPERTY_TYPE|ACREAGE|MARKET_VALUE|APPRAISED_VALUE|TAXABLE_VALUE|OWNERSHIP|PROPERTY_CHARACTERISTICS|GIS,UNREVIEWED,UNREVIEWED,UNREVIEWED,UNREVIEWED,UNREVIEWED,UNREVIEWED,UNREVIEWED,UNREVIEWED,UNREVIEWED,UNREVIEWED,UNREVIEWED,UNREVIEWED,LEGAL_REVIEW_REQUIRED,https://comptroller.texas.gov/taxes/property-tax/county-directory/lee.php,2026-09-16,DIRECTORY_LISTED by TX Comptroller. Site not fetched; terms not reviewed.
TX,Lee,County Tax Assessor-Collector,www.leetax.org,ANNUAL_TAX|DELINQUENT_TAX|PAYMENT_STATUS|TAX_SALE,UNREVIEWED,UNREVIEWED,UNREVIEWED,UNREVIEWED,UNREVIEWED,UNREVIEWED,UNREVIEWED,UNREVIEWED,UNREVIEWED,UNREVIEWED,UNREVIEWED,UNREVIEWED,LEGAL_REVIEW_REQUIRED,https://comptroller.texas.gov/taxes/property-tax/county-directory/lee.php,2026-09-16,DIRECTORY_LISTED by TX Comptroller. Site not fetched; terms not reviewed.
TX,Leon,County Appraisal District,www.leoncad.org,PROPERTY_IDENTITY|PARCEL_ID|ADDRESS|LEGAL_DESCRIPTION|PROPERTY_TYPE|ACREAGE|MARKET_VALUE|APPRAISED_VALUE|TAXABLE_VALUE|OWNERSHIP|PROPERTY_CHARACTERISTICS|GIS,UNREVIEWED,UNREVIEWED,UNREVIEWED,UNREVIEWED,UNREVIEWED,UNREVIEWED,UNREVIEWED,UNREVIEWED,UNREVIEWED,UNREVIEWED,UNREVIEWED,UNREVIEWED,LEGAL_REVIEW_REQUIRED,https://comptroller.texas.gov/taxes/property-tax/county-directory/leon.php,2026-09-16,DIRECTORY_LISTED by TX Comptroller. Site not fetched; terms not reviewed.
TX,Leon,County Tax Assessor-Collector,www.co.leon.tx.us,ANNUAL_TAX|DELINQUENT_TAX|PAYMENT_STATUS|TAX_SALE,UNREVIEWED,UNREVIEWED,UNREVIEWED,UNREVIEWED,UNREVIEWED,UNREVIEWED,UNREVIEWED,UNREVIEWED,UNREVIEWED,UNREVIEWED,UNREVIEWED,UNREVIEWED,LEGAL_REVIEW_REQUIRED,https://comptroller.texas.gov/taxes/property-tax/county-directory/leon.php,2026-09-16,DIRECTORY_LISTED by TX Comptroller. Site not fetched; terms not reviewed.
TX,Liberty,County Appraisal District,www.libertycad.com,PROPERTY_IDENTITY|PARCEL_ID|ADDRESS|LEGAL_DESCRIPTION|PROPERTY_TYPE|ACREAGE|MARKET_VALUE|APPRAISED_VALUE|TAXABLE_VALUE|OWNERSHIP|PROPERTY_CHARACTERISTICS|GIS,UNREVIEWED,UNREVIEWED,UNREVIEWED,UNREVIEWED,UNREVIEWED,UNREVIEWED,UNREVIEWED,UNREVIEWED,UNREVIEWED,UNREVIEWED,UNREVIEWED,UNREVIEWED,LEGAL_REVIEW_REQUIRED,https://comptroller.texas.gov/taxes/property-tax/county-directory/liberty.php,2026-09-16,DIRECTORY_LISTED by TX Comptroller. Site not fetched; terms not reviewed.
TX,Liberty,County Tax Assessor-Collector,www.co.liberty.tx.us,ANNUAL_TAX|DELINQUENT_TAX|PAYMENT_STATUS|TAX_SALE,UNREVIEWED,UNREVIEWED,UNREVIEWED,UNREVIEWED,UNREVIEWED,UNREVIEWED,UNREVIEWED,UNREVIEWED,UNREVIEWED,UNREVIEWED,UNREVIEWED,UNREVIEWED,LEGAL_REVIEW_REQUIRED,https://comptroller.texas.gov/taxes/property-tax/county-directory/liberty.php,2026-09-16,DIRECTORY_LISTED by TX Comptroller. Site not fetched; terms not reviewed.
TX,Limestone,County Appraisal District,www.limestonecad.com,PROPERTY_IDENTITY|PARCEL_ID|ADDRESS|LEGAL_DESCRIPTION|PROPERTY_TYPE|ACREAGE|MARKET_VALUE|APPRAISED_VALUE|TAXABLE_VALUE|OWNERSHIP|PROPERTY_CHARACTERISTICS|GIS,UNREVIEWED,UNREVIEWED,UNREVIEWED,UNREVIEWED,UNREVIEWED,UNREVIEWED,UNREVIEWED,UNREVIEWED,UNREVIEWED,UNREVIEWED,UNREVIEWED,UNREVIEWED,LEGAL_REVIEW_REQUIRED,https://comptroller.texas.gov/taxes/property-tax/county-directory/limestone.php,2026-09-16,DIRECTORY_LISTED by TX Comptroller. Site not fetched; terms not reviewed.
TX,Limestone,County Tax Assessor-Collector,www.co.limestone.tx.us,ANNUAL_TAX|DELINQUENT_TAX|PAYMENT_STATUS|TAX_SALE,UNREVIEWED,UNREVIEWED,UNREVIEWED,UNREVIEWED,UNREVIEWED,UNREVIEWED,UNREVIEWED,UNREVIEWED,UNREVIEWED,UNREVIEWED,UNREVIEWED,UNREVIEWED,LEGAL_REVIEW_REQUIRED,https://comptroller.texas.gov/taxes/property-tax/county-directory/limestone.php,2026-09-16,DIRECTORY_LISTED by TX Comptroller. Site not fetched; terms not reviewed.
TX,Lipscomb,County Appraisal District,www.lipscombcad.com,PROPERTY_IDENTITY|PARCEL_ID|ADDRESS|LEGAL_DESCRIPTION|PROPERTY_TYPE|ACREAGE|MARKET_VALUE|APPRAISED_VALUE|TAXABLE_VALUE|OWNERSHIP|PROPERTY_CHARACTERISTICS|GIS,UNREVIEWED,UNREVIEWED,UNREVIEWED,UNREVIEWED,UNREVIEWED,UNREVIEWED,UNREVIEWED,UNREVIEWED,UNREVIEWED,UNREVIEWED,UNREVIEWED,UNREVIEWED,LEGAL_REVIEW_REQUIRED,https://comptroller.texas.gov/taxes/property-tax/county-directory/lipscomb.php,2026-09-16,DIRECTORY_LISTED by TX Comptroller. Site not fetched; terms not reviewed.
TX,Lipscomb,County Tax Assessor-Collector,www.co.lipscomb.tx.us,ANNUAL_TAX|DELINQUENT_TAX|PAYMENT_STATUS|TAX_SALE,UNREVIEWED,UNREVIEWED,UNREVIEWED,UNREVIEWED,UNREVIEWED,UNREVIEWED,UNREVIEWED,UNREVIEWED,UNREVIEWED,UNREVIEWED,UNREVIEWED,UNREVIEWED,LEGAL_REVIEW_REQUIRED,https://comptroller.texas.gov/taxes/property-tax/county-directory/lipscomb.php,2026-09-16,DIRECTORY_LISTED by TX Comptroller. Site not fetched; terms not reviewed.
TX,Live Oak,County Appraisal District,www.liveoakappraisal.com,PROPERTY_IDENTITY|PARCEL_ID|ADDRESS|LEGAL_DESCRIPTION|PROPERTY_TYPE|ACREAGE|MARKET_VALUE|APPRAISED_VALUE|TAXABLE_VALUE|OWNERSHIP|PROPERTY_CHARACTERISTICS|GIS,UNREVIEWED,UNREVIEWED,UNREVIEWED,UNREVIEWED,UNREVIEWED,UNREVIEWED,UNREVIEWED,UNREVIEWED,UNREVIEWED,UNREVIEWED,UNREVIEWED,UNREVIEWED,LEGAL_REVIEW_REQUIRED,https://comptroller.texas.gov/taxes/property-tax/county-directory/liveoak.php,2026-09-16,DIRECTORY_LISTED by TX Comptroller. Site not fetched; terms not reviewed.
TX,Live Oak,County Tax Assessor-Collector,www.co.live-oak.tx.us,ANNUAL_TAX|DELINQUENT_TAX|PAYMENT_STATUS|TAX_SALE,UNREVIEWED,UNREVIEWED,UNREVIEWED,UNREVIEWED,UNREVIEWED,UNREVIEWED,UNREVIEWED,UNREVIEWED,UNREVIEWED,UNREVIEWED,UNREVIEWED,UNREVIEWED,LEGAL_REVIEW_REQUIRED,https://comptroller.texas.gov/taxes/property-tax/county-directory/liveoak.php,2026-09-16,DIRECTORY_LISTED by TX Comptroller. Site not fetched; terms not reviewed.
TX,Llano,County Appraisal District,www.llanocad.net,PROPERTY_IDENTITY|PARCEL_ID|ADDRESS|LEGAL_DESCRIPTION|PROPERTY_TYPE|ACREAGE|MARKET_VALUE|APPRAISED_VALUE|TAXABLE_VALUE|OWNERSHIP|PROPERTY_CHARACTERISTICS|GIS,UNREVIEWED,UNREVIEWED,UNREVIEWED,UNREVIEWED,UNREVIEWED,UNREVIEWED,UNREVIEWED,UNREVIEWED,UNREVIEWED,UNREVIEWED,UNREVIEWED,UNREVIEWED,LEGAL_REVIEW_REQUIRED,https://comptroller.texas.gov/taxes/property-tax/county-directory/llano.php,2026-09-16,DIRECTORY_LISTED by TX Comptroller. Site not fetched; terms not reviewed.
TX,Llano,County Tax Assessor-Collector,www.co.llano.tx.us,ANNUAL_TAX|DELINQUENT_TAX|PAYMENT_STATUS|TAX_SALE,UNREVIEWED,UNREVIEWED,UNREVIEWED,UNREVIEWED,UNREVIEWED,UNREVIEWED,UNREVIEWED,UNREVIEWED,UNREVIEWED,UNREVIEWED,UNREVIEWED,UNREVIEWED,LEGAL_REVIEW_REQUIRED,https://comptroller.texas.gov/taxes/property-tax/county-directory/llano.php,2026-09-16,DIRECTORY_LISTED by TX Comptroller. Site not fetched; terms not reviewed.
TX,Loving,County Appraisal District,www.lovingcad.org,PROPERTY_IDENTITY|PARCEL_ID|ADDRESS|LEGAL_DESCRIPTION|PROPERTY_TYPE|ACREAGE|MARKET_VALUE|APPRAISED_VALUE|TAXABLE_VALUE|OWNERSHIP|PROPERTY_CHARACTERISTICS|GIS,UNREVIEWED,UNREVIEWED,UNREVIEWED,UNREVIEWED,UNREVIEWED,UNREVIEWED,UNREVIEWED,UNREVIEWED,UNREVIEWED,UNREVIEWED,UNREVIEWED,UNREVIEWED,LEGAL_REVIEW_REQUIRED,https://comptroller.texas.gov/taxes/property-tax/county-directory/loving.php,2026-09-16,DIRECTORY_LISTED by TX Comptroller. Site not fetched; terms not reviewed.
TX,Loving,County Tax Assessor-Collector,www.co.loving.tx.us,ANNUAL_TAX|DELINQUENT_TAX|PAYMENT_STATUS|TAX_SALE,UNREVIEWED,UNREVIEWED,UNREVIEWED,UNREVIEWED,UNREVIEWED,UNREVIEWED,UNREVIEWED,UNREVIEWED,UNREVIEWED,UNREVIEWED,UNREVIEWED,UNREVIEWED,LEGAL_REVIEW_REQUIRED,https://comptroller.texas.gov/taxes/property-tax/county-directory/loving.php,2026-09-16,DIRECTORY_LISTED by TX Comptroller. Site not fetched; terms not reviewed.
TX,Lubbock,County Appraisal District,www.lubbockcad.org,PROPERTY_IDENTITY|PARCEL_ID|ADDRESS|LEGAL_DESCRIPTION|PROPERTY_TYPE|ACREAGE|MARKET_VALUE|APPRAISED_VALUE|TAXABLE_VALUE|OWNERSHIP|PROPERTY_CHARACTERISTICS|GIS,UNREVIEWED,UNREVIEWED,UNREVIEWED,UNREVIEWED,UNREVIEWED,UNREVIEWED,UNREVIEWED,UNREVIEWED,UNREVIEWED,UNREVIEWED,UNREVIEWED,UNREVIEWED,LEGAL_REVIEW_REQUIRED,https://comptroller.texas.gov/taxes/property-tax/county-directory/lubbock.php,2026-09-16,DIRECTORY_LISTED by TX Comptroller. Site not fetched; terms not reviewed.
TX,Lubbock,County Tax Assessor-Collector,www.lubbockcounty.gov,ANNUAL_TAX|DELINQUENT_TAX|PAYMENT_STATUS|TAX_SALE,UNREVIEWED,UNREVIEWED,UNREVIEWED,UNREVIEWED,UNREVIEWED,UNREVIEWED,UNREVIEWED,UNREVIEWED,UNREVIEWED,UNREVIEWED,UNREVIEWED,UNREVIEWED,LEGAL_REVIEW_REQUIRED,https://comptroller.texas.gov/taxes/property-tax/county-directory/lubbock.php,2026-09-16,DIRECTORY_LISTED by TX Comptroller. Site not fetched; terms not reviewed.
TX,Lynn,County Appraisal District,www.lynncad.org,PROPERTY_IDENTITY|PARCEL_ID|ADDRESS|LEGAL_DESCRIPTION|PROPERTY_TYPE|ACREAGE|MARKET_VALUE|APPRAISED_VALUE|TAXABLE_VALUE|OWNERSHIP|PROPERTY_CHARACTERISTICS|GIS,UNREVIEWED,UNREVIEWED,UNREVIEWED,UNREVIEWED,UNREVIEWED,UNREVIEWED,UNREVIEWED,UNREVIEWED,UNREVIEWED,UNREVIEWED,UNREVIEWED,UNREVIEWED,LEGAL_REVIEW_REQUIRED,https://comptroller.texas.gov/taxes/property-tax/county-directory/lynn.php,2026-09-16,DIRECTORY_LISTED by TX Comptroller. Site not fetched; terms not reviewed.
TX,Lynn,County Tax Assessor-Collector,www.co.lynn.tx.us,ANNUAL_TAX|DELINQUENT_TAX|PAYMENT_STATUS|TAX_SALE,UNREVIEWED,UNREVIEWED,UNREVIEWED,UNREVIEWED,UNREVIEWED,UNREVIEWED,UNREVIEWED,UNREVIEWED,UNREVIEWED,UNREVIEWED,UNREVIEWED,UNREVIEWED,LEGAL_REVIEW_REQUIRED,https://comptroller.texas.gov/taxes/property-tax/county-directory/lynn.php,2026-09-16,DIRECTORY_LISTED by TX Comptroller. Site not fetched; terms not reviewed.
TX,Madison,County Appraisal District,www.madisoncad.org,PROPERTY_IDENTITY|PARCEL_ID|ADDRESS|LEGAL_DESCRIPTION|PROPERTY_TYPE|ACREAGE|MARKET_VALUE|APPRAISED_VALUE|TAXABLE_VALUE|OWNERSHIP|PROPERTY_CHARACTERISTICS|GIS,UNREVIEWED,UNREVIEWED,UNREVIEWED,UNREVIEWED,UNREVIEWED,UNREVIEWED,UNREVIEWED,UNREVIEWED,UNREVIEWED,UNREVIEWED,UNREVIEWED,UNREVIEWED,LEGAL_REVIEW_REQUIRED,https://comptroller.texas.gov/taxes/property-tax/county-directory/madison.php,2026-09-16,DIRECTORY_LISTED by TX Comptroller. Site not fetched; terms not reviewed.
TX,Madison,County Tax Assessor-Collector,www.madisontax.org,ANNUAL_TAX|DELINQUENT_TAX|PAYMENT_STATUS|TAX_SALE,UNREVIEWED,UNREVIEWED,UNREVIEWED,UNREVIEWED,UNREVIEWED,UNREVIEWED,UNREVIEWED,UNREVIEWED,UNREVIEWED,UNREVIEWED,UNREVIEWED,UNREVIEWED,LEGAL_REVIEW_REQUIRED,https://comptroller.texas.gov/taxes/property-tax/county-directory/madison.php,2026-09-16,DIRECTORY_LISTED by TX Comptroller. Site not fetched; terms not reviewed.
TX,Marion,County Appraisal District,www.marioncad.org,PROPERTY_IDENTITY|PARCEL_ID|ADDRESS|LEGAL_DESCRIPTION|PROPERTY_TYPE|ACREAGE|MARKET_VALUE|APPRAISED_VALUE|TAXABLE_VALUE|OWNERSHIP|PROPERTY_CHARACTERISTICS|GIS,UNREVIEWED,UNREVIEWED,UNREVIEWED,UNREVIEWED,UNREVIEWED,UNREVIEWED,UNREVIEWED,UNREVIEWED,UNREVIEWED,UNREVIEWED,UNREVIEWED,UNREVIEWED,LEGAL_REVIEW_REQUIRED,https://comptroller.texas.gov/taxes/property-tax/county-directory/marion.php,2026-09-16,DIRECTORY_LISTED by TX Comptroller. Site not fetched; terms not reviewed.
TX,Marion,County Tax Assessor-Collector,www.marioncountytaxoffice.com,ANNUAL_TAX|DELINQUENT_TAX|PAYMENT_STATUS|TAX_SALE,UNREVIEWED,UNREVIEWED,UNREVIEWED,UNREVIEWED,UNREVIEWED,UNREVIEWED,UNREVIEWED,UNREVIEWED,UNREVIEWED,UNREVIEWED,UNREVIEWED,UNREVIEWED,LEGAL_REVIEW_REQUIRED,https://comptroller.texas.gov/taxes/property-tax/county-directory/marion.php,2026-09-16,DIRECTORY_LISTED by TX Comptroller. Site not fetched; terms not reviewed.
TX,Martin,County Appraisal District,www.martincad.org,PROPERTY_IDENTITY|PARCEL_ID|ADDRESS|LEGAL_DESCRIPTION|PROPERTY_TYPE|ACREAGE|MARKET_VALUE|APPRAISED_VALUE|TAXABLE_VALUE|OWNERSHIP|PROPERTY_CHARACTERISTICS|GIS,UNREVIEWED,UNREVIEWED,UNREVIEWED,UNREVIEWED,UNREVIEWED,UNREVIEWED,UNREVIEWED,UNREVIEWED,UNREVIEWED,UNREVIEWED,UNREVIEWED,UNREVIEWED,LEGAL_REVIEW_REQUIRED,https://comptroller.texas.gov/taxes/property-tax/county-directory/martin.php,2026-09-16,DIRECTORY_LISTED by TX Comptroller. Site not fetched; terms not reviewed.
TX,Martin,County Tax Assessor-Collector,www.co.martin.tx.us,ANNUAL_TAX|DELINQUENT_TAX|PAYMENT_STATUS|TAX_SALE,UNREVIEWED,UNREVIEWED,UNREVIEWED,UNREVIEWED,UNREVIEWED,UNREVIEWED,UNREVIEWED,UNREVIEWED,UNREVIEWED,UNREVIEWED,UNREVIEWED,UNREVIEWED,LEGAL_REVIEW_REQUIRED,https://comptroller.texas.gov/taxes/property-tax/county-directory/martin.php,2026-09-16,DIRECTORY_LISTED by TX Comptroller. Site not fetched; terms not reviewed.
TX,Mason,County Appraisal District,www.masoncad.org,PROPERTY_IDENTITY|PARCEL_ID|ADDRESS|LEGAL_DESCRIPTION|PROPERTY_TYPE|ACREAGE|MARKET_VALUE|APPRAISED_VALUE|TAXABLE_VALUE|OWNERSHIP|PROPERTY_CHARACTERISTICS|GIS,UNREVIEWED,UNREVIEWED,UNREVIEWED,UNREVIEWED,UNREVIEWED,UNREVIEWED,UNREVIEWED,UNREVIEWED,UNREVIEWED,UNREVIEWED,UNREVIEWED,UNREVIEWED,LEGAL_REVIEW_REQUIRED,https://comptroller.texas.gov/taxes/property-tax/county-directory/mason.php,2026-09-16,DIRECTORY_LISTED by TX Comptroller. Site not fetched; terms not reviewed.
TX,Mason,County Tax Assessor-Collector,www.co.mason.tx.us,ANNUAL_TAX|DELINQUENT_TAX|PAYMENT_STATUS|TAX_SALE,UNREVIEWED,UNREVIEWED,UNREVIEWED,UNREVIEWED,UNREVIEWED,UNREVIEWED,UNREVIEWED,UNREVIEWED,UNREVIEWED,UNREVIEWED,UNREVIEWED,UNREVIEWED,LEGAL_REVIEW_REQUIRED,https://comptroller.texas.gov/taxes/property-tax/county-directory/mason.php,2026-09-16,DIRECTORY_LISTED by TX Comptroller. Site not fetched; terms not reviewed.
TX,Matagorda,County Appraisal District,www.matagorda-cad.org,PROPERTY_IDENTITY|PARCEL_ID|ADDRESS|LEGAL_DESCRIPTION|PROPERTY_TYPE|ACREAGE|MARKET_VALUE|APPRAISED_VALUE|TAXABLE_VALUE|OWNERSHIP|PROPERTY_CHARACTERISTICS|GIS,UNREVIEWED,UNREVIEWED,UNREVIEWED,UNREVIEWED,UNREVIEWED,UNREVIEWED,UNREVIEWED,UNREVIEWED,UNREVIEWED,UNREVIEWED,UNREVIEWED,UNREVIEWED,LEGAL_REVIEW_REQUIRED,https://comptroller.texas.gov/taxes/property-tax/county-directory/matagorda.php,2026-09-16,DIRECTORY_LISTED by TX Comptroller. Site not fetched; terms not reviewed.
TX,Matagorda,County Tax Assessor-Collector,www.co.matagorda.tx.us,ANNUAL_TAX|DELINQUENT_TAX|PAYMENT_STATUS|TAX_SALE,UNREVIEWED,UNREVIEWED,UNREVIEWED,UNREVIEWED,UNREVIEWED,UNREVIEWED,UNREVIEWED,UNREVIEWED,UNREVIEWED,UNREVIEWED,UNREVIEWED,UNREVIEWED,LEGAL_REVIEW_REQUIRED,https://comptroller.texas.gov/taxes/property-tax/county-directory/matagorda.php,2026-09-16,DIRECTORY_LISTED by TX Comptroller. Site not fetched; terms not reviewed.
TX,Maverick,County Appraisal District,www.maverickcad.org,PROPERTY_IDENTITY|PARCEL_ID|ADDRESS|LEGAL_DESCRIPTION|PROPERTY_TYPE|ACREAGE|MARKET_VALUE|APPRAISED_VALUE|TAXABLE_VALUE|OWNERSHIP|PROPERTY_CHARACTERISTICS|GIS,UNREVIEWED,UNREVIEWED,UNREVIEWED,UNREVIEWED,UNREVIEWED,UNREVIEWED,UNREVIEWED,UNREVIEWED,UNREVIEWED,UNREVIEWED,UNREVIEWED,UNREVIEWED,LEGAL_REVIEW_REQUIRED,https://comptroller.texas.gov/taxes/property-tax/county-directory/maverick.php,2026-09-16,DIRECTORY_LISTED by TX Comptroller. Site not fetched; terms not reviewed.
TX,Maverick,County Tax Assessor-Collector,www.co.maverick.tx.us,ANNUAL_TAX|DELINQUENT_TAX|PAYMENT_STATUS|TAX_SALE,UNREVIEWED,UNREVIEWED,UNREVIEWED,UNREVIEWED,UNREVIEWED,UNREVIEWED,UNREVIEWED,UNREVIEWED,UNREVIEWED,UNREVIEWED,UNREVIEWED,UNREVIEWED,LEGAL_REVIEW_REQUIRED,https://comptroller.texas.gov/taxes/property-tax/county-directory/maverick.php,2026-09-16,DIRECTORY_LISTED by TX Comptroller. Site not fetched; terms not reviewed.
TX,McCulloch,County Appraisal District,www.mccullochcad.org,PROPERTY_IDENTITY|PARCEL_ID|ADDRESS|LEGAL_DESCRIPTION|PROPERTY_TYPE|ACREAGE|MARKET_VALUE|APPRAISED_VALUE|TAXABLE_VALUE|OWNERSHIP|PROPERTY_CHARACTERISTICS|GIS,UNREVIEWED,UNREVIEWED,UNREVIEWED,UNREVIEWED,UNREVIEWED,UNREVIEWED,UNREVIEWED,UNREVIEWED,UNREVIEWED,UNREVIEWED,UNREVIEWED,UNREVIEWED,LEGAL_REVIEW_REQUIRED,https://comptroller.texas.gov/taxes/property-tax/county-directory/mcculloch.php,2026-09-16,DIRECTORY_LISTED by TX Comptroller. Site not fetched; terms not reviewed.
TX,McCulloch,County Tax Assessor-Collector,www.co.mcculloch.tx.us,ANNUAL_TAX|DELINQUENT_TAX|PAYMENT_STATUS|TAX_SALE,UNREVIEWED,UNREVIEWED,UNREVIEWED,UNREVIEWED,UNREVIEWED,UNREVIEWED,UNREVIEWED,UNREVIEWED,UNREVIEWED,UNREVIEWED,UNREVIEWED,UNREVIEWED,LEGAL_REVIEW_REQUIRED,https://comptroller.texas.gov/taxes/property-tax/county-directory/mcculloch.php,2026-09-16,DIRECTORY_LISTED by TX Comptroller. Site not fetched; terms not reviewed.
TX,McLennan,County Appraisal District,www.mclennancad.org,PROPERTY_IDENTITY|PARCEL_ID|ADDRESS|LEGAL_DESCRIPTION|PROPERTY_TYPE|ACREAGE|MARKET_VALUE|APPRAISED_VALUE|TAXABLE_VALUE|OWNERSHIP|PROPERTY_CHARACTERISTICS|GIS,UNREVIEWED,UNREVIEWED,UNREVIEWED,UNREVIEWED,UNREVIEWED,UNREVIEWED,UNREVIEWED,UNREVIEWED,UNREVIEWED,UNREVIEWED,UNREVIEWED,UNREVIEWED,LEGAL_REVIEW_REQUIRED,https://comptroller.texas.gov/taxes/property-tax/county-directory/mclennan.php,2026-09-16,DIRECTORY_LISTED by TX Comptroller. Site not fetched; terms not reviewed.
TX,McLennan,County Tax Assessor-Collector,www.co.mclennan.tx.us,ANNUAL_TAX|DELINQUENT_TAX|PAYMENT_STATUS|TAX_SALE,UNREVIEWED,UNREVIEWED,UNREVIEWED,UNREVIEWED,UNREVIEWED,UNREVIEWED,UNREVIEWED,UNREVIEWED,UNREVIEWED,UNREVIEWED,UNREVIEWED,UNREVIEWED,LEGAL_REVIEW_REQUIRED,https://comptroller.texas.gov/taxes/property-tax/county-directory/mclennan.php,2026-09-16,DIRECTORY_LISTED by TX Comptroller. Site not fetched; terms not reviewed.
TX,McMullen,County Appraisal District,www.mcmullencad.org,PROPERTY_IDENTITY|PARCEL_ID|ADDRESS|LEGAL_DESCRIPTION|PROPERTY_TYPE|ACREAGE|MARKET_VALUE|APPRAISED_VALUE|TAXABLE_VALUE|OWNERSHIP|PROPERTY_CHARACTERISTICS|GIS,UNREVIEWED,UNREVIEWED,UNREVIEWED,UNREVIEWED,UNREVIEWED,UNREVIEWED,UNREVIEWED,UNREVIEWED,UNREVIEWED,UNREVIEWED,UNREVIEWED,UNREVIEWED,LEGAL_REVIEW_REQUIRED,https://comptroller.texas.gov/taxes/property-tax/county-directory/mcmullen.php,2026-09-16,DIRECTORY_LISTED by TX Comptroller. Site not fetched; terms not reviewed.
TX,McMullen,County Tax Assessor-Collector,www.mcmullencounty.org/county-tax-assessorcollector/,ANNUAL_TAX|DELINQUENT_TAX|PAYMENT_STATUS|TAX_SALE,UNREVIEWED,UNREVIEWED,UNREVIEWED,UNREVIEWED,UNREVIEWED,UNREVIEWED,UNREVIEWED,UNREVIEWED,UNREVIEWED,UNREVIEWED,UNREVIEWED,UNREVIEWED,LEGAL_REVIEW_REQUIRED,https://comptroller.texas.gov/taxes/property-tax/county-directory/mcmullen.php,2026-09-16,DIRECTORY_LISTED by TX Comptroller. Site not fetched; terms not reviewed.
TX,Medina,County Appraisal District,www.medinacad.org,PROPERTY_IDENTITY|PARCEL_ID|ADDRESS|LEGAL_DESCRIPTION|PROPERTY_TYPE|ACREAGE|MARKET_VALUE|APPRAISED_VALUE|TAXABLE_VALUE|OWNERSHIP|PROPERTY_CHARACTERISTICS|GIS,UNREVIEWED,UNREVIEWED,UNREVIEWED,UNREVIEWED,UNREVIEWED,UNREVIEWED,UNREVIEWED,UNREVIEWED,UNREVIEWED,UNREVIEWED,UNREVIEWED,UNREVIEWED,LEGAL_REVIEW_REQUIRED,https://comptroller.texas.gov/taxes/property-tax/county-directory/medina.php,2026-09-16,DIRECTORY_LISTED by TX Comptroller. Site not fetched; terms not reviewed.
TX,Medina,County Tax Assessor-Collector,www.medinacountytexas.org,ANNUAL_TAX|DELINQUENT_TAX|PAYMENT_STATUS|TAX_SALE,UNREVIEWED,UNREVIEWED,UNREVIEWED,UNREVIEWED,UNREVIEWED,UNREVIEWED,UNREVIEWED,UNREVIEWED,UNREVIEWED,UNREVIEWED,UNREVIEWED,UNREVIEWED,LEGAL_REVIEW_REQUIRED,https://comptroller.texas.gov/taxes/property-tax/county-directory/medina.php,2026-09-16,DIRECTORY_LISTED by TX Comptroller. Site not fetched; terms not reviewed.
TX,Menard,County Appraisal District,www.menardcad.org,PROPERTY_IDENTITY|PARCEL_ID|ADDRESS|LEGAL_DESCRIPTION|PROPERTY_TYPE|ACREAGE|MARKET_VALUE|APPRAISED_VALUE|TAXABLE_VALUE|OWNERSHIP|PROPERTY_CHARACTERISTICS|GIS,UNREVIEWED,UNREVIEWED,UNREVIEWED,UNREVIEWED,UNREVIEWED,UNREVIEWED,UNREVIEWED,UNREVIEWED,UNREVIEWED,UNREVIEWED,UNREVIEWED,UNREVIEWED,LEGAL_REVIEW_REQUIRED,https://comptroller.texas.gov/taxes/property-tax/county-directory/menard.php,2026-09-16,DIRECTORY_LISTED by TX Comptroller. Site not fetched; terms not reviewed.
TX,Menard,County Tax Assessor-Collector,www.co.menard.tx.us,ANNUAL_TAX|DELINQUENT_TAX|PAYMENT_STATUS|TAX_SALE,UNREVIEWED,UNREVIEWED,UNREVIEWED,UNREVIEWED,UNREVIEWED,UNREVIEWED,UNREVIEWED,UNREVIEWED,UNREVIEWED,UNREVIEWED,UNREVIEWED,UNREVIEWED,LEGAL_REVIEW_REQUIRED,https://comptroller.texas.gov/taxes/property-tax/county-directory/menard.php,2026-09-16,DIRECTORY_LISTED by TX Comptroller. Site not fetched; terms not reviewed.
TX,Midland,County Appraisal District,www.midcad.org,PROPERTY_IDENTITY|PARCEL_ID|ADDRESS|LEGAL_DESCRIPTION|PROPERTY_TYPE|ACREAGE|MARKET_VALUE|APPRAISED_VALUE|TAXABLE_VALUE|OWNERSHIP|PROPERTY_CHARACTERISTICS|GIS,UNREVIEWED,UNREVIEWED,UNREVIEWED,UNREVIEWED,UNREVIEWED,UNREVIEWED,UNREVIEWED,UNREVIEWED,UNREVIEWED,UNREVIEWED,UNREVIEWED,UNREVIEWED,LEGAL_REVIEW_REQUIRED,https://comptroller.texas.gov/taxes/property-tax/county-directory/midland.php,2026-09-16,DIRECTORY_LISTED by TX Comptroller. Site not fetched; terms not reviewed.
TX,Midland,County Tax Assessor-Collector,www.co.midland.tx.us,ANNUAL_TAX|DELINQUENT_TAX|PAYMENT_STATUS|TAX_SALE,UNREVIEWED,UNREVIEWED,UNREVIEWED,UNREVIEWED,UNREVIEWED,UNREVIEWED,UNREVIEWED,UNREVIEWED,UNREVIEWED,UNREVIEWED,UNREVIEWED,UNREVIEWED,LEGAL_REVIEW_REQUIRED,https://comptroller.texas.gov/taxes/property-tax/county-directory/midland.php,2026-09-16,DIRECTORY_LISTED by TX Comptroller. Site not fetched; terms not reviewed.
TX,Milam,County Appraisal District,www.milamad.org,PROPERTY_IDENTITY|PARCEL_ID|ADDRESS|LEGAL_DESCRIPTION|PROPERTY_TYPE|ACREAGE|MARKET_VALUE|APPRAISED_VALUE|TAXABLE_VALUE|OWNERSHIP|PROPERTY_CHARACTERISTICS|GIS,UNREVIEWED,UNREVIEWED,UNREVIEWED,UNREVIEWED,UNREVIEWED,UNREVIEWED,UNREVIEWED,UNREVIEWED,UNREVIEWED,UNREVIEWED,UNREVIEWED,UNREVIEWED,LEGAL_REVIEW_REQUIRED,https://comptroller.texas.gov/taxes/property-tax/county-directory/milam.php,2026-09-16,DIRECTORY_LISTED by TX Comptroller. Site not fetched; terms not reviewed.
TX,Milam,County Tax Assessor-Collector,www.milamcounty.net,ANNUAL_TAX|DELINQUENT_TAX|PAYMENT_STATUS|TAX_SALE,UNREVIEWED,UNREVIEWED,UNREVIEWED,UNREVIEWED,UNREVIEWED,UNREVIEWED,UNREVIEWED,UNREVIEWED,UNREVIEWED,UNREVIEWED,UNREVIEWED,UNREVIEWED,LEGAL_REVIEW_REQUIRED,https://comptroller.texas.gov/taxes/property-tax/county-directory/milam.php,2026-09-16,DIRECTORY_LISTED by TX Comptroller. Site not fetched; terms not reviewed.
TX,Mills,County Appraisal District,www.millscad.org,PROPERTY_IDENTITY|PARCEL_ID|ADDRESS|LEGAL_DESCRIPTION|PROPERTY_TYPE|ACREAGE|MARKET_VALUE|APPRAISED_VALUE|TAXABLE_VALUE|OWNERSHIP|PROPERTY_CHARACTERISTICS|GIS,UNREVIEWED,UNREVIEWED,UNREVIEWED,UNREVIEWED,UNREVIEWED,UNREVIEWED,UNREVIEWED,UNREVIEWED,UNREVIEWED,UNREVIEWED,UNREVIEWED,UNREVIEWED,LEGAL_REVIEW_REQUIRED,https://comptroller.texas.gov/taxes/property-tax/county-directory/mills.php,2026-09-16,DIRECTORY_LISTED by TX Comptroller. Site not fetched; terms not reviewed.
TX,Mills,County Tax Assessor-Collector,www.co.mills.tx.us,ANNUAL_TAX|DELINQUENT_TAX|PAYMENT_STATUS|TAX_SALE,UNREVIEWED,UNREVIEWED,UNREVIEWED,UNREVIEWED,UNREVIEWED,UNREVIEWED,UNREVIEWED,UNREVIEWED,UNREVIEWED,UNREVIEWED,UNREVIEWED,UNREVIEWED,LEGAL_REVIEW_REQUIRED,https://comptroller.texas.gov/taxes/property-tax/county-directory/mills.php,2026-09-16,DIRECTORY_LISTED by TX Comptroller. Site not fetched; terms not reviewed.
TX,Mitchell,County Appraisal District,www.mitchellcad.org,PROPERTY_IDENTITY|PARCEL_ID|ADDRESS|LEGAL_DESCRIPTION|PROPERTY_TYPE|ACREAGE|MARKET_VALUE|APPRAISED_VALUE|TAXABLE_VALUE|OWNERSHIP|PROPERTY_CHARACTERISTICS|GIS,UNREVIEWED,UNREVIEWED,UNREVIEWED,UNREVIEWED,UNREVIEWED,UNREVIEWED,UNREVIEWED,UNREVIEWED,UNREVIEWED,UNREVIEWED,UNREVIEWED,UNREVIEWED,LEGAL_REVIEW_REQUIRED,https://comptroller.texas.gov/taxes/property-tax/county-directory/mitchell.php,2026-09-16,DIRECTORY_LISTED by TX Comptroller. Site not fetched; terms not reviewed.
TX,Mitchell,County Tax Assessor-Collector,www.co.mitchell.tx.us,ANNUAL_TAX|DELINQUENT_TAX|PAYMENT_STATUS|TAX_SALE,UNREVIEWED,UNREVIEWED,UNREVIEWED,UNREVIEWED,UNREVIEWED,UNREVIEWED,UNREVIEWED,UNREVIEWED,UNREVIEWED,UNREVIEWED,UNREVIEWED,UNREVIEWED,LEGAL_REVIEW_REQUIRED,https://comptroller.texas.gov/taxes/property-tax/county-directory/mitchell.php,2026-09-16,DIRECTORY_LISTED by TX Comptroller. Site not fetched; terms not reviewed.
TX,Montague,County Appraisal District,iswdataclient.azurewebsites.net,PROPERTY_IDENTITY|PARCEL_ID|ADDRESS|LEGAL_DESCRIPTION|PROPERTY_TYPE|ACREAGE|MARKET_VALUE|APPRAISED_VALUE|TAXABLE_VALUE|OWNERSHIP|PROPERTY_CHARACTERISTICS|GIS,UNREVIEWED,UNREVIEWED,UNREVIEWED,UNREVIEWED,UNREVIEWED,UNREVIEWED,UNREVIEWED,UNREVIEWED,UNREVIEWED,UNREVIEWED,UNREVIEWED,UNREVIEWED,LEGAL_REVIEW_REQUIRED,https://comptroller.texas.gov/taxes/property-tax/county-directory/montague.php,2026-09-16,DIRECTORY_LISTED by TX Comptroller. Site not fetched; terms not reviewed.
TX,Montague,County Tax Assessor-Collector,www.co.montague.tx.us,ANNUAL_TAX|DELINQUENT_TAX|PAYMENT_STATUS|TAX_SALE,UNREVIEWED,UNREVIEWED,UNREVIEWED,UNREVIEWED,UNREVIEWED,UNREVIEWED,UNREVIEWED,UNREVIEWED,UNREVIEWED,UNREVIEWED,UNREVIEWED,UNREVIEWED,LEGAL_REVIEW_REQUIRED,https://comptroller.texas.gov/taxes/property-tax/county-directory/montague.php,2026-09-16,DIRECTORY_LISTED by TX Comptroller. Site not fetched; terms not reviewed.
TX,Montgomery,County Appraisal District,www.mcad-tx.org,PROPERTY_IDENTITY|PARCEL_ID|ADDRESS|LEGAL_DESCRIPTION|PROPERTY_TYPE|ACREAGE|MARKET_VALUE|APPRAISED_VALUE|TAXABLE_VALUE|OWNERSHIP|PROPERTY_CHARACTERISTICS|GIS,UNREVIEWED,UNREVIEWED,UNREVIEWED,UNREVIEWED,UNREVIEWED,UNREVIEWED,UNREVIEWED,UNREVIEWED,UNREVIEWED,UNREVIEWED,UNREVIEWED,UNREVIEWED,LEGAL_REVIEW_REQUIRED,https://comptroller.texas.gov/taxes/property-tax/county-directory/montgomery.php,2026-09-16,DIRECTORY_LISTED by TX Comptroller. Site not fetched; terms not reviewed.
TX,Montgomery,County Tax Assessor-Collector,www.mctotx.org,ANNUAL_TAX|DELINQUENT_TAX|PAYMENT_STATUS|TAX_SALE,UNREVIEWED,UNREVIEWED,UNREVIEWED,UNREVIEWED,UNREVIEWED,UNREVIEWED,UNREVIEWED,UNREVIEWED,UNREVIEWED,UNREVIEWED,UNREVIEWED,UNREVIEWED,LEGAL_REVIEW_REQUIRED,https://comptroller.texas.gov/taxes/property-tax/county-directory/montgomery.php,2026-09-16,DIRECTORY_LISTED by TX Comptroller. Site not fetched; terms not reviewed.
TX,Moore,County Appraisal District,www.moorecad.org,PROPERTY_IDENTITY|PARCEL_ID|ADDRESS|LEGAL_DESCRIPTION|PROPERTY_TYPE|ACREAGE|MARKET_VALUE|APPRAISED_VALUE|TAXABLE_VALUE|OWNERSHIP|PROPERTY_CHARACTERISTICS|GIS,UNREVIEWED,UNREVIEWED,UNREVIEWED,UNREVIEWED,UNREVIEWED,UNREVIEWED,UNREVIEWED,UNREVIEWED,UNREVIEWED,UNREVIEWED,UNREVIEWED,UNREVIEWED,LEGAL_REVIEW_REQUIRED,https://comptroller.texas.gov/taxes/property-tax/county-directory/moore.php,2026-09-16,DIRECTORY_LISTED by TX Comptroller. Site not fetched; terms not reviewed.
TX,Moore,County Tax Assessor-Collector,www.co.moore.tx.us,ANNUAL_TAX|DELINQUENT_TAX|PAYMENT_STATUS|TAX_SALE,UNREVIEWED,UNREVIEWED,UNREVIEWED,UNREVIEWED,UNREVIEWED,UNREVIEWED,UNREVIEWED,UNREVIEWED,UNREVIEWED,UNREVIEWED,UNREVIEWED,UNREVIEWED,LEGAL_REVIEW_REQUIRED,https://comptroller.texas.gov/taxes/property-tax/county-directory/moore.php,2026-09-16,DIRECTORY_LISTED by TX Comptroller. Site not fetched; terms not reviewed.
TX,Morris,County Appraisal District,www.morriscad.com,PROPERTY_IDENTITY|PARCEL_ID|ADDRESS|LEGAL_DESCRIPTION|PROPERTY_TYPE|ACREAGE|MARKET_VALUE|APPRAISED_VALUE|TAXABLE_VALUE|OWNERSHIP|PROPERTY_CHARACTERISTICS|GIS,UNREVIEWED,UNREVIEWED,UNREVIEWED,UNREVIEWED,UNREVIEWED,UNREVIEWED,UNREVIEWED,UNREVIEWED,UNREVIEWED,UNREVIEWED,UNREVIEWED,UNREVIEWED,LEGAL_REVIEW_REQUIRED,https://comptroller.texas.gov/taxes/property-tax/county-directory/morris.php,2026-09-16,DIRECTORY_LISTED by TX Comptroller. Site not fetched; terms not reviewed.
TX,Morris,County Tax Assessor-Collector,www.co.morris.tx.us,ANNUAL_TAX|DELINQUENT_TAX|PAYMENT_STATUS|TAX_SALE,UNREVIEWED,UNREVIEWED,UNREVIEWED,UNREVIEWED,UNREVIEWED,UNREVIEWED,UNREVIEWED,UNREVIEWED,UNREVIEWED,UNREVIEWED,UNREVIEWED,UNREVIEWED,LEGAL_REVIEW_REQUIRED,https://comptroller.texas.gov/taxes/property-tax/county-directory/morris.php,2026-09-16,DIRECTORY_LISTED by TX Comptroller. Site not fetched; terms not reviewed.
TX,Motley,County Tax Assessor-Collector,www.co.motley.tx.us,ANNUAL_TAX|DELINQUENT_TAX|PAYMENT_STATUS|TAX_SALE,UNREVIEWED,UNREVIEWED,UNREVIEWED,UNREVIEWED,UNREVIEWED,UNREVIEWED,UNREVIEWED,UNREVIEWED,UNREVIEWED,UNREVIEWED,UNREVIEWED,UNREVIEWED,LEGAL_REVIEW_REQUIRED,https://comptroller.texas.gov/taxes/property-tax/county-directory/motley.php,2026-09-16,DIRECTORY_LISTED by TX Comptroller. Site not fetched; terms not reviewed.
TX,Nacogdoches,County Appraisal District,www.nacocad.org,PROPERTY_IDENTITY|PARCEL_ID|ADDRESS|LEGAL_DESCRIPTION|PROPERTY_TYPE|ACREAGE|MARKET_VALUE|APPRAISED_VALUE|TAXABLE_VALUE|OWNERSHIP|PROPERTY_CHARACTERISTICS|GIS,UNREVIEWED,UNREVIEWED,UNREVIEWED,UNREVIEWED,UNREVIEWED,UNREVIEWED,UNREVIEWED,UNREVIEWED,UNREVIEWED,UNREVIEWED,UNREVIEWED,UNREVIEWED,LEGAL_REVIEW_REQUIRED,https://comptroller.texas.gov/taxes/property-tax/county-directory/nacogdoches.php,2026-09-16,DIRECTORY_LISTED by TX Comptroller. Site not fetched; terms not reviewed.
TX,Nacogdoches,County Tax Assessor-Collector,www.co.nacogdoches.tx.us,ANNUAL_TAX|DELINQUENT_TAX|PAYMENT_STATUS|TAX_SALE,UNREVIEWED,UNREVIEWED,UNREVIEWED,UNREVIEWED,UNREVIEWED,UNREVIEWED,UNREVIEWED,UNREVIEWED,UNREVIEWED,UNREVIEWED,UNREVIEWED,UNREVIEWED,LEGAL_REVIEW_REQUIRED,https://comptroller.texas.gov/taxes/property-tax/county-directory/nacogdoches.php,2026-09-16,DIRECTORY_LISTED by TX Comptroller. Site not fetched; terms not reviewed.
TX,Navarro,County Appraisal District,www.navarrocad.com,PROPERTY_IDENTITY|PARCEL_ID|ADDRESS|LEGAL_DESCRIPTION|PROPERTY_TYPE|ACREAGE|MARKET_VALUE|APPRAISED_VALUE|TAXABLE_VALUE|OWNERSHIP|PROPERTY_CHARACTERISTICS|GIS,UNREVIEWED,UNREVIEWED,UNREVIEWED,UNREVIEWED,UNREVIEWED,UNREVIEWED,UNREVIEWED,UNREVIEWED,UNREVIEWED,UNREVIEWED,UNREVIEWED,UNREVIEWED,LEGAL_REVIEW_REQUIRED,https://comptroller.texas.gov/taxes/property-tax/county-directory/navarro.php,2026-09-16,DIRECTORY_LISTED by TX Comptroller. Site not fetched; terms not reviewed.
TX,Navarro,County Tax Assessor-Collector,www.co.navarro.tx.us,ANNUAL_TAX|DELINQUENT_TAX|PAYMENT_STATUS|TAX_SALE,UNREVIEWED,UNREVIEWED,UNREVIEWED,UNREVIEWED,UNREVIEWED,UNREVIEWED,UNREVIEWED,UNREVIEWED,UNREVIEWED,UNREVIEWED,UNREVIEWED,UNREVIEWED,LEGAL_REVIEW_REQUIRED,https://comptroller.texas.gov/taxes/property-tax/county-directory/navarro.php,2026-09-16,DIRECTORY_LISTED by TX Comptroller. Site not fetched; terms not reviewed.
TX,Newton,County Appraisal District,www.newtoncad.org,PROPERTY_IDENTITY|PARCEL_ID|ADDRESS|LEGAL_DESCRIPTION|PROPERTY_TYPE|ACREAGE|MARKET_VALUE|APPRAISED_VALUE|TAXABLE_VALUE|OWNERSHIP|PROPERTY_CHARACTERISTICS|GIS,UNREVIEWED,UNREVIEWED,UNREVIEWED,UNREVIEWED,UNREVIEWED,UNREVIEWED,UNREVIEWED,UNREVIEWED,UNREVIEWED,UNREVIEWED,UNREVIEWED,UNREVIEWED,LEGAL_REVIEW_REQUIRED,https://comptroller.texas.gov/taxes/property-tax/county-directory/newton.php,2026-09-16,DIRECTORY_LISTED by TX Comptroller. Site not fetched; terms not reviewed.
TX,Newton,County Tax Assessor-Collector,www.co.newton.tx.us,ANNUAL_TAX|DELINQUENT_TAX|PAYMENT_STATUS|TAX_SALE,UNREVIEWED,UNREVIEWED,UNREVIEWED,UNREVIEWED,UNREVIEWED,UNREVIEWED,UNREVIEWED,UNREVIEWED,UNREVIEWED,UNREVIEWED,UNREVIEWED,UNREVIEWED,LEGAL_REVIEW_REQUIRED,https://comptroller.texas.gov/taxes/property-tax/county-directory/newton.php,2026-09-16,DIRECTORY_LISTED by TX Comptroller. Site not fetched; terms not reviewed.
TX,Nolan,County Appraisal District,www.nolan-cad.org,PROPERTY_IDENTITY|PARCEL_ID|ADDRESS|LEGAL_DESCRIPTION|PROPERTY_TYPE|ACREAGE|MARKET_VALUE|APPRAISED_VALUE|TAXABLE_VALUE|OWNERSHIP|PROPERTY_CHARACTERISTICS|GIS,UNREVIEWED,UNREVIEWED,UNREVIEWED,UNREVIEWED,UNREVIEWED,UNREVIEWED,UNREVIEWED,UNREVIEWED,UNREVIEWED,UNREVIEWED,UNREVIEWED,UNREVIEWED,LEGAL_REVIEW_REQUIRED,https://comptroller.texas.gov/taxes/property-tax/county-directory/nolan.php,2026-09-16,DIRECTORY_LISTED by TX Comptroller. Site not fetched; terms not reviewed.
TX,Nolan,County Tax Assessor-Collector,www.co.nolan.tx.us,ANNUAL_TAX|DELINQUENT_TAX|PAYMENT_STATUS|TAX_SALE,UNREVIEWED,UNREVIEWED,UNREVIEWED,UNREVIEWED,UNREVIEWED,UNREVIEWED,UNREVIEWED,UNREVIEWED,UNREVIEWED,UNREVIEWED,UNREVIEWED,UNREVIEWED,LEGAL_REVIEW_REQUIRED,https://comptroller.texas.gov/taxes/property-tax/county-directory/nolan.php,2026-09-16,DIRECTORY_LISTED by TX Comptroller. Site not fetched; terms not reviewed.
TX,Nueces,County Appraisal District,www.ncadistrict.com,PROPERTY_IDENTITY|PARCEL_ID|ADDRESS|LEGAL_DESCRIPTION|PROPERTY_TYPE|ACREAGE|MARKET_VALUE|APPRAISED_VALUE|TAXABLE_VALUE|OWNERSHIP|PROPERTY_CHARACTERISTICS|GIS,UNREVIEWED,UNREVIEWED,UNREVIEWED,UNREVIEWED,UNREVIEWED,UNREVIEWED,UNREVIEWED,UNREVIEWED,UNREVIEWED,UNREVIEWED,UNREVIEWED,UNREVIEWED,LEGAL_REVIEW_REQUIRED,https://comptroller.texas.gov/taxes/property-tax/county-directory/nueces.php,2026-09-16,DIRECTORY_LISTED by TX Comptroller. Site not fetched; terms not reviewed.
TX,Nueces,County Tax Assessor-Collector,www.nuecesco.com,ANNUAL_TAX|DELINQUENT_TAX|PAYMENT_STATUS|TAX_SALE,UNREVIEWED,UNREVIEWED,UNREVIEWED,UNREVIEWED,UNREVIEWED,UNREVIEWED,UNREVIEWED,UNREVIEWED,UNREVIEWED,UNREVIEWED,UNREVIEWED,UNREVIEWED,LEGAL_REVIEW_REQUIRED,https://comptroller.texas.gov/taxes/property-tax/county-directory/nueces.php,2026-09-16,DIRECTORY_LISTED by TX Comptroller. Site not fetched; terms not reviewed.
TX,Ochiltree,County Appraisal District,www.ochiltreecad.org,PROPERTY_IDENTITY|PARCEL_ID|ADDRESS|LEGAL_DESCRIPTION|PROPERTY_TYPE|ACREAGE|MARKET_VALUE|APPRAISED_VALUE|TAXABLE_VALUE|OWNERSHIP|PROPERTY_CHARACTERISTICS|GIS,UNREVIEWED,UNREVIEWED,UNREVIEWED,UNREVIEWED,UNREVIEWED,UNREVIEWED,UNREVIEWED,UNREVIEWED,UNREVIEWED,UNREVIEWED,UNREVIEWED,UNREVIEWED,LEGAL_REVIEW_REQUIRED,https://comptroller.texas.gov/taxes/property-tax/county-directory/ochiltree.php,2026-09-16,DIRECTORY_LISTED by TX Comptroller. Site not fetched; terms not reviewed.
TX,Ochiltree,County Tax Assessor-Collector,www.co.ochiltree.tx.us,ANNUAL_TAX|DELINQUENT_TAX|PAYMENT_STATUS|TAX_SALE,UNREVIEWED,UNREVIEWED,UNREVIEWED,UNREVIEWED,UNREVIEWED,UNREVIEWED,UNREVIEWED,UNREVIEWED,UNREVIEWED,UNREVIEWED,UNREVIEWED,UNREVIEWED,LEGAL_REVIEW_REQUIRED,https://comptroller.texas.gov/taxes/property-tax/county-directory/ochiltree.php,2026-09-16,DIRECTORY_LISTED by TX Comptroller. Site not fetched; terms not reviewed.
TX,Oldham,County Appraisal District,oldhamcad.org,PROPERTY_IDENTITY|PARCEL_ID|ADDRESS|LEGAL_DESCRIPTION|PROPERTY_TYPE|ACREAGE|MARKET_VALUE|APPRAISED_VALUE|TAXABLE_VALUE|OWNERSHIP|PROPERTY_CHARACTERISTICS|GIS,UNREVIEWED,UNREVIEWED,UNREVIEWED,UNREVIEWED,UNREVIEWED,UNREVIEWED,UNREVIEWED,UNREVIEWED,UNREVIEWED,UNREVIEWED,UNREVIEWED,UNREVIEWED,LEGAL_REVIEW_REQUIRED,https://comptroller.texas.gov/taxes/property-tax/county-directory/oldham.php,2026-09-16,DIRECTORY_LISTED by TX Comptroller. Site not fetched; terms not reviewed.
TX,Oldham,County Tax Assessor-Collector,www.co.oldham.tx.us,ANNUAL_TAX|DELINQUENT_TAX|PAYMENT_STATUS|TAX_SALE,UNREVIEWED,UNREVIEWED,UNREVIEWED,UNREVIEWED,UNREVIEWED,UNREVIEWED,UNREVIEWED,UNREVIEWED,UNREVIEWED,UNREVIEWED,UNREVIEWED,UNREVIEWED,LEGAL_REVIEW_REQUIRED,https://comptroller.texas.gov/taxes/property-tax/county-directory/oldham.php,2026-09-16,DIRECTORY_LISTED by TX Comptroller. Site not fetched; terms not reviewed.
TX,Orange,County Appraisal District,www.orangecad.net,PROPERTY_IDENTITY|PARCEL_ID|ADDRESS|LEGAL_DESCRIPTION|PROPERTY_TYPE|ACREAGE|MARKET_VALUE|APPRAISED_VALUE|TAXABLE_VALUE|OWNERSHIP|PROPERTY_CHARACTERISTICS|GIS,UNREVIEWED,UNREVIEWED,UNREVIEWED,UNREVIEWED,UNREVIEWED,UNREVIEWED,UNREVIEWED,UNREVIEWED,UNREVIEWED,UNREVIEWED,UNREVIEWED,UNREVIEWED,LEGAL_REVIEW_REQUIRED,https://comptroller.texas.gov/taxes/property-tax/county-directory/orange.php,2026-09-16,DIRECTORY_LISTED by TX Comptroller. Site not fetched; terms not reviewed.
TX,Orange,County Tax Assessor-Collector,www.co.orange.tx.us,ANNUAL_TAX|DELINQUENT_TAX|PAYMENT_STATUS|TAX_SALE,UNREVIEWED,UNREVIEWED,UNREVIEWED,UNREVIEWED,UNREVIEWED,UNREVIEWED,UNREVIEWED,UNREVIEWED,UNREVIEWED,UNREVIEWED,UNREVIEWED,UNREVIEWED,LEGAL_REVIEW_REQUIRED,https://comptroller.texas.gov/taxes/property-tax/county-directory/orange.php,2026-09-16,DIRECTORY_LISTED by TX Comptroller. Site not fetched; terms not reviewed.
TX,Palo Pinto,County Tax Assessor-Collector,www.co.palo-pinto.tx.us,ANNUAL_TAX|DELINQUENT_TAX|PAYMENT_STATUS|TAX_SALE,UNREVIEWED,UNREVIEWED,UNREVIEWED,UNREVIEWED,UNREVIEWED,UNREVIEWED,UNREVIEWED,UNREVIEWED,UNREVIEWED,UNREVIEWED,UNREVIEWED,UNREVIEWED,LEGAL_REVIEW_REQUIRED,https://comptroller.texas.gov/taxes/property-tax/county-directory/palopinto.php,2026-09-16,DIRECTORY_LISTED by TX Comptroller. Site not fetched; terms not reviewed.
TX,Panola,County Appraisal District,www.panolacad.org,PROPERTY_IDENTITY|PARCEL_ID|ADDRESS|LEGAL_DESCRIPTION|PROPERTY_TYPE|ACREAGE|MARKET_VALUE|APPRAISED_VALUE|TAXABLE_VALUE|OWNERSHIP|PROPERTY_CHARACTERISTICS|GIS,UNREVIEWED,UNREVIEWED,UNREVIEWED,UNREVIEWED,UNREVIEWED,UNREVIEWED,UNREVIEWED,UNREVIEWED,UNREVIEWED,UNREVIEWED,UNREVIEWED,UNREVIEWED,LEGAL_REVIEW_REQUIRED,https://comptroller.texas.gov/taxes/property-tax/county-directory/panola.php,2026-09-16,DIRECTORY_LISTED by TX Comptroller. Site not fetched; terms not reviewed.
TX,Panola,County Tax Assessor-Collector,www.co.panola.tx.us,ANNUAL_TAX|DELINQUENT_TAX|PAYMENT_STATUS|TAX_SALE,UNREVIEWED,UNREVIEWED,UNREVIEWED,UNREVIEWED,UNREVIEWED,UNREVIEWED,UNREVIEWED,UNREVIEWED,UNREVIEWED,UNREVIEWED,UNREVIEWED,UNREVIEWED,LEGAL_REVIEW_REQUIRED,https://comptroller.texas.gov/taxes/property-tax/county-directory/panola.php,2026-09-16,DIRECTORY_LISTED by TX Comptroller. Site not fetched; terms not reviewed.
TX,Parker,County Appraisal District,www.parkercad.org,PROPERTY_IDENTITY|PARCEL_ID|ADDRESS|LEGAL_DESCRIPTION|PROPERTY_TYPE|ACREAGE|MARKET_VALUE|APPRAISED_VALUE|TAXABLE_VALUE|OWNERSHIP|PROPERTY_CHARACTERISTICS|GIS,UNREVIEWED,UNREVIEWED,UNREVIEWED,UNREVIEWED,UNREVIEWED,UNREVIEWED,UNREVIEWED,UNREVIEWED,UNREVIEWED,UNREVIEWED,UNREVIEWED,UNREVIEWED,LEGAL_REVIEW_REQUIRED,https://comptroller.texas.gov/taxes/property-tax/county-directory/parker.php,2026-09-16,DIRECTORY_LISTED by TX Comptroller. Site not fetched; terms not reviewed.
TX,Parker,County Tax Assessor-Collector,www.parkercountytx.gov,ANNUAL_TAX|DELINQUENT_TAX|PAYMENT_STATUS|TAX_SALE,UNREVIEWED,UNREVIEWED,UNREVIEWED,UNREVIEWED,UNREVIEWED,UNREVIEWED,UNREVIEWED,UNREVIEWED,UNREVIEWED,UNREVIEWED,UNREVIEWED,UNREVIEWED,LEGAL_REVIEW_REQUIRED,https://comptroller.texas.gov/taxes/property-tax/county-directory/parker.php,2026-09-16,DIRECTORY_LISTED by TX Comptroller. Site not fetched; terms not reviewed.
TX,Parmer,County Appraisal District,www.parmercad.org,PROPERTY_IDENTITY|PARCEL_ID|ADDRESS|LEGAL_DESCRIPTION|PROPERTY_TYPE|ACREAGE|MARKET_VALUE|APPRAISED_VALUE|TAXABLE_VALUE|OWNERSHIP|PROPERTY_CHARACTERISTICS|GIS,UNREVIEWED,UNREVIEWED,UNREVIEWED,UNREVIEWED,UNREVIEWED,UNREVIEWED,UNREVIEWED,UNREVIEWED,UNREVIEWED,UNREVIEWED,UNREVIEWED,UNREVIEWED,LEGAL_REVIEW_REQUIRED,https://comptroller.texas.gov/taxes/property-tax/county-directory/parmer.php,2026-09-16,DIRECTORY_LISTED by TX Comptroller. Site not fetched; terms not reviewed.
TX,Parmer,County Tax Assessor-Collector,www.parmercounty.texas.gov,ANNUAL_TAX|DELINQUENT_TAX|PAYMENT_STATUS|TAX_SALE,UNREVIEWED,UNREVIEWED,UNREVIEWED,UNREVIEWED,UNREVIEWED,UNREVIEWED,UNREVIEWED,UNREVIEWED,UNREVIEWED,UNREVIEWED,UNREVIEWED,UNREVIEWED,LEGAL_REVIEW_REQUIRED,https://comptroller.texas.gov/taxes/property-tax/county-directory/parmer.php,2026-09-16,DIRECTORY_LISTED by TX Comptroller. Site not fetched; terms not reviewed.
TX,Pecos,County Appraisal District,www.pecoscad.org,PROPERTY_IDENTITY|PARCEL_ID|ADDRESS|LEGAL_DESCRIPTION|PROPERTY_TYPE|ACREAGE|MARKET_VALUE|APPRAISED_VALUE|TAXABLE_VALUE|OWNERSHIP|PROPERTY_CHARACTERISTICS|GIS,UNREVIEWED,UNREVIEWED,UNREVIEWED,UNREVIEWED,UNREVIEWED,UNREVIEWED,UNREVIEWED,UNREVIEWED,UNREVIEWED,UNREVIEWED,UNREVIEWED,UNREVIEWED,LEGAL_REVIEW_REQUIRED,https://comptroller.texas.gov/taxes/property-tax/county-directory/pecos.php,2026-09-16,DIRECTORY_LISTED by TX Comptroller. Site not fetched; terms not reviewed.
TX,Pecos,County Tax Assessor-Collector,www.co.pecos.tx.us,ANNUAL_TAX|DELINQUENT_TAX|PAYMENT_STATUS|TAX_SALE,UNREVIEWED,UNREVIEWED,UNREVIEWED,UNREVIEWED,UNREVIEWED,UNREVIEWED,UNREVIEWED,UNREVIEWED,UNREVIEWED,UNREVIEWED,UNREVIEWED,UNREVIEWED,LEGAL_REVIEW_REQUIRED,https://comptroller.texas.gov/taxes/property-tax/county-directory/pecos.php,2026-09-16,DIRECTORY_LISTED by TX Comptroller. Site not fetched; terms not reviewed.
TX,Polk,County Appraisal District,www.polkcad.org,PROPERTY_IDENTITY|PARCEL_ID|ADDRESS|LEGAL_DESCRIPTION|PROPERTY_TYPE|ACREAGE|MARKET_VALUE|APPRAISED_VALUE|TAXABLE_VALUE|OWNERSHIP|PROPERTY_CHARACTERISTICS|GIS,UNREVIEWED,UNREVIEWED,UNREVIEWED,UNREVIEWED,UNREVIEWED,UNREVIEWED,UNREVIEWED,UNREVIEWED,UNREVIEWED,UNREVIEWED,UNREVIEWED,UNREVIEWED,LEGAL_REVIEW_REQUIRED,https://comptroller.texas.gov/taxes/property-tax/county-directory/polk.php,2026-09-16,DIRECTORY_LISTED by TX Comptroller. Site not fetched; terms not reviewed.
TX,Polk,County Tax Assessor-Collector,www.co.polk.tx.us,ANNUAL_TAX|DELINQUENT_TAX|PAYMENT_STATUS|TAX_SALE,UNREVIEWED,UNREVIEWED,UNREVIEWED,UNREVIEWED,UNREVIEWED,UNREVIEWED,UNREVIEWED,UNREVIEWED,UNREVIEWED,UNREVIEWED,UNREVIEWED,UNREVIEWED,LEGAL_REVIEW_REQUIRED,https://comptroller.texas.gov/taxes/property-tax/county-directory/polk.php,2026-09-16,DIRECTORY_LISTED by TX Comptroller. Site not fetched; terms not reviewed.
TX,Potter,County Appraisal District,www.prad.org,PROPERTY_IDENTITY|PARCEL_ID|ADDRESS|LEGAL_DESCRIPTION|PROPERTY_TYPE|ACREAGE|MARKET_VALUE|APPRAISED_VALUE|TAXABLE_VALUE|OWNERSHIP|PROPERTY_CHARACTERISTICS|GIS,UNREVIEWED,UNREVIEWED,UNREVIEWED,UNREVIEWED,UNREVIEWED,UNREVIEWED,UNREVIEWED,UNREVIEWED,UNREVIEWED,UNREVIEWED,UNREVIEWED,UNREVIEWED,LEGAL_REVIEW_REQUIRED,https://comptroller.texas.gov/taxes/property-tax/county-directory/potter.php,2026-09-16,DIRECTORY_LISTED by TX Comptroller. Site not fetched; terms not reviewed.
TX,Potter,County Tax Assessor-Collector,www.co.potter.tx.us,ANNUAL_TAX|DELINQUENT_TAX|PAYMENT_STATUS|TAX_SALE,UNREVIEWED,UNREVIEWED,UNREVIEWED,UNREVIEWED,UNREVIEWED,UNREVIEWED,UNREVIEWED,UNREVIEWED,UNREVIEWED,UNREVIEWED,UNREVIEWED,UNREVIEWED,LEGAL_REVIEW_REQUIRED,https://comptroller.texas.gov/taxes/property-tax/county-directory/potter.php,2026-09-16,DIRECTORY_LISTED by TX Comptroller. Site not fetched; terms not reviewed.
TX,Presidio,County Appraisal District,www.presidiocad.org,PROPERTY_IDENTITY|PARCEL_ID|ADDRESS|LEGAL_DESCRIPTION|PROPERTY_TYPE|ACREAGE|MARKET_VALUE|APPRAISED_VALUE|TAXABLE_VALUE|OWNERSHIP|PROPERTY_CHARACTERISTICS|GIS,UNREVIEWED,UNREVIEWED,UNREVIEWED,UNREVIEWED,UNREVIEWED,UNREVIEWED,UNREVIEWED,UNREVIEWED,UNREVIEWED,UNREVIEWED,UNREVIEWED,UNREVIEWED,LEGAL_REVIEW_REQUIRED,https://comptroller.texas.gov/taxes/property-tax/county-directory/presidio.php,2026-09-16,DIRECTORY_LISTED by TX Comptroller. Site not fetched; terms not reviewed.
TX,Presidio,County Tax Assessor-Collector,www.co.presidio.tx.us,ANNUAL_TAX|DELINQUENT_TAX|PAYMENT_STATUS|TAX_SALE,UNREVIEWED,UNREVIEWED,UNREVIEWED,UNREVIEWED,UNREVIEWED,UNREVIEWED,UNREVIEWED,UNREVIEWED,UNREVIEWED,UNREVIEWED,UNREVIEWED,UNREVIEWED,LEGAL_REVIEW_REQUIRED,https://comptroller.texas.gov/taxes/property-tax/county-directory/presidio.php,2026-09-16,DIRECTORY_LISTED by TX Comptroller. Site not fetched; terms not reviewed.
TX,Rains,County Appraisal District,www.rainscad.org,PROPERTY_IDENTITY|PARCEL_ID|ADDRESS|LEGAL_DESCRIPTION|PROPERTY_TYPE|ACREAGE|MARKET_VALUE|APPRAISED_VALUE|TAXABLE_VALUE|OWNERSHIP|PROPERTY_CHARACTERISTICS|GIS,UNREVIEWED,UNREVIEWED,UNREVIEWED,UNREVIEWED,UNREVIEWED,UNREVIEWED,UNREVIEWED,UNREVIEWED,UNREVIEWED,UNREVIEWED,UNREVIEWED,UNREVIEWED,LEGAL_REVIEW_REQUIRED,https://comptroller.texas.gov/taxes/property-tax/county-directory/rains.php,2026-09-16,DIRECTORY_LISTED by TX Comptroller. Site not fetched; terms not reviewed.
TX,Rains,County Tax Assessor-Collector,www.co.rains.tx.us,ANNUAL_TAX|DELINQUENT_TAX|PAYMENT_STATUS|TAX_SALE,UNREVIEWED,UNREVIEWED,UNREVIEWED,UNREVIEWED,UNREVIEWED,UNREVIEWED,UNREVIEWED,UNREVIEWED,UNREVIEWED,UNREVIEWED,UNREVIEWED,UNREVIEWED,LEGAL_REVIEW_REQUIRED,https://comptroller.texas.gov/taxes/property-tax/county-directory/rains.php,2026-09-16,DIRECTORY_LISTED by TX Comptroller. Site not fetched; terms not reviewed.
TX,Randall,County Appraisal District,www.prad.org,PROPERTY_IDENTITY|PARCEL_ID|ADDRESS|LEGAL_DESCRIPTION|PROPERTY_TYPE|ACREAGE|MARKET_VALUE|APPRAISED_VALUE|TAXABLE_VALUE|OWNERSHIP|PROPERTY_CHARACTERISTICS|GIS,UNREVIEWED,UNREVIEWED,UNREVIEWED,UNREVIEWED,UNREVIEWED,UNREVIEWED,UNREVIEWED,UNREVIEWED,UNREVIEWED,UNREVIEWED,UNREVIEWED,UNREVIEWED,LEGAL_REVIEW_REQUIRED,https://comptroller.texas.gov/taxes/property-tax/county-directory/randall.php,2026-09-16,DIRECTORY_LISTED by TX Comptroller. Site not fetched; terms not reviewed.
TX,Randall,County Tax Assessor-Collector,www.randallcounty.gov,ANNUAL_TAX|DELINQUENT_TAX|PAYMENT_STATUS|TAX_SALE,UNREVIEWED,UNREVIEWED,UNREVIEWED,UNREVIEWED,UNREVIEWED,UNREVIEWED,UNREVIEWED,UNREVIEWED,UNREVIEWED,UNREVIEWED,UNREVIEWED,UNREVIEWED,LEGAL_REVIEW_REQUIRED,https://comptroller.texas.gov/taxes/property-tax/county-directory/randall.php,2026-09-16,DIRECTORY_LISTED by TX Comptroller. Site not fetched; terms not reviewed.
TX,Reagan,County Appraisal District,www.reagancad.org,PROPERTY_IDENTITY|PARCEL_ID|ADDRESS|LEGAL_DESCRIPTION|PROPERTY_TYPE|ACREAGE|MARKET_VALUE|APPRAISED_VALUE|TAXABLE_VALUE|OWNERSHIP|PROPERTY_CHARACTERISTICS|GIS,UNREVIEWED,UNREVIEWED,UNREVIEWED,UNREVIEWED,UNREVIEWED,UNREVIEWED,UNREVIEWED,UNREVIEWED,UNREVIEWED,UNREVIEWED,UNREVIEWED,UNREVIEWED,LEGAL_REVIEW_REQUIRED,https://comptroller.texas.gov/taxes/property-tax/county-directory/reagan.php,2026-09-16,DIRECTORY_LISTED by TX Comptroller. Site not fetched; terms not reviewed.
TX,Reagan,County Tax Assessor-Collector,www.co.reagan.tx.us,ANNUAL_TAX|DELINQUENT_TAX|PAYMENT_STATUS|TAX_SALE,UNREVIEWED,UNREVIEWED,UNREVIEWED,UNREVIEWED,UNREVIEWED,UNREVIEWED,UNREVIEWED,UNREVIEWED,UNREVIEWED,UNREVIEWED,UNREVIEWED,UNREVIEWED,LEGAL_REVIEW_REQUIRED,https://comptroller.texas.gov/taxes/property-tax/county-directory/reagan.php,2026-09-16,DIRECTORY_LISTED by TX Comptroller. Site not fetched; terms not reviewed.
TX,Real,County Appraisal District,www.realcad.org,PROPERTY_IDENTITY|PARCEL_ID|ADDRESS|LEGAL_DESCRIPTION|PROPERTY_TYPE|ACREAGE|MARKET_VALUE|APPRAISED_VALUE|TAXABLE_VALUE|OWNERSHIP|PROPERTY_CHARACTERISTICS|GIS,UNREVIEWED,UNREVIEWED,UNREVIEWED,UNREVIEWED,UNREVIEWED,UNREVIEWED,UNREVIEWED,UNREVIEWED,UNREVIEWED,UNREVIEWED,UNREVIEWED,UNREVIEWED,LEGAL_REVIEW_REQUIRED,https://comptroller.texas.gov/taxes/property-tax/county-directory/real.php,2026-09-16,DIRECTORY_LISTED by TX Comptroller. Site not fetched; terms not reviewed.
TX,Real,County Tax Assessor-Collector,www.co.real.tx.us,ANNUAL_TAX|DELINQUENT_TAX|PAYMENT_STATUS|TAX_SALE,UNREVIEWED,UNREVIEWED,UNREVIEWED,UNREVIEWED,UNREVIEWED,UNREVIEWED,UNREVIEWED,UNREVIEWED,UNREVIEWED,UNREVIEWED,UNREVIEWED,UNREVIEWED,LEGAL_REVIEW_REQUIRED,https://comptroller.texas.gov/taxes/property-tax/county-directory/real.php,2026-09-16,DIRECTORY_LISTED by TX Comptroller. Site not fetched; terms not reviewed.
TX,Red River,County Appraisal District,www.rrcad.org,PROPERTY_IDENTITY|PARCEL_ID|ADDRESS|LEGAL_DESCRIPTION|PROPERTY_TYPE|ACREAGE|MARKET_VALUE|APPRAISED_VALUE|TAXABLE_VALUE|OWNERSHIP|PROPERTY_CHARACTERISTICS|GIS,UNREVIEWED,UNREVIEWED,UNREVIEWED,UNREVIEWED,UNREVIEWED,UNREVIEWED,UNREVIEWED,UNREVIEWED,UNREVIEWED,UNREVIEWED,UNREVIEWED,UNREVIEWED,LEGAL_REVIEW_REQUIRED,https://comptroller.texas.gov/taxes/property-tax/county-directory/redriver.php,2026-09-16,DIRECTORY_LISTED by TX Comptroller. Site not fetched; terms not reviewed.
TX,Red River,County Tax Assessor-Collector,www.co.red-river.tx.us,ANNUAL_TAX|DELINQUENT_TAX|PAYMENT_STATUS|TAX_SALE,UNREVIEWED,UNREVIEWED,UNREVIEWED,UNREVIEWED,UNREVIEWED,UNREVIEWED,UNREVIEWED,UNREVIEWED,UNREVIEWED,UNREVIEWED,UNREVIEWED,UNREVIEWED,LEGAL_REVIEW_REQUIRED,https://comptroller.texas.gov/taxes/property-tax/county-directory/redriver.php,2026-09-16,DIRECTORY_LISTED by TX Comptroller. Site not fetched; terms not reviewed.
TX,Reeves,County Appraisal District,www.reeves-cad.org,PROPERTY_IDENTITY|PARCEL_ID|ADDRESS|LEGAL_DESCRIPTION|PROPERTY_TYPE|ACREAGE|MARKET_VALUE|APPRAISED_VALUE|TAXABLE_VALUE|OWNERSHIP|PROPERTY_CHARACTERISTICS|GIS,UNREVIEWED,UNREVIEWED,UNREVIEWED,UNREVIEWED,UNREVIEWED,UNREVIEWED,UNREVIEWED,UNREVIEWED,UNREVIEWED,UNREVIEWED,UNREVIEWED,UNREVIEWED,LEGAL_REVIEW_REQUIRED,https://comptroller.texas.gov/taxes/property-tax/county-directory/reeves.php,2026-09-16,DIRECTORY_LISTED by TX Comptroller. Site not fetched; terms not reviewed.
TX,Reeves,County Tax Assessor-Collector,www.reevescounty.org,ANNUAL_TAX|DELINQUENT_TAX|PAYMENT_STATUS|TAX_SALE,UNREVIEWED,UNREVIEWED,UNREVIEWED,UNREVIEWED,UNREVIEWED,UNREVIEWED,UNREVIEWED,UNREVIEWED,UNREVIEWED,UNREVIEWED,UNREVIEWED,UNREVIEWED,LEGAL_REVIEW_REQUIRED,https://comptroller.texas.gov/taxes/property-tax/county-directory/reeves.php,2026-09-16,DIRECTORY_LISTED by TX Comptroller. Site not fetched; terms not reviewed.
TX,Refugio,County Appraisal District,www.refugiocad.org,PROPERTY_IDENTITY|PARCEL_ID|ADDRESS|LEGAL_DESCRIPTION|PROPERTY_TYPE|ACREAGE|MARKET_VALUE|APPRAISED_VALUE|TAXABLE_VALUE|OWNERSHIP|PROPERTY_CHARACTERISTICS|GIS,UNREVIEWED,UNREVIEWED,UNREVIEWED,UNREVIEWED,UNREVIEWED,UNREVIEWED,UNREVIEWED,UNREVIEWED,UNREVIEWED,UNREVIEWED,UNREVIEWED,UNREVIEWED,LEGAL_REVIEW_REQUIRED,https://comptroller.texas.gov/taxes/property-tax/county-directory/refugio.php,2026-09-16,DIRECTORY_LISTED by TX Comptroller. Site not fetched; terms not reviewed.
TX,Refugio,County Tax Assessor-Collector,www.co.refugio.tx.us,ANNUAL_TAX|DELINQUENT_TAX|PAYMENT_STATUS|TAX_SALE,UNREVIEWED,UNREVIEWED,UNREVIEWED,UNREVIEWED,UNREVIEWED,UNREVIEWED,UNREVIEWED,UNREVIEWED,UNREVIEWED,UNREVIEWED,UNREVIEWED,UNREVIEWED,LEGAL_REVIEW_REQUIRED,https://comptroller.texas.gov/taxes/property-tax/county-directory/refugio.php,2026-09-16,DIRECTORY_LISTED by TX Comptroller. Site not fetched; terms not reviewed.
TX,Roberts,County Appraisal District,www.robertscad.org,PROPERTY_IDENTITY|PARCEL_ID|ADDRESS|LEGAL_DESCRIPTION|PROPERTY_TYPE|ACREAGE|MARKET_VALUE|APPRAISED_VALUE|TAXABLE_VALUE|OWNERSHIP|PROPERTY_CHARACTERISTICS|GIS,UNREVIEWED,UNREVIEWED,UNREVIEWED,UNREVIEWED,UNREVIEWED,UNREVIEWED,UNREVIEWED,UNREVIEWED,UNREVIEWED,UNREVIEWED,UNREVIEWED,UNREVIEWED,LEGAL_REVIEW_REQUIRED,https://comptroller.texas.gov/taxes/property-tax/county-directory/roberts.php,2026-09-16,DIRECTORY_LISTED by TX Comptroller. Site not fetched; terms not reviewed.
TX,Roberts,County Tax Assessor-Collector,www.co.roberts.tx.us,ANNUAL_TAX|DELINQUENT_TAX|PAYMENT_STATUS|TAX_SALE,UNREVIEWED,UNREVIEWED,UNREVIEWED,UNREVIEWED,UNREVIEWED,UNREVIEWED,UNREVIEWED,UNREVIEWED,UNREVIEWED,UNREVIEWED,UNREVIEWED,UNREVIEWED,LEGAL_REVIEW_REQUIRED,https://comptroller.texas.gov/taxes/property-tax/county-directory/roberts.php,2026-09-16,DIRECTORY_LISTED by TX Comptroller. Site not fetched; terms not reviewed.
TX,Robertson,County Appraisal District,robertsoncad.com,PROPERTY_IDENTITY|PARCEL_ID|ADDRESS|LEGAL_DESCRIPTION|PROPERTY_TYPE|ACREAGE|MARKET_VALUE|APPRAISED_VALUE|TAXABLE_VALUE|OWNERSHIP|PROPERTY_CHARACTERISTICS|GIS,UNREVIEWED,UNREVIEWED,UNREVIEWED,UNREVIEWED,UNREVIEWED,UNREVIEWED,UNREVIEWED,UNREVIEWED,UNREVIEWED,UNREVIEWED,UNREVIEWED,UNREVIEWED,LEGAL_REVIEW_REQUIRED,https://comptroller.texas.gov/taxes/property-tax/county-directory/robertson.php,2026-09-16,DIRECTORY_LISTED by TX Comptroller. Site not fetched; terms not reviewed.
TX,Robertson,County Tax Assessor-Collector,www.co.robertson.tx.us,ANNUAL_TAX|DELINQUENT_TAX|PAYMENT_STATUS|TAX_SALE,UNREVIEWED,UNREVIEWED,UNREVIEWED,UNREVIEWED,UNREVIEWED,UNREVIEWED,UNREVIEWED,UNREVIEWED,UNREVIEWED,UNREVIEWED,UNREVIEWED,UNREVIEWED,LEGAL_REVIEW_REQUIRED,https://comptroller.texas.gov/taxes/property-tax/county-directory/robertson.php,2026-09-16,DIRECTORY_LISTED by TX Comptroller. Site not fetched; terms not reviewed.
TX,Rockwall,County Appraisal District,www.rockwallcad.com,PROPERTY_IDENTITY|PARCEL_ID|ADDRESS|LEGAL_DESCRIPTION|PROPERTY_TYPE|ACREAGE|MARKET_VALUE|APPRAISED_VALUE|TAXABLE_VALUE|OWNERSHIP|PROPERTY_CHARACTERISTICS|GIS,UNREVIEWED,UNREVIEWED,UNREVIEWED,UNREVIEWED,UNREVIEWED,UNREVIEWED,UNREVIEWED,UNREVIEWED,UNREVIEWED,UNREVIEWED,UNREVIEWED,UNREVIEWED,LEGAL_REVIEW_REQUIRED,https://comptroller.texas.gov/taxes/property-tax/county-directory/rockwall.php,2026-09-16,DIRECTORY_LISTED by TX Comptroller. Site not fetched; terms not reviewed.
TX,Rockwall,County Tax Assessor-Collector,www.rockwallcountytexas.com,ANNUAL_TAX|DELINQUENT_TAX|PAYMENT_STATUS|TAX_SALE,UNREVIEWED,UNREVIEWED,UNREVIEWED,UNREVIEWED,UNREVIEWED,UNREVIEWED,UNREVIEWED,UNREVIEWED,UNREVIEWED,UNREVIEWED,UNREVIEWED,UNREVIEWED,LEGAL_REVIEW_REQUIRED,https://comptroller.texas.gov/taxes/property-tax/county-directory/rockwall.php,2026-09-16,DIRECTORY_LISTED by TX Comptroller. Site not fetched; terms not reviewed.
TX,Runnels,County Appraisal District,www.runnelscad.org,PROPERTY_IDENTITY|PARCEL_ID|ADDRESS|LEGAL_DESCRIPTION|PROPERTY_TYPE|ACREAGE|MARKET_VALUE|APPRAISED_VALUE|TAXABLE_VALUE|OWNERSHIP|PROPERTY_CHARACTERISTICS|GIS,UNREVIEWED,UNREVIEWED,UNREVIEWED,UNREVIEWED,UNREVIEWED,UNREVIEWED,UNREVIEWED,UNREVIEWED,UNREVIEWED,UNREVIEWED,UNREVIEWED,UNREVIEWED,LEGAL_REVIEW_REQUIRED,https://comptroller.texas.gov/taxes/property-tax/county-directory/runnels.php,2026-09-16,DIRECTORY_LISTED by TX Comptroller. Site not fetched; terms not reviewed.
TX,Runnels,County Tax Assessor-Collector,www.runnelscounty.org,ANNUAL_TAX|DELINQUENT_TAX|PAYMENT_STATUS|TAX_SALE,UNREVIEWED,UNREVIEWED,UNREVIEWED,UNREVIEWED,UNREVIEWED,UNREVIEWED,UNREVIEWED,UNREVIEWED,UNREVIEWED,UNREVIEWED,UNREVIEWED,UNREVIEWED,LEGAL_REVIEW_REQUIRED,https://comptroller.texas.gov/taxes/property-tax/county-directory/runnels.php,2026-09-16,DIRECTORY_LISTED by TX Comptroller. Site not fetched; terms not reviewed.
TX,Rusk,County Appraisal District,www.ruskcad.org,PROPERTY_IDENTITY|PARCEL_ID|ADDRESS|LEGAL_DESCRIPTION|PROPERTY_TYPE|ACREAGE|MARKET_VALUE|APPRAISED_VALUE|TAXABLE_VALUE|OWNERSHIP|PROPERTY_CHARACTERISTICS|GIS,UNREVIEWED,UNREVIEWED,UNREVIEWED,UNREVIEWED,UNREVIEWED,UNREVIEWED,UNREVIEWED,UNREVIEWED,UNREVIEWED,UNREVIEWED,UNREVIEWED,UNREVIEWED,LEGAL_REVIEW_REQUIRED,https://comptroller.texas.gov/taxes/property-tax/county-directory/rusk.php,2026-09-16,DIRECTORY_LISTED by TX Comptroller. Site not fetched; terms not reviewed.
TX,Rusk,County Tax Assessor-Collector,www.ruskcountytx.gov,ANNUAL_TAX|DELINQUENT_TAX|PAYMENT_STATUS|TAX_SALE,UNREVIEWED,UNREVIEWED,UNREVIEWED,UNREVIEWED,UNREVIEWED,UNREVIEWED,UNREVIEWED,UNREVIEWED,UNREVIEWED,UNREVIEWED,UNREVIEWED,UNREVIEWED,LEGAL_REVIEW_REQUIRED,https://comptroller.texas.gov/taxes/property-tax/county-directory/rusk.php,2026-09-16,DIRECTORY_LISTED by TX Comptroller. Site not fetched; terms not reviewed.
TX,Sabine,County Tax Assessor-Collector,www.co.sabine.tx.us,ANNUAL_TAX|DELINQUENT_TAX|PAYMENT_STATUS|TAX_SALE,UNREVIEWED,UNREVIEWED,UNREVIEWED,UNREVIEWED,UNREVIEWED,UNREVIEWED,UNREVIEWED,UNREVIEWED,UNREVIEWED,UNREVIEWED,UNREVIEWED,UNREVIEWED,LEGAL_REVIEW_REQUIRED,https://comptroller.texas.gov/taxes/property-tax/county-directory/sabine.php,2026-09-16,DIRECTORY_LISTED by TX Comptroller. Site not fetched; terms not reviewed.
TX,San Augustine,County Appraisal District,www.sanaugustinecad.org,PROPERTY_IDENTITY|PARCEL_ID|ADDRESS|LEGAL_DESCRIPTION|PROPERTY_TYPE|ACREAGE|MARKET_VALUE|APPRAISED_VALUE|TAXABLE_VALUE|OWNERSHIP|PROPERTY_CHARACTERISTICS|GIS,UNREVIEWED,UNREVIEWED,UNREVIEWED,UNREVIEWED,UNREVIEWED,UNREVIEWED,UNREVIEWED,UNREVIEWED,UNREVIEWED,UNREVIEWED,UNREVIEWED,UNREVIEWED,LEGAL_REVIEW_REQUIRED,https://comptroller.texas.gov/taxes/property-tax/county-directory/sanaugustine.php,2026-09-16,DIRECTORY_LISTED by TX Comptroller. Site not fetched; terms not reviewed.
TX,San Augustine,County Tax Assessor-Collector,www.co.san-augustine.tx.us,ANNUAL_TAX|DELINQUENT_TAX|PAYMENT_STATUS|TAX_SALE,UNREVIEWED,UNREVIEWED,UNREVIEWED,UNREVIEWED,UNREVIEWED,UNREVIEWED,UNREVIEWED,UNREVIEWED,UNREVIEWED,UNREVIEWED,UNREVIEWED,UNREVIEWED,LEGAL_REVIEW_REQUIRED,https://comptroller.texas.gov/taxes/property-tax/county-directory/sanaugustine.php,2026-09-16,DIRECTORY_LISTED by TX Comptroller. Site not fetched; terms not reviewed.
TX,San Jacinto,County Appraisal District,www.sjcad.org,PROPERTY_IDENTITY|PARCEL_ID|ADDRESS|LEGAL_DESCRIPTION|PROPERTY_TYPE|ACREAGE|MARKET_VALUE|APPRAISED_VALUE|TAXABLE_VALUE|OWNERSHIP|PROPERTY_CHARACTERISTICS|GIS,UNREVIEWED,UNREVIEWED,UNREVIEWED,UNREVIEWED,UNREVIEWED,UNREVIEWED,UNREVIEWED,UNREVIEWED,UNREVIEWED,UNREVIEWED,UNREVIEWED,UNREVIEWED,LEGAL_REVIEW_REQUIRED,https://comptroller.texas.gov/taxes/property-tax/county-directory/sanjacinto.php,2026-09-16,DIRECTORY_LISTED by TX Comptroller. Site not fetched; terms not reviewed.
TX,San Jacinto,County Tax Assessor-Collector,www.co.san-jacinto.tx.us,ANNUAL_TAX|DELINQUENT_TAX|PAYMENT_STATUS|TAX_SALE,UNREVIEWED,UNREVIEWED,UNREVIEWED,UNREVIEWED,UNREVIEWED,UNREVIEWED,UNREVIEWED,UNREVIEWED,UNREVIEWED,UNREVIEWED,UNREVIEWED,UNREVIEWED,LEGAL_REVIEW_REQUIRED,https://comptroller.texas.gov/taxes/property-tax/county-directory/sanjacinto.php,2026-09-16,DIRECTORY_LISTED by TX Comptroller. Site not fetched; terms not reviewed.
TX,San Patricio,County Appraisal District,www.sanpatcad.org,PROPERTY_IDENTITY|PARCEL_ID|ADDRESS|LEGAL_DESCRIPTION|PROPERTY_TYPE|ACREAGE|MARKET_VALUE|APPRAISED_VALUE|TAXABLE_VALUE|OWNERSHIP|PROPERTY_CHARACTERISTICS|GIS,UNREVIEWED,UNREVIEWED,UNREVIEWED,UNREVIEWED,UNREVIEWED,UNREVIEWED,UNREVIEWED,UNREVIEWED,UNREVIEWED,UNREVIEWED,UNREVIEWED,UNREVIEWED,LEGAL_REVIEW_REQUIRED,https://comptroller.texas.gov/taxes/property-tax/county-directory/sanpatricio.php,2026-09-16,DIRECTORY_LISTED by TX Comptroller. Site not fetched; terms not reviewed.
TX,San Patricio,County Tax Assessor-Collector,www.co.san-patricio.tx.us,ANNUAL_TAX|DELINQUENT_TAX|PAYMENT_STATUS|TAX_SALE,UNREVIEWED,UNREVIEWED,UNREVIEWED,UNREVIEWED,UNREVIEWED,UNREVIEWED,UNREVIEWED,UNREVIEWED,UNREVIEWED,UNREVIEWED,UNREVIEWED,UNREVIEWED,LEGAL_REVIEW_REQUIRED,https://comptroller.texas.gov/taxes/property-tax/county-directory/sanpatricio.php,2026-09-16,DIRECTORY_LISTED by TX Comptroller. Site not fetched; terms not reviewed.
TX,San Saba,County Appraisal District,www.sansabacad.org,PROPERTY_IDENTITY|PARCEL_ID|ADDRESS|LEGAL_DESCRIPTION|PROPERTY_TYPE|ACREAGE|MARKET_VALUE|APPRAISED_VALUE|TAXABLE_VALUE|OWNERSHIP|PROPERTY_CHARACTERISTICS|GIS,UNREVIEWED,UNREVIEWED,UNREVIEWED,UNREVIEWED,UNREVIEWED,UNREVIEWED,UNREVIEWED,UNREVIEWED,UNREVIEWED,UNREVIEWED,UNREVIEWED,UNREVIEWED,LEGAL_REVIEW_REQUIRED,https://comptroller.texas.gov/taxes/property-tax/county-directory/sansaba.php,2026-09-16,DIRECTORY_LISTED by TX Comptroller. Site not fetched; terms not reviewed.
TX,San Saba,County Tax Assessor-Collector,www.co.san-saba.tx.us,ANNUAL_TAX|DELINQUENT_TAX|PAYMENT_STATUS|TAX_SALE,UNREVIEWED,UNREVIEWED,UNREVIEWED,UNREVIEWED,UNREVIEWED,UNREVIEWED,UNREVIEWED,UNREVIEWED,UNREVIEWED,UNREVIEWED,UNREVIEWED,UNREVIEWED,LEGAL_REVIEW_REQUIRED,https://comptroller.texas.gov/taxes/property-tax/county-directory/sansaba.php,2026-09-16,DIRECTORY_LISTED by TX Comptroller. Site not fetched; terms not reviewed.
TX,Schleicher,County Appraisal District,www.schleichercad.org,PROPERTY_IDENTITY|PARCEL_ID|ADDRESS|LEGAL_DESCRIPTION|PROPERTY_TYPE|ACREAGE|MARKET_VALUE|APPRAISED_VALUE|TAXABLE_VALUE|OWNERSHIP|PROPERTY_CHARACTERISTICS|GIS,UNREVIEWED,UNREVIEWED,UNREVIEWED,UNREVIEWED,UNREVIEWED,UNREVIEWED,UNREVIEWED,UNREVIEWED,UNREVIEWED,UNREVIEWED,UNREVIEWED,UNREVIEWED,LEGAL_REVIEW_REQUIRED,https://comptroller.texas.gov/taxes/property-tax/county-directory/schleicher.php,2026-09-16,DIRECTORY_LISTED by TX Comptroller. Site not fetched; terms not reviewed.
TX,Schleicher,County Tax Assessor-Collector,www.schleichercounty.gov,ANNUAL_TAX|DELINQUENT_TAX|PAYMENT_STATUS|TAX_SALE,UNREVIEWED,UNREVIEWED,UNREVIEWED,UNREVIEWED,UNREVIEWED,UNREVIEWED,UNREVIEWED,UNREVIEWED,UNREVIEWED,UNREVIEWED,UNREVIEWED,UNREVIEWED,LEGAL_REVIEW_REQUIRED,https://comptroller.texas.gov/taxes/property-tax/county-directory/schleicher.php,2026-09-16,DIRECTORY_LISTED by TX Comptroller. Site not fetched; terms not reviewed.
TX,Scurry,County Appraisal District,www.scurrytex.com,PROPERTY_IDENTITY|PARCEL_ID|ADDRESS|LEGAL_DESCRIPTION|PROPERTY_TYPE|ACREAGE|MARKET_VALUE|APPRAISED_VALUE|TAXABLE_VALUE|OWNERSHIP|PROPERTY_CHARACTERISTICS|GIS,UNREVIEWED,UNREVIEWED,UNREVIEWED,UNREVIEWED,UNREVIEWED,UNREVIEWED,UNREVIEWED,UNREVIEWED,UNREVIEWED,UNREVIEWED,UNREVIEWED,UNREVIEWED,LEGAL_REVIEW_REQUIRED,https://comptroller.texas.gov/taxes/property-tax/county-directory/scurry.php,2026-09-16,DIRECTORY_LISTED by TX Comptroller. Site not fetched; terms not reviewed.
TX,Scurry,County Tax Assessor-Collector,www.co.scurry.tx.us,ANNUAL_TAX|DELINQUENT_TAX|PAYMENT_STATUS|TAX_SALE,UNREVIEWED,UNREVIEWED,UNREVIEWED,UNREVIEWED,UNREVIEWED,UNREVIEWED,UNREVIEWED,UNREVIEWED,UNREVIEWED,UNREVIEWED,UNREVIEWED,UNREVIEWED,LEGAL_REVIEW_REQUIRED,https://comptroller.texas.gov/taxes/property-tax/county-directory/scurry.php,2026-09-16,DIRECTORY_LISTED by TX Comptroller. Site not fetched; terms not reviewed.
TX,Shackelford,County Appraisal District,www.shackelfordcad.com,PROPERTY_IDENTITY|PARCEL_ID|ADDRESS|LEGAL_DESCRIPTION|PROPERTY_TYPE|ACREAGE|MARKET_VALUE|APPRAISED_VALUE|TAXABLE_VALUE|OWNERSHIP|PROPERTY_CHARACTERISTICS|GIS,UNREVIEWED,UNREVIEWED,UNREVIEWED,UNREVIEWED,UNREVIEWED,UNREVIEWED,UNREVIEWED,UNREVIEWED,UNREVIEWED,UNREVIEWED,UNREVIEWED,UNREVIEWED,LEGAL_REVIEW_REQUIRED,https://comptroller.texas.gov/taxes/property-tax/county-directory/shackelford.php,2026-09-16,DIRECTORY_LISTED by TX Comptroller. Site not fetched; terms not reviewed.
TX,Shackelford,County Tax Assessor-Collector,www.shackelfordcounty.org,ANNUAL_TAX|DELINQUENT_TAX|PAYMENT_STATUS|TAX_SALE,UNREVIEWED,UNREVIEWED,UNREVIEWED,UNREVIEWED,UNREVIEWED,UNREVIEWED,UNREVIEWED,UNREVIEWED,UNREVIEWED,UNREVIEWED,UNREVIEWED,UNREVIEWED,LEGAL_REVIEW_REQUIRED,https://comptroller.texas.gov/taxes/property-tax/county-directory/shackelford.php,2026-09-16,DIRECTORY_LISTED by TX Comptroller. Site not fetched; terms not reviewed.
TX,Shelby,County Appraisal District,www.shelbycad.com,PROPERTY_IDENTITY|PARCEL_ID|ADDRESS|LEGAL_DESCRIPTION|PROPERTY_TYPE|ACREAGE|MARKET_VALUE|APPRAISED_VALUE|TAXABLE_VALUE|OWNERSHIP|PROPERTY_CHARACTERISTICS|GIS,UNREVIEWED,UNREVIEWED,UNREVIEWED,UNREVIEWED,UNREVIEWED,UNREVIEWED,UNREVIEWED,UNREVIEWED,UNREVIEWED,UNREVIEWED,UNREVIEWED,UNREVIEWED,LEGAL_REVIEW_REQUIRED,https://comptroller.texas.gov/taxes/property-tax/county-directory/shelby.php,2026-09-16,DIRECTORY_LISTED by TX Comptroller. Site not fetched; terms not reviewed.
TX,Shelby,County Tax Assessor-Collector,www.co.shelby.tx.us,ANNUAL_TAX|DELINQUENT_TAX|PAYMENT_STATUS|TAX_SALE,UNREVIEWED,UNREVIEWED,UNREVIEWED,UNREVIEWED,UNREVIEWED,UNREVIEWED,UNREVIEWED,UNREVIEWED,UNREVIEWED,UNREVIEWED,UNREVIEWED,UNREVIEWED,LEGAL_REVIEW_REQUIRED,https://comptroller.texas.gov/taxes/property-tax/county-directory/shelby.php,2026-09-16,DIRECTORY_LISTED by TX Comptroller. Site not fetched; terms not reviewed.
TX,Sherman,County Appraisal District,www.shermancad.org,PROPERTY_IDENTITY|PARCEL_ID|ADDRESS|LEGAL_DESCRIPTION|PROPERTY_TYPE|ACREAGE|MARKET_VALUE|APPRAISED_VALUE|TAXABLE_VALUE|OWNERSHIP|PROPERTY_CHARACTERISTICS|GIS,UNREVIEWED,UNREVIEWED,UNREVIEWED,UNREVIEWED,UNREVIEWED,UNREVIEWED,UNREVIEWED,UNREVIEWED,UNREVIEWED,UNREVIEWED,UNREVIEWED,UNREVIEWED,LEGAL_REVIEW_REQUIRED,https://comptroller.texas.gov/taxes/property-tax/county-directory/sherman.php,2026-09-16,DIRECTORY_LISTED by TX Comptroller. Site not fetched; terms not reviewed.
TX,Sherman,County Tax Assessor-Collector,www.co.sherman.tx.us,ANNUAL_TAX|DELINQUENT_TAX|PAYMENT_STATUS|TAX_SALE,UNREVIEWED,UNREVIEWED,UNREVIEWED,UNREVIEWED,UNREVIEWED,UNREVIEWED,UNREVIEWED,UNREVIEWED,UNREVIEWED,UNREVIEWED,UNREVIEWED,UNREVIEWED,LEGAL_REVIEW_REQUIRED,https://comptroller.texas.gov/taxes/property-tax/county-directory/sherman.php,2026-09-16,DIRECTORY_LISTED by TX Comptroller. Site not fetched; terms not reviewed.
TX,Smith,County Appraisal District,www.smithcad.org,PROPERTY_IDENTITY|PARCEL_ID|ADDRESS|LEGAL_DESCRIPTION|PROPERTY_TYPE|ACREAGE|MARKET_VALUE|APPRAISED_VALUE|TAXABLE_VALUE|OWNERSHIP|PROPERTY_CHARACTERISTICS|GIS,UNREVIEWED,UNREVIEWED,UNREVIEWED,UNREVIEWED,UNREVIEWED,UNREVIEWED,UNREVIEWED,UNREVIEWED,UNREVIEWED,UNREVIEWED,UNREVIEWED,UNREVIEWED,LEGAL_REVIEW_REQUIRED,https://comptroller.texas.gov/taxes/property-tax/county-directory/smith.php,2026-09-16,DIRECTORY_LISTED by TX Comptroller. Site not fetched; terms not reviewed.
TX,Smith,County Tax Assessor-Collector,www.smith-county.com,ANNUAL_TAX|DELINQUENT_TAX|PAYMENT_STATUS|TAX_SALE,UNREVIEWED,UNREVIEWED,UNREVIEWED,UNREVIEWED,UNREVIEWED,UNREVIEWED,UNREVIEWED,UNREVIEWED,UNREVIEWED,UNREVIEWED,UNREVIEWED,UNREVIEWED,LEGAL_REVIEW_REQUIRED,https://comptroller.texas.gov/taxes/property-tax/county-directory/smith.php,2026-09-16,DIRECTORY_LISTED by TX Comptroller. Site not fetched; terms not reviewed.
TX,Somervell,County Appraisal District,www.somervellcad.net,PROPERTY_IDENTITY|PARCEL_ID|ADDRESS|LEGAL_DESCRIPTION|PROPERTY_TYPE|ACREAGE|MARKET_VALUE|APPRAISED_VALUE|TAXABLE_VALUE|OWNERSHIP|PROPERTY_CHARACTERISTICS|GIS,UNREVIEWED,UNREVIEWED,UNREVIEWED,UNREVIEWED,UNREVIEWED,UNREVIEWED,UNREVIEWED,UNREVIEWED,UNREVIEWED,UNREVIEWED,UNREVIEWED,UNREVIEWED,LEGAL_REVIEW_REQUIRED,https://comptroller.texas.gov/taxes/property-tax/county-directory/somervell.php,2026-09-16,DIRECTORY_LISTED by TX Comptroller. Site not fetched; terms not reviewed.
TX,Somervell,County Tax Assessor-Collector,www.somervell.co,ANNUAL_TAX|DELINQUENT_TAX|PAYMENT_STATUS|TAX_SALE,UNREVIEWED,UNREVIEWED,UNREVIEWED,UNREVIEWED,UNREVIEWED,UNREVIEWED,UNREVIEWED,UNREVIEWED,UNREVIEWED,UNREVIEWED,UNREVIEWED,UNREVIEWED,LEGAL_REVIEW_REQUIRED,https://comptroller.texas.gov/taxes/property-tax/county-directory/somervell.php,2026-09-16,DIRECTORY_LISTED by TX Comptroller. Site not fetched; terms not reviewed.
TX,Starr,County Appraisal District,www.starrcad.org,PROPERTY_IDENTITY|PARCEL_ID|ADDRESS|LEGAL_DESCRIPTION|PROPERTY_TYPE|ACREAGE|MARKET_VALUE|APPRAISED_VALUE|TAXABLE_VALUE|OWNERSHIP|PROPERTY_CHARACTERISTICS|GIS,UNREVIEWED,UNREVIEWED,UNREVIEWED,UNREVIEWED,UNREVIEWED,UNREVIEWED,UNREVIEWED,UNREVIEWED,UNREVIEWED,UNREVIEWED,UNREVIEWED,UNREVIEWED,LEGAL_REVIEW_REQUIRED,https://comptroller.texas.gov/taxes/property-tax/county-directory/starr.php,2026-09-16,DIRECTORY_LISTED by TX Comptroller. Site not fetched; terms not reviewed.
TX,Starr,County Tax Assessor-Collector,www.co.starr.tx.us,ANNUAL_TAX|DELINQUENT_TAX|PAYMENT_STATUS|TAX_SALE,UNREVIEWED,UNREVIEWED,UNREVIEWED,UNREVIEWED,UNREVIEWED,UNREVIEWED,UNREVIEWED,UNREVIEWED,UNREVIEWED,UNREVIEWED,UNREVIEWED,UNREVIEWED,LEGAL_REVIEW_REQUIRED,https://comptroller.texas.gov/taxes/property-tax/county-directory/starr.php,2026-09-16,DIRECTORY_LISTED by TX Comptroller. Site not fetched; terms not reviewed.
TX,Stephens,County Appraisal District,www.stephenscad.com,PROPERTY_IDENTITY|PARCEL_ID|ADDRESS|LEGAL_DESCRIPTION|PROPERTY_TYPE|ACREAGE|MARKET_VALUE|APPRAISED_VALUE|TAXABLE_VALUE|OWNERSHIP|PROPERTY_CHARACTERISTICS|GIS,UNREVIEWED,UNREVIEWED,UNREVIEWED,UNREVIEWED,UNREVIEWED,UNREVIEWED,UNREVIEWED,UNREVIEWED,UNREVIEWED,UNREVIEWED,UNREVIEWED,UNREVIEWED,LEGAL_REVIEW_REQUIRED,https://comptroller.texas.gov/taxes/property-tax/county-directory/stephens.php,2026-09-16,DIRECTORY_LISTED by TX Comptroller. Site not fetched; terms not reviewed.
TX,Stephens,County Tax Assessor-Collector,www.co.stephens.tx.us,ANNUAL_TAX|DELINQUENT_TAX|PAYMENT_STATUS|TAX_SALE,UNREVIEWED,UNREVIEWED,UNREVIEWED,UNREVIEWED,UNREVIEWED,UNREVIEWED,UNREVIEWED,UNREVIEWED,UNREVIEWED,UNREVIEWED,UNREVIEWED,UNREVIEWED,LEGAL_REVIEW_REQUIRED,https://comptroller.texas.gov/taxes/property-tax/county-directory/stephens.php,2026-09-16,DIRECTORY_LISTED by TX Comptroller. Site not fetched; terms not reviewed.
TX,Sterling,County Appraisal District,www.sterlingcad.org,PROPERTY_IDENTITY|PARCEL_ID|ADDRESS|LEGAL_DESCRIPTION|PROPERTY_TYPE|ACREAGE|MARKET_VALUE|APPRAISED_VALUE|TAXABLE_VALUE|OWNERSHIP|PROPERTY_CHARACTERISTICS|GIS,UNREVIEWED,UNREVIEWED,UNREVIEWED,UNREVIEWED,UNREVIEWED,UNREVIEWED,UNREVIEWED,UNREVIEWED,UNREVIEWED,UNREVIEWED,UNREVIEWED,UNREVIEWED,LEGAL_REVIEW_REQUIRED,https://comptroller.texas.gov/taxes/property-tax/county-directory/sterling.php,2026-09-16,DIRECTORY_LISTED by TX Comptroller. Site not fetched; terms not reviewed.
TX,Sterling,County Tax Assessor-Collector,www.co.sterling.tx.us,ANNUAL_TAX|DELINQUENT_TAX|PAYMENT_STATUS|TAX_SALE,UNREVIEWED,UNREVIEWED,UNREVIEWED,UNREVIEWED,UNREVIEWED,UNREVIEWED,UNREVIEWED,UNREVIEWED,UNREVIEWED,UNREVIEWED,UNREVIEWED,UNREVIEWED,LEGAL_REVIEW_REQUIRED,https://comptroller.texas.gov/taxes/property-tax/county-directory/sterling.php,2026-09-16,DIRECTORY_LISTED by TX Comptroller. Site not fetched; terms not reviewed.
TX,Stonewall,County Appraisal District,www.stonewallcad.org,PROPERTY_IDENTITY|PARCEL_ID|ADDRESS|LEGAL_DESCRIPTION|PROPERTY_TYPE|ACREAGE|MARKET_VALUE|APPRAISED_VALUE|TAXABLE_VALUE|OWNERSHIP|PROPERTY_CHARACTERISTICS|GIS,UNREVIEWED,UNREVIEWED,UNREVIEWED,UNREVIEWED,UNREVIEWED,UNREVIEWED,UNREVIEWED,UNREVIEWED,UNREVIEWED,UNREVIEWED,UNREVIEWED,UNREVIEWED,LEGAL_REVIEW_REQUIRED,https://comptroller.texas.gov/taxes/property-tax/county-directory/stonewall.php,2026-09-16,DIRECTORY_LISTED by TX Comptroller. Site not fetched; terms not reviewed.
TX,Stonewall,County Tax Assessor-Collector,www.stonewallcounty.org,ANNUAL_TAX|DELINQUENT_TAX|PAYMENT_STATUS|TAX_SALE,UNREVIEWED,UNREVIEWED,UNREVIEWED,UNREVIEWED,UNREVIEWED,UNREVIEWED,UNREVIEWED,UNREVIEWED,UNREVIEWED,UNREVIEWED,UNREVIEWED,UNREVIEWED,LEGAL_REVIEW_REQUIRED,https://comptroller.texas.gov/taxes/property-tax/county-directory/stonewall.php,2026-09-16,DIRECTORY_LISTED by TX Comptroller. Site not fetched; terms not reviewed.
TX,Sutton,County Appraisal District,www.suttoncad.com,PROPERTY_IDENTITY|PARCEL_ID|ADDRESS|LEGAL_DESCRIPTION|PROPERTY_TYPE|ACREAGE|MARKET_VALUE|APPRAISED_VALUE|TAXABLE_VALUE|OWNERSHIP|PROPERTY_CHARACTERISTICS|GIS,UNREVIEWED,UNREVIEWED,UNREVIEWED,UNREVIEWED,UNREVIEWED,UNREVIEWED,UNREVIEWED,UNREVIEWED,UNREVIEWED,UNREVIEWED,UNREVIEWED,UNREVIEWED,LEGAL_REVIEW_REQUIRED,https://comptroller.texas.gov/taxes/property-tax/county-directory/sutton.php,2026-09-16,DIRECTORY_LISTED by TX Comptroller. Site not fetched; terms not reviewed.
TX,Sutton,County Tax Assessor-Collector,www.co.sutton.tx.us,ANNUAL_TAX|DELINQUENT_TAX|PAYMENT_STATUS|TAX_SALE,UNREVIEWED,UNREVIEWED,UNREVIEWED,UNREVIEWED,UNREVIEWED,UNREVIEWED,UNREVIEWED,UNREVIEWED,UNREVIEWED,UNREVIEWED,UNREVIEWED,UNREVIEWED,LEGAL_REVIEW_REQUIRED,https://comptroller.texas.gov/taxes/property-tax/county-directory/sutton.php,2026-09-16,DIRECTORY_LISTED by TX Comptroller. Site not fetched; terms not reviewed.
TX,Swisher,County Appraisal District,www.swisher-cad.org,PROPERTY_IDENTITY|PARCEL_ID|ADDRESS|LEGAL_DESCRIPTION|PROPERTY_TYPE|ACREAGE|MARKET_VALUE|APPRAISED_VALUE|TAXABLE_VALUE|OWNERSHIP|PROPERTY_CHARACTERISTICS|GIS,UNREVIEWED,UNREVIEWED,UNREVIEWED,UNREVIEWED,UNREVIEWED,UNREVIEWED,UNREVIEWED,UNREVIEWED,UNREVIEWED,UNREVIEWED,UNREVIEWED,UNREVIEWED,LEGAL_REVIEW_REQUIRED,https://comptroller.texas.gov/taxes/property-tax/county-directory/swisher.php,2026-09-16,DIRECTORY_LISTED by TX Comptroller. Site not fetched; terms not reviewed.
TX,Swisher,County Tax Assessor-Collector,www.co.swisher.tx.us,ANNUAL_TAX|DELINQUENT_TAX|PAYMENT_STATUS|TAX_SALE,UNREVIEWED,UNREVIEWED,UNREVIEWED,UNREVIEWED,UNREVIEWED,UNREVIEWED,UNREVIEWED,UNREVIEWED,UNREVIEWED,UNREVIEWED,UNREVIEWED,UNREVIEWED,LEGAL_REVIEW_REQUIRED,https://comptroller.texas.gov/taxes/property-tax/county-directory/swisher.php,2026-09-16,DIRECTORY_LISTED by TX Comptroller. Site not fetched; terms not reviewed.
TX,Tarrant,County Appraisal District,www.tad.org,PROPERTY_IDENTITY|PARCEL_ID|ADDRESS|LEGAL_DESCRIPTION|PROPERTY_TYPE|ACREAGE|MARKET_VALUE|APPRAISED_VALUE|TAXABLE_VALUE|OWNERSHIP|PROPERTY_CHARACTERISTICS|GIS,UNREVIEWED,UNREVIEWED,UNREVIEWED,UNREVIEWED,UNREVIEWED,UNREVIEWED,UNREVIEWED,UNREVIEWED,UNREVIEWED,UNREVIEWED,UNREVIEWED,UNREVIEWED,LEGAL_REVIEW_REQUIRED,https://comptroller.texas.gov/taxes/property-tax/county-directory/tarrant.php,2026-09-16,DIRECTORY_LISTED by TX Comptroller. Site not fetched; terms not reviewed.
TX,Tarrant,County Tax Assessor-Collector,www.tarrantcounty.com/en/tax.html,ANNUAL_TAX|DELINQUENT_TAX|PAYMENT_STATUS|TAX_SALE,UNREVIEWED,UNREVIEWED,UNREVIEWED,UNREVIEWED,UNREVIEWED,UNREVIEWED,UNREVIEWED,UNREVIEWED,UNREVIEWED,UNREVIEWED,UNREVIEWED,UNREVIEWED,LEGAL_REVIEW_REQUIRED,https://comptroller.texas.gov/taxes/property-tax/county-directory/tarrant.php,2026-09-16,DIRECTORY_LISTED by TX Comptroller. Site not fetched; terms not reviewed.
TX,Taylor,County Appraisal District,www.taylor-cad.org,PROPERTY_IDENTITY|PARCEL_ID|ADDRESS|LEGAL_DESCRIPTION|PROPERTY_TYPE|ACREAGE|MARKET_VALUE|APPRAISED_VALUE|TAXABLE_VALUE|OWNERSHIP|PROPERTY_CHARACTERISTICS|GIS,UNREVIEWED,UNREVIEWED,UNREVIEWED,UNREVIEWED,UNREVIEWED,UNREVIEWED,UNREVIEWED,UNREVIEWED,UNREVIEWED,UNREVIEWED,UNREVIEWED,UNREVIEWED,LEGAL_REVIEW_REQUIRED,https://comptroller.texas.gov/taxes/property-tax/county-directory/taylor.php,2026-09-16,DIRECTORY_LISTED by TX Comptroller. Site not fetched; terms not reviewed.
TX,Taylor,County Tax Assessor-Collector,www.taylorcounty.texas.gov,ANNUAL_TAX|DELINQUENT_TAX|PAYMENT_STATUS|TAX_SALE,UNREVIEWED,UNREVIEWED,UNREVIEWED,UNREVIEWED,UNREVIEWED,UNREVIEWED,UNREVIEWED,UNREVIEWED,UNREVIEWED,UNREVIEWED,UNREVIEWED,UNREVIEWED,LEGAL_REVIEW_REQUIRED,https://comptroller.texas.gov/taxes/property-tax/county-directory/taylor.php,2026-09-16,DIRECTORY_LISTED by TX Comptroller. Site not fetched; terms not reviewed.
TX,Terrell,County Appraisal District,www.terrellcad.org,PROPERTY_IDENTITY|PARCEL_ID|ADDRESS|LEGAL_DESCRIPTION|PROPERTY_TYPE|ACREAGE|MARKET_VALUE|APPRAISED_VALUE|TAXABLE_VALUE|OWNERSHIP|PROPERTY_CHARACTERISTICS|GIS,UNREVIEWED,UNREVIEWED,UNREVIEWED,UNREVIEWED,UNREVIEWED,UNREVIEWED,UNREVIEWED,UNREVIEWED,UNREVIEWED,UNREVIEWED,UNREVIEWED,UNREVIEWED,LEGAL_REVIEW_REQUIRED,https://comptroller.texas.gov/taxes/property-tax/county-directory/terrell.php,2026-09-16,DIRECTORY_LISTED by TX Comptroller. Site not fetched; terms not reviewed.
TX,Terrell,County Tax Assessor-Collector,www.co.terrell.tx.us,ANNUAL_TAX|DELINQUENT_TAX|PAYMENT_STATUS|TAX_SALE,UNREVIEWED,UNREVIEWED,UNREVIEWED,UNREVIEWED,UNREVIEWED,UNREVIEWED,UNREVIEWED,UNREVIEWED,UNREVIEWED,UNREVIEWED,UNREVIEWED,UNREVIEWED,LEGAL_REVIEW_REQUIRED,https://comptroller.texas.gov/taxes/property-tax/county-directory/terrell.php,2026-09-16,DIRECTORY_LISTED by TX Comptroller. Site not fetched; terms not reviewed.
TX,Terry,County Appraisal District,terrycoad.org,PROPERTY_IDENTITY|PARCEL_ID|ADDRESS|LEGAL_DESCRIPTION|PROPERTY_TYPE|ACREAGE|MARKET_VALUE|APPRAISED_VALUE|TAXABLE_VALUE|OWNERSHIP|PROPERTY_CHARACTERISTICS|GIS,UNREVIEWED,UNREVIEWED,UNREVIEWED,UNREVIEWED,UNREVIEWED,UNREVIEWED,UNREVIEWED,UNREVIEWED,UNREVIEWED,UNREVIEWED,UNREVIEWED,UNREVIEWED,LEGAL_REVIEW_REQUIRED,https://comptroller.texas.gov/taxes/property-tax/county-directory/terry.php,2026-09-16,DIRECTORY_LISTED by TX Comptroller. Site not fetched; terms not reviewed.
TX,Terry,County Tax Assessor-Collector,www.co.terry.tx.us,ANNUAL_TAX|DELINQUENT_TAX|PAYMENT_STATUS|TAX_SALE,UNREVIEWED,UNREVIEWED,UNREVIEWED,UNREVIEWED,UNREVIEWED,UNREVIEWED,UNREVIEWED,UNREVIEWED,UNREVIEWED,UNREVIEWED,UNREVIEWED,UNREVIEWED,LEGAL_REVIEW_REQUIRED,https://comptroller.texas.gov/taxes/property-tax/county-directory/terry.php,2026-09-16,DIRECTORY_LISTED by TX Comptroller. Site not fetched; terms not reviewed.
TX,Throckmorton,County Appraisal District,www.throckmortoncad.org,PROPERTY_IDENTITY|PARCEL_ID|ADDRESS|LEGAL_DESCRIPTION|PROPERTY_TYPE|ACREAGE|MARKET_VALUE|APPRAISED_VALUE|TAXABLE_VALUE|OWNERSHIP|PROPERTY_CHARACTERISTICS|GIS,UNREVIEWED,UNREVIEWED,UNREVIEWED,UNREVIEWED,UNREVIEWED,UNREVIEWED,UNREVIEWED,UNREVIEWED,UNREVIEWED,UNREVIEWED,UNREVIEWED,UNREVIEWED,LEGAL_REVIEW_REQUIRED,https://comptroller.texas.gov/taxes/property-tax/county-directory/throckmorton.php,2026-09-16,DIRECTORY_LISTED by TX Comptroller. Site not fetched; terms not reviewed.
TX,Throckmorton,County Tax Assessor-Collector,www.throckmortoncounty.org,ANNUAL_TAX|DELINQUENT_TAX|PAYMENT_STATUS|TAX_SALE,UNREVIEWED,UNREVIEWED,UNREVIEWED,UNREVIEWED,UNREVIEWED,UNREVIEWED,UNREVIEWED,UNREVIEWED,UNREVIEWED,UNREVIEWED,UNREVIEWED,UNREVIEWED,LEGAL_REVIEW_REQUIRED,https://comptroller.texas.gov/taxes/property-tax/county-directory/throckmorton.php,2026-09-16,DIRECTORY_LISTED by TX Comptroller. Site not fetched; terms not reviewed.
TX,Titus,County Appraisal District,www.titus-cad.org,PROPERTY_IDENTITY|PARCEL_ID|ADDRESS|LEGAL_DESCRIPTION|PROPERTY_TYPE|ACREAGE|MARKET_VALUE|APPRAISED_VALUE|TAXABLE_VALUE|OWNERSHIP|PROPERTY_CHARACTERISTICS|GIS,UNREVIEWED,UNREVIEWED,UNREVIEWED,UNREVIEWED,UNREVIEWED,UNREVIEWED,UNREVIEWED,UNREVIEWED,UNREVIEWED,UNREVIEWED,UNREVIEWED,UNREVIEWED,LEGAL_REVIEW_REQUIRED,https://comptroller.texas.gov/taxes/property-tax/county-directory/titus.php,2026-09-16,DIRECTORY_LISTED by TX Comptroller. Site not fetched; terms not reviewed.
TX,Titus,County Tax Assessor-Collector,www.co.titus.tx.us,ANNUAL_TAX|DELINQUENT_TAX|PAYMENT_STATUS|TAX_SALE,UNREVIEWED,UNREVIEWED,UNREVIEWED,UNREVIEWED,UNREVIEWED,UNREVIEWED,UNREVIEWED,UNREVIEWED,UNREVIEWED,UNREVIEWED,UNREVIEWED,UNREVIEWED,LEGAL_REVIEW_REQUIRED,https://comptroller.texas.gov/taxes/property-tax/county-directory/titus.php,2026-09-16,DIRECTORY_LISTED by TX Comptroller. Site not fetched; terms not reviewed.
TX,Tom Green,County Appraisal District,www.tomgreencad.com,PROPERTY_IDENTITY|PARCEL_ID|ADDRESS|LEGAL_DESCRIPTION|PROPERTY_TYPE|ACREAGE|MARKET_VALUE|APPRAISED_VALUE|TAXABLE_VALUE|OWNERSHIP|PROPERTY_CHARACTERISTICS|GIS,UNREVIEWED,UNREVIEWED,UNREVIEWED,UNREVIEWED,UNREVIEWED,UNREVIEWED,UNREVIEWED,UNREVIEWED,UNREVIEWED,UNREVIEWED,UNREVIEWED,UNREVIEWED,LEGAL_REVIEW_REQUIRED,https://comptroller.texas.gov/taxes/property-tax/county-directory/tomgreen.php,2026-09-16,DIRECTORY_LISTED by TX Comptroller. Site not fetched; terms not reviewed.
TX,Tom Green,County Tax Assessor-Collector,www.tomgreencountytx.gov,ANNUAL_TAX|DELINQUENT_TAX|PAYMENT_STATUS|TAX_SALE,UNREVIEWED,UNREVIEWED,UNREVIEWED,UNREVIEWED,UNREVIEWED,UNREVIEWED,UNREVIEWED,UNREVIEWED,UNREVIEWED,UNREVIEWED,UNREVIEWED,UNREVIEWED,LEGAL_REVIEW_REQUIRED,https://comptroller.texas.gov/taxes/property-tax/county-directory/tomgreen.php,2026-09-16,DIRECTORY_LISTED by TX Comptroller. Site not fetched; terms not reviewed.
TX,Travis,County Appraisal District,www.traviscad.org,PROPERTY_IDENTITY|PARCEL_ID|ADDRESS|LEGAL_DESCRIPTION|PROPERTY_TYPE|ACREAGE|MARKET_VALUE|APPRAISED_VALUE|TAXABLE_VALUE|OWNERSHIP|PROPERTY_CHARACTERISTICS|GIS,UNREVIEWED,UNREVIEWED,UNREVIEWED,UNREVIEWED,UNREVIEWED,UNREVIEWED,UNREVIEWED,UNREVIEWED,UNREVIEWED,UNREVIEWED,UNREVIEWED,UNREVIEWED,LEGAL_REVIEW_REQUIRED,https://comptroller.texas.gov/taxes/property-tax/county-directory/travis.php,2026-09-16,DIRECTORY_LISTED by TX Comptroller. Site not fetched; terms not reviewed.
TX,Travis,County Tax Assessor-Collector,www.tax-office.traviscountytx.gov,ANNUAL_TAX|DELINQUENT_TAX|PAYMENT_STATUS|TAX_SALE,UNREVIEWED,UNREVIEWED,UNREVIEWED,UNREVIEWED,UNREVIEWED,UNREVIEWED,UNREVIEWED,UNREVIEWED,UNREVIEWED,UNREVIEWED,UNREVIEWED,UNREVIEWED,LEGAL_REVIEW_REQUIRED,https://comptroller.texas.gov/taxes/property-tax/county-directory/travis.php,2026-09-16,DIRECTORY_LISTED by TX Comptroller. Site not fetched; terms not reviewed.
TX,Trinity,County Appraisal District,trinitycad.net,PROPERTY_IDENTITY|PARCEL_ID|ADDRESS|LEGAL_DESCRIPTION|PROPERTY_TYPE|ACREAGE|MARKET_VALUE|APPRAISED_VALUE|TAXABLE_VALUE|OWNERSHIP|PROPERTY_CHARACTERISTICS|GIS,UNREVIEWED,UNREVIEWED,UNREVIEWED,UNREVIEWED,UNREVIEWED,UNREVIEWED,UNREVIEWED,UNREVIEWED,UNREVIEWED,UNREVIEWED,UNREVIEWED,UNREVIEWED,LEGAL_REVIEW_REQUIRED,https://comptroller.texas.gov/taxes/property-tax/county-directory/trinity.php,2026-09-16,DIRECTORY_LISTED by TX Comptroller. Site not fetched; terms not reviewed.
TX,Trinity,County Tax Assessor-Collector,www.co.trinity.tx.us,ANNUAL_TAX|DELINQUENT_TAX|PAYMENT_STATUS|TAX_SALE,UNREVIEWED,UNREVIEWED,UNREVIEWED,UNREVIEWED,UNREVIEWED,UNREVIEWED,UNREVIEWED,UNREVIEWED,UNREVIEWED,UNREVIEWED,UNREVIEWED,UNREVIEWED,LEGAL_REVIEW_REQUIRED,https://comptroller.texas.gov/taxes/property-tax/county-directory/trinity.php,2026-09-16,DIRECTORY_LISTED by TX Comptroller. Site not fetched; terms not reviewed.
TX,Tyler,County Appraisal District,www.tylercad.net,PROPERTY_IDENTITY|PARCEL_ID|ADDRESS|LEGAL_DESCRIPTION|PROPERTY_TYPE|ACREAGE|MARKET_VALUE|APPRAISED_VALUE|TAXABLE_VALUE|OWNERSHIP|PROPERTY_CHARACTERISTICS|GIS,UNREVIEWED,UNREVIEWED,UNREVIEWED,UNREVIEWED,UNREVIEWED,UNREVIEWED,UNREVIEWED,UNREVIEWED,UNREVIEWED,UNREVIEWED,UNREVIEWED,UNREVIEWED,LEGAL_REVIEW_REQUIRED,https://comptroller.texas.gov/taxes/property-tax/county-directory/tyler.php,2026-09-16,DIRECTORY_LISTED by TX Comptroller. Site not fetched; terms not reviewed.
TX,Tyler,County Tax Assessor-Collector,www.co.tyler.tx.us,ANNUAL_TAX|DELINQUENT_TAX|PAYMENT_STATUS|TAX_SALE,UNREVIEWED,UNREVIEWED,UNREVIEWED,UNREVIEWED,UNREVIEWED,UNREVIEWED,UNREVIEWED,UNREVIEWED,UNREVIEWED,UNREVIEWED,UNREVIEWED,UNREVIEWED,LEGAL_REVIEW_REQUIRED,https://comptroller.texas.gov/taxes/property-tax/county-directory/tyler.php,2026-09-16,DIRECTORY_LISTED by TX Comptroller. Site not fetched; terms not reviewed.
TX,Upshur,County Appraisal District,www.upshur-cad.org,PROPERTY_IDENTITY|PARCEL_ID|ADDRESS|LEGAL_DESCRIPTION|PROPERTY_TYPE|ACREAGE|MARKET_VALUE|APPRAISED_VALUE|TAXABLE_VALUE|OWNERSHIP|PROPERTY_CHARACTERISTICS|GIS,UNREVIEWED,UNREVIEWED,UNREVIEWED,UNREVIEWED,UNREVIEWED,UNREVIEWED,UNREVIEWED,UNREVIEWED,UNREVIEWED,UNREVIEWED,UNREVIEWED,UNREVIEWED,LEGAL_REVIEW_REQUIRED,https://comptroller.texas.gov/taxes/property-tax/county-directory/upshur.php,2026-09-16,DIRECTORY_LISTED by TX Comptroller. Site not fetched; terms not reviewed.
TX,Upshur,County Tax Assessor-Collector,www.countyofupshur.com,ANNUAL_TAX|DELINQUENT_TAX|PAYMENT_STATUS|TAX_SALE,UNREVIEWED,UNREVIEWED,UNREVIEWED,UNREVIEWED,UNREVIEWED,UNREVIEWED,UNREVIEWED,UNREVIEWED,UNREVIEWED,UNREVIEWED,UNREVIEWED,UNREVIEWED,LEGAL_REVIEW_REQUIRED,https://comptroller.texas.gov/taxes/property-tax/county-directory/upshur.php,2026-09-16,DIRECTORY_LISTED by TX Comptroller. Site not fetched; terms not reviewed.
TX,Upton,County Appraisal District,www.uptoncad.org,PROPERTY_IDENTITY|PARCEL_ID|ADDRESS|LEGAL_DESCRIPTION|PROPERTY_TYPE|ACREAGE|MARKET_VALUE|APPRAISED_VALUE|TAXABLE_VALUE|OWNERSHIP|PROPERTY_CHARACTERISTICS|GIS,UNREVIEWED,UNREVIEWED,UNREVIEWED,UNREVIEWED,UNREVIEWED,UNREVIEWED,UNREVIEWED,UNREVIEWED,UNREVIEWED,UNREVIEWED,UNREVIEWED,UNREVIEWED,LEGAL_REVIEW_REQUIRED,https://comptroller.texas.gov/taxes/property-tax/county-directory/upton.php,2026-09-16,DIRECTORY_LISTED by TX Comptroller. Site not fetched; terms not reviewed.
TX,Upton,County Tax Assessor-Collector,www.co.upton.tx.us,ANNUAL_TAX|DELINQUENT_TAX|PAYMENT_STATUS|TAX_SALE,UNREVIEWED,UNREVIEWED,UNREVIEWED,UNREVIEWED,UNREVIEWED,UNREVIEWED,UNREVIEWED,UNREVIEWED,UNREVIEWED,UNREVIEWED,UNREVIEWED,UNREVIEWED,LEGAL_REVIEW_REQUIRED,https://comptroller.texas.gov/taxes/property-tax/county-directory/upton.php,2026-09-16,DIRECTORY_LISTED by TX Comptroller. Site not fetched; terms not reviewed.
TX,Uvalde,County Appraisal District,www.uvaldecad.org,PROPERTY_IDENTITY|PARCEL_ID|ADDRESS|LEGAL_DESCRIPTION|PROPERTY_TYPE|ACREAGE|MARKET_VALUE|APPRAISED_VALUE|TAXABLE_VALUE|OWNERSHIP|PROPERTY_CHARACTERISTICS|GIS,UNREVIEWED,UNREVIEWED,UNREVIEWED,UNREVIEWED,UNREVIEWED,UNREVIEWED,UNREVIEWED,UNREVIEWED,UNREVIEWED,UNREVIEWED,UNREVIEWED,UNREVIEWED,LEGAL_REVIEW_REQUIRED,https://comptroller.texas.gov/taxes/property-tax/county-directory/uvalde.php,2026-09-16,DIRECTORY_LISTED by TX Comptroller. Site not fetched; terms not reviewed.
TX,Uvalde,County Tax Assessor-Collector,www.uvaldecounty.gov,ANNUAL_TAX|DELINQUENT_TAX|PAYMENT_STATUS|TAX_SALE,UNREVIEWED,UNREVIEWED,UNREVIEWED,UNREVIEWED,UNREVIEWED,UNREVIEWED,UNREVIEWED,UNREVIEWED,UNREVIEWED,UNREVIEWED,UNREVIEWED,UNREVIEWED,LEGAL_REVIEW_REQUIRED,https://comptroller.texas.gov/taxes/property-tax/county-directory/uvalde.php,2026-09-16,DIRECTORY_LISTED by TX Comptroller. Site not fetched; terms not reviewed.
TX,Val Verde,County Appraisal District,www.valverdecad.org,PROPERTY_IDENTITY|PARCEL_ID|ADDRESS|LEGAL_DESCRIPTION|PROPERTY_TYPE|ACREAGE|MARKET_VALUE|APPRAISED_VALUE|TAXABLE_VALUE|OWNERSHIP|PROPERTY_CHARACTERISTICS|GIS,UNREVIEWED,UNREVIEWED,UNREVIEWED,UNREVIEWED,UNREVIEWED,UNREVIEWED,UNREVIEWED,UNREVIEWED,UNREVIEWED,UNREVIEWED,UNREVIEWED,UNREVIEWED,LEGAL_REVIEW_REQUIRED,https://comptroller.texas.gov/taxes/property-tax/county-directory/valverde.php,2026-09-16,DIRECTORY_LISTED by TX Comptroller. Site not fetched; terms not reviewed.
TX,Val Verde,County Tax Assessor-Collector,www.valverdecounty.texas.gov,ANNUAL_TAX|DELINQUENT_TAX|PAYMENT_STATUS|TAX_SALE,UNREVIEWED,UNREVIEWED,UNREVIEWED,UNREVIEWED,UNREVIEWED,UNREVIEWED,UNREVIEWED,UNREVIEWED,UNREVIEWED,UNREVIEWED,UNREVIEWED,UNREVIEWED,LEGAL_REVIEW_REQUIRED,https://comptroller.texas.gov/taxes/property-tax/county-directory/valverde.php,2026-09-16,DIRECTORY_LISTED by TX Comptroller. Site not fetched; terms not reviewed.
TX,Van Zandt,County Appraisal District,www.vzcad.org,PROPERTY_IDENTITY|PARCEL_ID|ADDRESS|LEGAL_DESCRIPTION|PROPERTY_TYPE|ACREAGE|MARKET_VALUE|APPRAISED_VALUE|TAXABLE_VALUE|OWNERSHIP|PROPERTY_CHARACTERISTICS|GIS,UNREVIEWED,UNREVIEWED,UNREVIEWED,UNREVIEWED,UNREVIEWED,UNREVIEWED,UNREVIEWED,UNREVIEWED,UNREVIEWED,UNREVIEWED,UNREVIEWED,UNREVIEWED,LEGAL_REVIEW_REQUIRED,https://comptroller.texas.gov/taxes/property-tax/county-directory/vanzandt.php,2026-09-16,DIRECTORY_LISTED by TX Comptroller. Site not fetched; terms not reviewed.
TX,Van Zandt,County Tax Assessor-Collector,www.vanzandtcounty.org,ANNUAL_TAX|DELINQUENT_TAX|PAYMENT_STATUS|TAX_SALE,UNREVIEWED,UNREVIEWED,UNREVIEWED,UNREVIEWED,UNREVIEWED,UNREVIEWED,UNREVIEWED,UNREVIEWED,UNREVIEWED,UNREVIEWED,UNREVIEWED,UNREVIEWED,LEGAL_REVIEW_REQUIRED,https://comptroller.texas.gov/taxes/property-tax/county-directory/vanzandt.php,2026-09-16,DIRECTORY_LISTED by TX Comptroller. Site not fetched; terms not reviewed.
TX,Victoria,County Appraisal District,www.victoriacad.org,PROPERTY_IDENTITY|PARCEL_ID|ADDRESS|LEGAL_DESCRIPTION|PROPERTY_TYPE|ACREAGE|MARKET_VALUE|APPRAISED_VALUE|TAXABLE_VALUE|OWNERSHIP|PROPERTY_CHARACTERISTICS|GIS,UNREVIEWED,UNREVIEWED,UNREVIEWED,UNREVIEWED,UNREVIEWED,UNREVIEWED,UNREVIEWED,UNREVIEWED,UNREVIEWED,UNREVIEWED,UNREVIEWED,UNREVIEWED,LEGAL_REVIEW_REQUIRED,https://comptroller.texas.gov/taxes/property-tax/county-directory/victoria.php,2026-09-16,DIRECTORY_LISTED by TX Comptroller. Site not fetched; terms not reviewed.
TX,Victoria,County Tax Assessor-Collector,www.vctx.org,ANNUAL_TAX|DELINQUENT_TAX|PAYMENT_STATUS|TAX_SALE,UNREVIEWED,UNREVIEWED,UNREVIEWED,UNREVIEWED,UNREVIEWED,UNREVIEWED,UNREVIEWED,UNREVIEWED,UNREVIEWED,UNREVIEWED,UNREVIEWED,UNREVIEWED,LEGAL_REVIEW_REQUIRED,https://comptroller.texas.gov/taxes/property-tax/county-directory/victoria.php,2026-09-16,DIRECTORY_LISTED by TX Comptroller. Site not fetched; terms not reviewed.
TX,Walker,County Appraisal District,walkercad.org,PROPERTY_IDENTITY|PARCEL_ID|ADDRESS|LEGAL_DESCRIPTION|PROPERTY_TYPE|ACREAGE|MARKET_VALUE|APPRAISED_VALUE|TAXABLE_VALUE|OWNERSHIP|PROPERTY_CHARACTERISTICS|GIS,UNREVIEWED,UNREVIEWED,UNREVIEWED,UNREVIEWED,UNREVIEWED,UNREVIEWED,UNREVIEWED,UNREVIEWED,UNREVIEWED,UNREVIEWED,UNREVIEWED,UNREVIEWED,LEGAL_REVIEW_REQUIRED,https://comptroller.texas.gov/taxes/property-tax/county-directory/walker.php,2026-09-16,DIRECTORY_LISTED by TX Comptroller. Site not fetched; terms not reviewed.
TX,Walker,County Tax Assessor-Collector,www.co.walker.tx.us,ANNUAL_TAX|DELINQUENT_TAX|PAYMENT_STATUS|TAX_SALE,UNREVIEWED,UNREVIEWED,UNREVIEWED,UNREVIEWED,UNREVIEWED,UNREVIEWED,UNREVIEWED,UNREVIEWED,UNREVIEWED,UNREVIEWED,UNREVIEWED,UNREVIEWED,LEGAL_REVIEW_REQUIRED,https://comptroller.texas.gov/taxes/property-tax/county-directory/walker.php,2026-09-16,DIRECTORY_LISTED by TX Comptroller. Site not fetched; terms not reviewed.
TX,Waller,County Appraisal District,www.waller-cad.org,PROPERTY_IDENTITY|PARCEL_ID|ADDRESS|LEGAL_DESCRIPTION|PROPERTY_TYPE|ACREAGE|MARKET_VALUE|APPRAISED_VALUE|TAXABLE_VALUE|OWNERSHIP|PROPERTY_CHARACTERISTICS|GIS,UNREVIEWED,UNREVIEWED,UNREVIEWED,UNREVIEWED,UNREVIEWED,UNREVIEWED,UNREVIEWED,UNREVIEWED,UNREVIEWED,UNREVIEWED,UNREVIEWED,UNREVIEWED,LEGAL_REVIEW_REQUIRED,https://comptroller.texas.gov/taxes/property-tax/county-directory/waller.php,2026-09-16,DIRECTORY_LISTED by TX Comptroller. Site not fetched; terms not reviewed.
TX,Waller,County Tax Assessor-Collector,www.co.waller.tx.us,ANNUAL_TAX|DELINQUENT_TAX|PAYMENT_STATUS|TAX_SALE,UNREVIEWED,UNREVIEWED,UNREVIEWED,UNREVIEWED,UNREVIEWED,UNREVIEWED,UNREVIEWED,UNREVIEWED,UNREVIEWED,UNREVIEWED,UNREVIEWED,UNREVIEWED,LEGAL_REVIEW_REQUIRED,https://comptroller.texas.gov/taxes/property-tax/county-directory/waller.php,2026-09-16,DIRECTORY_LISTED by TX Comptroller. Site not fetched; terms not reviewed.
TX,Ward,County Appraisal District,www.wardcad.org,PROPERTY_IDENTITY|PARCEL_ID|ADDRESS|LEGAL_DESCRIPTION|PROPERTY_TYPE|ACREAGE|MARKET_VALUE|APPRAISED_VALUE|TAXABLE_VALUE|OWNERSHIP|PROPERTY_CHARACTERISTICS|GIS,UNREVIEWED,UNREVIEWED,UNREVIEWED,UNREVIEWED,UNREVIEWED,UNREVIEWED,UNREVIEWED,UNREVIEWED,UNREVIEWED,UNREVIEWED,UNREVIEWED,UNREVIEWED,LEGAL_REVIEW_REQUIRED,https://comptroller.texas.gov/taxes/property-tax/county-directory/ward.php,2026-09-16,DIRECTORY_LISTED by TX Comptroller. Site not fetched; terms not reviewed.
TX,Ward,County Tax Assessor-Collector,www.wardcountytax.org,ANNUAL_TAX|DELINQUENT_TAX|PAYMENT_STATUS|TAX_SALE,UNREVIEWED,UNREVIEWED,UNREVIEWED,UNREVIEWED,UNREVIEWED,UNREVIEWED,UNREVIEWED,UNREVIEWED,UNREVIEWED,UNREVIEWED,UNREVIEWED,UNREVIEWED,LEGAL_REVIEW_REQUIRED,https://comptroller.texas.gov/taxes/property-tax/county-directory/ward.php,2026-09-16,DIRECTORY_LISTED by TX Comptroller. Site not fetched; terms not reviewed.
TX,Washington,County Appraisal District,www.washingtoncad.org,PROPERTY_IDENTITY|PARCEL_ID|ADDRESS|LEGAL_DESCRIPTION|PROPERTY_TYPE|ACREAGE|MARKET_VALUE|APPRAISED_VALUE|TAXABLE_VALUE|OWNERSHIP|PROPERTY_CHARACTERISTICS|GIS,UNREVIEWED,UNREVIEWED,UNREVIEWED,UNREVIEWED,UNREVIEWED,UNREVIEWED,UNREVIEWED,UNREVIEWED,UNREVIEWED,UNREVIEWED,UNREVIEWED,UNREVIEWED,LEGAL_REVIEW_REQUIRED,https://comptroller.texas.gov/taxes/property-tax/county-directory/washington.php,2026-09-16,DIRECTORY_LISTED by TX Comptroller. Site not fetched; terms not reviewed.
TX,Washington,County Tax Assessor-Collector,www.co.washington.tx.us,ANNUAL_TAX|DELINQUENT_TAX|PAYMENT_STATUS|TAX_SALE,UNREVIEWED,UNREVIEWED,UNREVIEWED,UNREVIEWED,UNREVIEWED,UNREVIEWED,UNREVIEWED,UNREVIEWED,UNREVIEWED,UNREVIEWED,UNREVIEWED,UNREVIEWED,LEGAL_REVIEW_REQUIRED,https://comptroller.texas.gov/taxes/property-tax/county-directory/washington.php,2026-09-16,DIRECTORY_LISTED by TX Comptroller. Site not fetched; terms not reviewed.
TX,Webb,County Appraisal District,www.webbcad.org,PROPERTY_IDENTITY|PARCEL_ID|ADDRESS|LEGAL_DESCRIPTION|PROPERTY_TYPE|ACREAGE|MARKET_VALUE|APPRAISED_VALUE|TAXABLE_VALUE|OWNERSHIP|PROPERTY_CHARACTERISTICS|GIS,UNREVIEWED,UNREVIEWED,UNREVIEWED,UNREVIEWED,UNREVIEWED,UNREVIEWED,UNREVIEWED,UNREVIEWED,UNREVIEWED,UNREVIEWED,UNREVIEWED,UNREVIEWED,LEGAL_REVIEW_REQUIRED,https://comptroller.texas.gov/taxes/property-tax/county-directory/webb.php,2026-09-16,DIRECTORY_LISTED by TX Comptroller. Site not fetched; terms not reviewed.
TX,Webb,County Tax Assessor-Collector,www.webbcountytx.gov,ANNUAL_TAX|DELINQUENT_TAX|PAYMENT_STATUS|TAX_SALE,UNREVIEWED,UNREVIEWED,UNREVIEWED,UNREVIEWED,UNREVIEWED,UNREVIEWED,UNREVIEWED,UNREVIEWED,UNREVIEWED,UNREVIEWED,UNREVIEWED,UNREVIEWED,LEGAL_REVIEW_REQUIRED,https://comptroller.texas.gov/taxes/property-tax/county-directory/webb.php,2026-09-16,DIRECTORY_LISTED by TX Comptroller. Site not fetched; terms not reviewed.
TX,Wharton,County Appraisal District,www.whartoncad.net,PROPERTY_IDENTITY|PARCEL_ID|ADDRESS|LEGAL_DESCRIPTION|PROPERTY_TYPE|ACREAGE|MARKET_VALUE|APPRAISED_VALUE|TAXABLE_VALUE|OWNERSHIP|PROPERTY_CHARACTERISTICS|GIS,UNREVIEWED,UNREVIEWED,UNREVIEWED,UNREVIEWED,UNREVIEWED,UNREVIEWED,UNREVIEWED,UNREVIEWED,UNREVIEWED,UNREVIEWED,UNREVIEWED,UNREVIEWED,LEGAL_REVIEW_REQUIRED,https://comptroller.texas.gov/taxes/property-tax/county-directory/wharton.php,2026-09-16,DIRECTORY_LISTED by TX Comptroller. Site not fetched; terms not reviewed.
TX,Wharton,County Tax Assessor-Collector,www.co.wharton.tx.us,ANNUAL_TAX|DELINQUENT_TAX|PAYMENT_STATUS|TAX_SALE,UNREVIEWED,UNREVIEWED,UNREVIEWED,UNREVIEWED,UNREVIEWED,UNREVIEWED,UNREVIEWED,UNREVIEWED,UNREVIEWED,UNREVIEWED,UNREVIEWED,UNREVIEWED,LEGAL_REVIEW_REQUIRED,https://comptroller.texas.gov/taxes/property-tax/county-directory/wharton.php,2026-09-16,DIRECTORY_LISTED by TX Comptroller. Site not fetched; terms not reviewed.
TX,Wheeler,County Appraisal District,www.wheelercad.org,PROPERTY_IDENTITY|PARCEL_ID|ADDRESS|LEGAL_DESCRIPTION|PROPERTY_TYPE|ACREAGE|MARKET_VALUE|APPRAISED_VALUE|TAXABLE_VALUE|OWNERSHIP|PROPERTY_CHARACTERISTICS|GIS,UNREVIEWED,UNREVIEWED,UNREVIEWED,UNREVIEWED,UNREVIEWED,UNREVIEWED,UNREVIEWED,UNREVIEWED,UNREVIEWED,UNREVIEWED,UNREVIEWED,UNREVIEWED,LEGAL_REVIEW_REQUIRED,https://comptroller.texas.gov/taxes/property-tax/county-directory/wheeler.php,2026-09-16,DIRECTORY_LISTED by TX Comptroller. Site not fetched; terms not reviewed.
TX,Wheeler,County Tax Assessor-Collector,www.co.wheeler.tx.us,ANNUAL_TAX|DELINQUENT_TAX|PAYMENT_STATUS|TAX_SALE,UNREVIEWED,UNREVIEWED,UNREVIEWED,UNREVIEWED,UNREVIEWED,UNREVIEWED,UNREVIEWED,UNREVIEWED,UNREVIEWED,UNREVIEWED,UNREVIEWED,UNREVIEWED,LEGAL_REVIEW_REQUIRED,https://comptroller.texas.gov/taxes/property-tax/county-directory/wheeler.php,2026-09-16,DIRECTORY_LISTED by TX Comptroller. Site not fetched; terms not reviewed.
TX,Wichita,County Appraisal District,www.wadtx.com,PROPERTY_IDENTITY|PARCEL_ID|ADDRESS|LEGAL_DESCRIPTION|PROPERTY_TYPE|ACREAGE|MARKET_VALUE|APPRAISED_VALUE|TAXABLE_VALUE|OWNERSHIP|PROPERTY_CHARACTERISTICS|GIS,UNREVIEWED,UNREVIEWED,UNREVIEWED,UNREVIEWED,UNREVIEWED,UNREVIEWED,UNREVIEWED,UNREVIEWED,UNREVIEWED,UNREVIEWED,UNREVIEWED,UNREVIEWED,LEGAL_REVIEW_REQUIRED,https://comptroller.texas.gov/taxes/property-tax/county-directory/wichita.php,2026-09-16,DIRECTORY_LISTED by TX Comptroller. Site not fetched; terms not reviewed.
TX,Wichita,County Tax Assessor-Collector,www.wichitatax.com,ANNUAL_TAX|DELINQUENT_TAX|PAYMENT_STATUS|TAX_SALE,UNREVIEWED,UNREVIEWED,UNREVIEWED,UNREVIEWED,UNREVIEWED,UNREVIEWED,UNREVIEWED,UNREVIEWED,UNREVIEWED,UNREVIEWED,UNREVIEWED,UNREVIEWED,LEGAL_REVIEW_REQUIRED,https://comptroller.texas.gov/taxes/property-tax/county-directory/wichita.php,2026-09-16,DIRECTORY_LISTED by TX Comptroller. Site not fetched; terms not reviewed.
TX,Wilbarger,County Appraisal District,www.wilbargerappraisal.org,PROPERTY_IDENTITY|PARCEL_ID|ADDRESS|LEGAL_DESCRIPTION|PROPERTY_TYPE|ACREAGE|MARKET_VALUE|APPRAISED_VALUE|TAXABLE_VALUE|OWNERSHIP|PROPERTY_CHARACTERISTICS|GIS,UNREVIEWED,UNREVIEWED,UNREVIEWED,UNREVIEWED,UNREVIEWED,UNREVIEWED,UNREVIEWED,UNREVIEWED,UNREVIEWED,UNREVIEWED,UNREVIEWED,UNREVIEWED,LEGAL_REVIEW_REQUIRED,https://comptroller.texas.gov/taxes/property-tax/county-directory/wilbarger.php,2026-09-16,DIRECTORY_LISTED by TX Comptroller. Site not fetched; terms not reviewed.
TX,Wilbarger,County Tax Assessor-Collector,www.co.wilbarger.tx.us,ANNUAL_TAX|DELINQUENT_TAX|PAYMENT_STATUS|TAX_SALE,UNREVIEWED,UNREVIEWED,UNREVIEWED,UNREVIEWED,UNREVIEWED,UNREVIEWED,UNREVIEWED,UNREVIEWED,UNREVIEWED,UNREVIEWED,UNREVIEWED,UNREVIEWED,LEGAL_REVIEW_REQUIRED,https://comptroller.texas.gov/taxes/property-tax/county-directory/wilbarger.php,2026-09-16,DIRECTORY_LISTED by TX Comptroller. Site not fetched; terms not reviewed.
TX,Willacy,County Appraisal District,www.willacycad.org,PROPERTY_IDENTITY|PARCEL_ID|ADDRESS|LEGAL_DESCRIPTION|PROPERTY_TYPE|ACREAGE|MARKET_VALUE|APPRAISED_VALUE|TAXABLE_VALUE|OWNERSHIP|PROPERTY_CHARACTERISTICS|GIS,UNREVIEWED,UNREVIEWED,UNREVIEWED,UNREVIEWED,UNREVIEWED,UNREVIEWED,UNREVIEWED,UNREVIEWED,UNREVIEWED,UNREVIEWED,UNREVIEWED,UNREVIEWED,LEGAL_REVIEW_REQUIRED,https://comptroller.texas.gov/taxes/property-tax/county-directory/willacy.php,2026-09-16,DIRECTORY_LISTED by TX Comptroller. Site not fetched; terms not reviewed.
TX,Willacy,County Tax Assessor-Collector,www.co.willacy.tx.us,ANNUAL_TAX|DELINQUENT_TAX|PAYMENT_STATUS|TAX_SALE,UNREVIEWED,UNREVIEWED,UNREVIEWED,UNREVIEWED,UNREVIEWED,UNREVIEWED,UNREVIEWED,UNREVIEWED,UNREVIEWED,UNREVIEWED,UNREVIEWED,UNREVIEWED,LEGAL_REVIEW_REQUIRED,https://comptroller.texas.gov/taxes/property-tax/county-directory/willacy.php,2026-09-16,DIRECTORY_LISTED by TX Comptroller. Site not fetched; terms not reviewed.
TX,Williamson,County Appraisal District,www.wcad.org,PROPERTY_IDENTITY|PARCEL_ID|ADDRESS|LEGAL_DESCRIPTION|PROPERTY_TYPE|ACREAGE|MARKET_VALUE|APPRAISED_VALUE|TAXABLE_VALUE|OWNERSHIP|PROPERTY_CHARACTERISTICS|GIS,UNREVIEWED,UNREVIEWED,UNREVIEWED,UNREVIEWED,UNREVIEWED,UNREVIEWED,UNREVIEWED,UNREVIEWED,UNREVIEWED,UNREVIEWED,UNREVIEWED,UNREVIEWED,LEGAL_REVIEW_REQUIRED,https://comptroller.texas.gov/taxes/property-tax/county-directory/williamson.php,2026-09-16,DIRECTORY_LISTED by TX Comptroller. Site not fetched; terms not reviewed.
TX,Williamson,County Tax Assessor-Collector,www.wilcotx.gov/taxoffice,ANNUAL_TAX|DELINQUENT_TAX|PAYMENT_STATUS|TAX_SALE,UNREVIEWED,UNREVIEWED,UNREVIEWED,UNREVIEWED,UNREVIEWED,UNREVIEWED,UNREVIEWED,UNREVIEWED,UNREVIEWED,UNREVIEWED,UNREVIEWED,UNREVIEWED,LEGAL_REVIEW_REQUIRED,https://comptroller.texas.gov/taxes/property-tax/county-directory/williamson.php,2026-09-16,DIRECTORY_LISTED by TX Comptroller. Site not fetched; terms not reviewed.
TX,Wilson,County Appraisal District,wilson-cad.org,PROPERTY_IDENTITY|PARCEL_ID|ADDRESS|LEGAL_DESCRIPTION|PROPERTY_TYPE|ACREAGE|MARKET_VALUE|APPRAISED_VALUE|TAXABLE_VALUE|OWNERSHIP|PROPERTY_CHARACTERISTICS|GIS,UNREVIEWED,UNREVIEWED,UNREVIEWED,UNREVIEWED,UNREVIEWED,UNREVIEWED,UNREVIEWED,UNREVIEWED,UNREVIEWED,UNREVIEWED,UNREVIEWED,UNREVIEWED,LEGAL_REVIEW_REQUIRED,https://comptroller.texas.gov/taxes/property-tax/county-directory/wilson.php,2026-09-16,DIRECTORY_LISTED by TX Comptroller. Site not fetched; terms not reviewed.
TX,Wilson,County Tax Assessor-Collector,www.wilsoncountytx.gov,ANNUAL_TAX|DELINQUENT_TAX|PAYMENT_STATUS|TAX_SALE,UNREVIEWED,UNREVIEWED,UNREVIEWED,UNREVIEWED,UNREVIEWED,UNREVIEWED,UNREVIEWED,UNREVIEWED,UNREVIEWED,UNREVIEWED,UNREVIEWED,UNREVIEWED,LEGAL_REVIEW_REQUIRED,https://comptroller.texas.gov/taxes/property-tax/county-directory/wilson.php,2026-09-16,DIRECTORY_LISTED by TX Comptroller. Site not fetched; terms not reviewed.
TX,Winkler,County Appraisal District,www.winklercad.org,PROPERTY_IDENTITY|PARCEL_ID|ADDRESS|LEGAL_DESCRIPTION|PROPERTY_TYPE|ACREAGE|MARKET_VALUE|APPRAISED_VALUE|TAXABLE_VALUE|OWNERSHIP|PROPERTY_CHARACTERISTICS|GIS,UNREVIEWED,UNREVIEWED,UNREVIEWED,UNREVIEWED,UNREVIEWED,UNREVIEWED,UNREVIEWED,UNREVIEWED,UNREVIEWED,UNREVIEWED,UNREVIEWED,UNREVIEWED,LEGAL_REVIEW_REQUIRED,https://comptroller.texas.gov/taxes/property-tax/county-directory/winkler.php,2026-09-16,DIRECTORY_LISTED by TX Comptroller. Site not fetched; terms not reviewed.
TX,Winkler,County Tax Assessor-Collector,www.co.winkler.tx.us,ANNUAL_TAX|DELINQUENT_TAX|PAYMENT_STATUS|TAX_SALE,UNREVIEWED,UNREVIEWED,UNREVIEWED,UNREVIEWED,UNREVIEWED,UNREVIEWED,UNREVIEWED,UNREVIEWED,UNREVIEWED,UNREVIEWED,UNREVIEWED,UNREVIEWED,LEGAL_REVIEW_REQUIRED,https://comptroller.texas.gov/taxes/property-tax/county-directory/winkler.php,2026-09-16,DIRECTORY_LISTED by TX Comptroller. Site not fetched; terms not reviewed.
TX,Wise,County Appraisal District,www.wise-cad.com,PROPERTY_IDENTITY|PARCEL_ID|ADDRESS|LEGAL_DESCRIPTION|PROPERTY_TYPE|ACREAGE|MARKET_VALUE|APPRAISED_VALUE|TAXABLE_VALUE|OWNERSHIP|PROPERTY_CHARACTERISTICS|GIS,UNREVIEWED,UNREVIEWED,UNREVIEWED,UNREVIEWED,UNREVIEWED,UNREVIEWED,UNREVIEWED,UNREVIEWED,UNREVIEWED,UNREVIEWED,UNREVIEWED,UNREVIEWED,LEGAL_REVIEW_REQUIRED,https://comptroller.texas.gov/taxes/property-tax/county-directory/wise.php,2026-09-16,DIRECTORY_LISTED by TX Comptroller. Site not fetched; terms not reviewed.
TX,Wise,County Tax Assessor-Collector,www.co.wise.tx.us,ANNUAL_TAX|DELINQUENT_TAX|PAYMENT_STATUS|TAX_SALE,UNREVIEWED,UNREVIEWED,UNREVIEWED,UNREVIEWED,UNREVIEWED,UNREVIEWED,UNREVIEWED,UNREVIEWED,UNREVIEWED,UNREVIEWED,UNREVIEWED,UNREVIEWED,LEGAL_REVIEW_REQUIRED,https://comptroller.texas.gov/taxes/property-tax/county-directory/wise.php,2026-09-16,DIRECTORY_LISTED by TX Comptroller. Site not fetched; terms not reviewed.
TX,Wood,County Appraisal District,www.woodcad.net,PROPERTY_IDENTITY|PARCEL_ID|ADDRESS|LEGAL_DESCRIPTION|PROPERTY_TYPE|ACREAGE|MARKET_VALUE|APPRAISED_VALUE|TAXABLE_VALUE|OWNERSHIP|PROPERTY_CHARACTERISTICS|GIS,UNREVIEWED,UNREVIEWED,UNREVIEWED,UNREVIEWED,UNREVIEWED,UNREVIEWED,UNREVIEWED,UNREVIEWED,UNREVIEWED,UNREVIEWED,UNREVIEWED,UNREVIEWED,LEGAL_REVIEW_REQUIRED,https://comptroller.texas.gov/taxes/property-tax/county-directory/wood.php,2026-09-16,DIRECTORY_LISTED by TX Comptroller. Site not fetched; terms not reviewed.
TX,Wood,County Tax Assessor-Collector,www.woodcountytax.com,ANNUAL_TAX|DELINQUENT_TAX|PAYMENT_STATUS|TAX_SALE,UNREVIEWED,UNREVIEWED,UNREVIEWED,UNREVIEWED,UNREVIEWED,UNREVIEWED,UNREVIEWED,UNREVIEWED,UNREVIEWED,UNREVIEWED,UNREVIEWED,UNREVIEWED,LEGAL_REVIEW_REQUIRED,https://comptroller.texas.gov/taxes/property-tax/county-directory/wood.php,2026-09-16,DIRECTORY_LISTED by TX Comptroller. Site not fetched; terms not reviewed.
TX,Yoakum,County Appraisal District,www.yoakumcad.org,PROPERTY_IDENTITY|PARCEL_ID|ADDRESS|LEGAL_DESCRIPTION|PROPERTY_TYPE|ACREAGE|MARKET_VALUE|APPRAISED_VALUE|TAXABLE_VALUE|OWNERSHIP|PROPERTY_CHARACTERISTICS|GIS,UNREVIEWED,UNREVIEWED,UNREVIEWED,UNREVIEWED,UNREVIEWED,UNREVIEWED,UNREVIEWED,UNREVIEWED,UNREVIEWED,UNREVIEWED,UNREVIEWED,UNREVIEWED,LEGAL_REVIEW_REQUIRED,https://comptroller.texas.gov/taxes/property-tax/county-directory/yoakum.php,2026-09-16,DIRECTORY_LISTED by TX Comptroller. Site not fetched; terms not reviewed.
TX,Yoakum,County Tax Assessor-Collector,www.co.yoakum.tx.us,ANNUAL_TAX|DELINQUENT_TAX|PAYMENT_STATUS|TAX_SALE,UNREVIEWED,UNREVIEWED,UNREVIEWED,UNREVIEWED,UNREVIEWED,UNREVIEWED,UNREVIEWED,UNREVIEWED,UNREVIEWED,UNREVIEWED,UNREVIEWED,UNREVIEWED,LEGAL_REVIEW_REQUIRED,https://comptroller.texas.gov/taxes/property-tax/county-directory/yoakum.php,2026-09-16,DIRECTORY_LISTED by TX Comptroller. Site not fetched; terms not reviewed.
TX,Young,County Tax Assessor-Collector,www.co.young.tx.us,ANNUAL_TAX|DELINQUENT_TAX|PAYMENT_STATUS|TAX_SALE,UNREVIEWED,UNREVIEWED,UNREVIEWED,UNREVIEWED,UNREVIEWED,UNREVIEWED,UNREVIEWED,UNREVIEWED,UNREVIEWED,UNREVIEWED,UNREVIEWED,UNREVIEWED,LEGAL_REVIEW_REQUIRED,https://comptroller.texas.gov/taxes/property-tax/county-directory/young.php,2026-09-16,DIRECTORY_LISTED by TX Comptroller. Site not fetched; terms not reviewed.
TX,Zapata,County Appraisal District,zapatacad.com,PROPERTY_IDENTITY|PARCEL_ID|ADDRESS|LEGAL_DESCRIPTION|PROPERTY_TYPE|ACREAGE|MARKET_VALUE|APPRAISED_VALUE|TAXABLE_VALUE|OWNERSHIP|PROPERTY_CHARACTERISTICS|GIS,UNREVIEWED,UNREVIEWED,UNREVIEWED,UNREVIEWED,UNREVIEWED,UNREVIEWED,UNREVIEWED,UNREVIEWED,UNREVIEWED,UNREVIEWED,UNREVIEWED,UNREVIEWED,LEGAL_REVIEW_REQUIRED,https://comptroller.texas.gov/taxes/property-tax/county-directory/zapata.php,2026-09-16,DIRECTORY_LISTED by TX Comptroller. Site not fetched; terms not reviewed.
TX,Zapata,County Tax Assessor-Collector,www.co.zapata.tx.us,ANNUAL_TAX|DELINQUENT_TAX|PAYMENT_STATUS|TAX_SALE,UNREVIEWED,UNREVIEWED,UNREVIEWED,UNREVIEWED,UNREVIEWED,UNREVIEWED,UNREVIEWED,UNREVIEWED,UNREVIEWED,UNREVIEWED,UNREVIEWED,UNREVIEWED,LEGAL_REVIEW_REQUIRED,https://comptroller.texas.gov/taxes/property-tax/county-directory/zapata.php,2026-09-16,DIRECTORY_LISTED by TX Comptroller. Site not fetched; terms not reviewed.
TX,Zavala,County Appraisal District,www.zavalacad.com,PROPERTY_IDENTITY|PARCEL_ID|ADDRESS|LEGAL_DESCRIPTION|PROPERTY_TYPE|ACREAGE|MARKET_VALUE|APPRAISED_VALUE|TAXABLE_VALUE|OWNERSHIP|PROPERTY_CHARACTERISTICS|GIS,UNREVIEWED,UNREVIEWED,UNREVIEWED,UNREVIEWED,UNREVIEWED,UNREVIEWED,UNREVIEWED,UNREVIEWED,UNREVIEWED,UNREVIEWED,UNREVIEWED,UNREVIEWED,LEGAL_REVIEW_REQUIRED,https://comptroller.texas.gov/taxes/property-tax/county-directory/zavala.php,2026-09-16,DIRECTORY_LISTED by TX Comptroller. Site not fetched; terms not reviewed.
TX,Zavala,County Tax Assessor-Collector,www.co.zavala.tx.us,ANNUAL_TAX|DELINQUENT_TAX|PAYMENT_STATUS|TAX_SALE,UNREVIEWED,UNREVIEWED,UNREVIEWED,UNREVIEWED,UNREVIEWED,UNREVIEWED,UNREVIEWED,UNREVIEWED,UNREVIEWED,UNREVIEWED,UNREVIEWED,UNREVIEWED,LEGAL_REVIEW_REQUIRED,https://comptroller.texas.gov/taxes/property-tax/county-directory/zavala.php,2026-09-16,DIRECTORY_LISTED by TX Comptroller. Site not fetched; terms not reviewed.
